TransactionID,Items
T000001,"Cream,Paper_Towels,Nuts"
T000002,"Pasta,Cheese,Bread,Fish,Juice,Water,Detergent,Tea"
T000003,"Frozen_Dinners,Nuts,Oranges"
T000004,"Chicken,Shampoo,Frozen_Vegetables"
T000005,"Ice_Cream,Tomatoes,Donuts,Juice,Chicken,Bread"
T000006,"Frozen_Dinners,Frozen_Vegetables,Cookies"
T000007,"Bagels,Fish,Shampoo,Cheese,Oranges,Butter"
T000008,"Bread,Apples,Frozen_Pizza"
T000009,"Deodorant,Apples"
T000010,"Chocolate,Bagels,Cheese,Apples,Trash_Bags,Turkey"
T000011,"Apples,Soap,Tea"
T000012,"Coffee,Sugar,Frozen_Vegetables,Toothpaste,Pork,Oranges,Ice_Cream,Muffins"
T000013,"Bread,Jelly,Frozen_Dinners,Pork,Trash_Bags,Nuts,Turkey"
T000014,"Chicken,Dish_Soap,Chips,Detergent,Nuts,Bagels,Paper_Towels"
T000015,"Milk,Cereal,Trash_Bags,Cheese"
T000016,"Tea,Cookies,Dish_Soap,Shampoo,Beef"
T000017,"Tea,Dish_Soap,Water,Bread,Croissants"
T000018,"Bananas,Fish,Lettuce,Crackers"
T000019,"Chips,Dip,Paper_Towels,Bagels"
T000020,"Bread,Paper_Towels,Trash_Bags,Dish_Soap,Nuts"
T000021,"Cookies,Chicken,Dish_Soap,Croissants,Muffins,Pork,Bread"
T000022,"Cheese,Juice,Cookies"
T000023,"Donuts,Oranges,Deodorant,Bananas,Cream,Bread"
T000024,"Tomatoes,Beef,Lettuce,Ice_Cream,Deodorant"
T000025,"Bagels,Butter,Frozen_Pizza"
T000026,"Beef,Ice_Cream,Apples,Soap,Bananas,Muffins,Chocolate,Chicken"
T000027,"Cheese,Milk,Ice_Cream,Nuts,Deodorant,Frozen_Pizza"
T000028,"Frozen_Pizza,Frozen_Vegetables,Cookies,Ice_Cream,Tea,Water"
T000029,"Shampoo,Juice,Chicken,Bagels"
T000030,"Dip,Soda,Oranges,Water,Tea,Butter,Pork,Frozen_Pizza"
T000031,"Apples,Frozen_Pizza,Soap,Trash_Bags,Pork"
T000032,"Tomato_Sauce,Pasta,Soda,Frozen_Dinners"
T000033,"Deodorant,Nuts,Paper_Towels,Soda,Bananas,Tomatoes,Trash_Bags,Chocolate"
T000034,"Frozen_Vegetables,Nuts"
T000035,"Juice,Fish,Chocolate,Frozen_Dinners,Beef,Detergent,Muffins,Turkey"
T000036,"Paper_Towels,Frozen_Dinners,Apples,Cheese"
T000037,"Soap,Apples,Toothpaste,Chicken,Cream"
T000038,"Shampoo,Turkey,Yogurt,Frozen_Dinners,Detergent,Pork,Dish_Soap,Tea"
T000039,"Paper_Towels,Dish_Soap,Water,Croissants,Cream,Ice_Cream,Nuts"
T000040,"Muffins,Bananas,Tomatoes,Trash_Bags"
T000041,"Bananas,Cereal,Croissants,Dish_Soap,Yogurt,Muffins,Cream,Deodorant,Soda"
T000042,"Whipped_Cream,Chocolate_Syrup,Bananas,Ice_Cream,Detergent,Milk,Frozen_Dinners,Bagels,Paper_Towels,Butter"
T000043,"Cream,Ice_Cream,Soap,Fish,Oranges,Frozen_Vegetables,Tea"
T000044,"Cream,Paper_Towels,Frozen_Vegetables"
T000045,"Soap,Paper_Towels,Chicken,Juice"
T000046,"Pork,Ice_Cream,Chocolate,Bagels,Deodorant,Milk,Cheese"
T000047,"Cookies,Turkey,Soap,Bagels,Frozen_Dinners"
T000048,"Tomatoes,Apples,Frozen_Vegetables,Chicken,Shampoo,Soap"
T000049,"Soap,Nuts,Chocolate,Bagels"
T000050,"Deodorant,Butter,Soap"
T000051,"Beef,Croissants,Dish_Soap,Toothpaste,Milk"
T000052,"Dish_Soap,Soap"
T000053,"Frozen_Vegetables,Soda,Lettuce"
T000054,"Chips,Beer,Dish_Soap,Frozen_Pizza,Cheese,Tea,Turkey,Oranges,Bread,Apples"
T000055,"Trash_Bags,Butter,Juice"
T000056,"Chips,Dip,Fish,Trash_Bags,Cream,Bagels,Deodorant,Dish_Soap,Pork"
T000057,"Ice_Cream,Lettuce"
T000058,"Salsa,Beer,Paper_Towels,Donuts,Apples,Nuts,Frozen_Vegetables,Yogurt,Cream"
T000059,"Beer,Salsa,Oranges,Dish_Soap,Croissants,Muffins,Bananas,Ice_Cream,Deodorant,Chocolate"
T000060,"Cream,Butter,Apples,Nuts,Deodorant,Frozen_Vegetables,Water,Bagels"
T000061,"Ice_Cream,Chocolate_Syrup,Trash_Bags,Soap,Lettuce,Milk,Chocolate"
T000062,"Lettuce,Trash_Bags,Frozen_Vegetables,Juice,Deodorant,Soda,Muffins"
T000063,"Tomatoes,Frozen_Pizza,Croissants,Frozen_Dinners"
T000064,"Ice_Cream,Deodorant,Apples,Cookies,Trash_Bags,Tea"
T000065,"Dish_Soap,Tea,Shampoo"
T000066,"Tomatoes,Lettuce,Beef,Trash_Bags,Fish,Toothpaste"
T000067,"Soda,Pork,Shampoo,Tomatoes,Croissants,Butter"
T000068,"Vegetables,Rice,Cream,Coffee,Paper_Towels,Chocolate,Nuts"
T000069,"Shampoo,Juice"
T000070,"Yogurt,Soda,Cheese,Crackers,Frozen_Pizza,Soap"
T000071,"Ice_Cream,Fish,Bagels,Trash_Bags,Deodorant,Cream,Cookies"
T000072,"Toothpaste,Cheese,Coffee,Donuts,Paper_Towels,Trash_Bags"
T000073,"Butter,Milk,Chicken,Detergent,Soap"
T000074,"Water,Juice,Turkey,Frozen_Dinners,Butter"
T000075,"Oranges,Nuts,Ice_Cream,Muffins"
T000076,"Shampoo,Dish_Soap,Frozen_Dinners,Deodorant,Yogurt,Donuts"
T000077,"Cheese,Ice_Cream,Detergent,Milk,Bread,Beef,Tea"
T000078,"Lettuce,Pork"
T000079,"Muffins,Juice,Donuts,Toothpaste"
T000080,"Bananas,Milk,Fish,Oranges,Pork"
T000081,"Coffee,Bread,Chips"
T000082,"Pork,Shampoo,Paper_Towels,Croissants,Juice,Coffee,Chocolate"
T000083,"Coffee,Chicken,Oranges,Shampoo"
T000084,"Deodorant,Fish,Paper_Towels,Apples,Dish_Soap,Donuts,Bagels"
T000085,"Beef,Detergent,Cheese"
T000086,"Cheese,Chocolate,Tea,Turkey"
T000087,"Cheese,Pasta,Water,Croissants,Tomatoes"
T000088,"Ice_Cream,Soap,Cream,Muffins,Tomatoes,Dish_Soap"
T000089,"Soap,Juice,Frozen_Vegetables,Tea"
T000090,"Cookies,Cheese,Water,Deodorant,Tomatoes,Pork"
T000091,"Detergent,Butter,Apples,Yogurt,Toothpaste"
T000092,"Coffee,Sugar,Dish_Soap,Bread,Juice,Muffins"
T000093,"Frozen_Vegetables,Shampoo,Toothpaste"
T000094,"Soap,Bananas,Tea,Apples,Soda,Cheese,Juice"
T000095,"Vegetables,Chicken,Juice,Pork"
T000096,"Tea,Dish_Soap,Butter,Toothpaste,Tomatoes,Lettuce"
T000097,"Detergent,Chocolate,Pork"
T000098,"Cookies,Bananas,Oranges,Milk"
T000099,"Sugar,Coffee,Muffins,Fish,Frozen_Pizza"
T000100,"Bananas,Juice,Milk,Toothpaste,Croissants"
T000101,"Sugar,Coffee,Frozen_Pizza,Apples,Butter,Bananas,Yogurt"
T000102,"Milk,Cereal,Cookies,Shampoo,Donuts,Bagels,Trash_Bags"
T000103,"Milk,Muffins,Croissants,Tomatoes"
T000104,"Frozen_Pizza,Juice,Chicken,Toothpaste,Cheese,Frozen_Vegetables,Coffee,Trash_Bags"
T000105,"Bananas,Milk,Frozen_Vegetables,Yogurt,Crackers,Paper_Towels,Fish,Tea"
T000106,"Coffee,Frozen_Vegetables,Trash_Bags,Tea"
T000107,"Frozen_Vegetables,Deodorant,Nuts,Apples,Muffins,Pork"
T000108,"Toothpaste,Muffins,Cheese,Frozen_Dinners"
T000109,"Apples,Frozen_Pizza,Bread,Soda"
T000110,"Deodorant,Ice_Cream"
T000111,"Jelly,Peanut_Butter,Cheese,Oranges,Yogurt,Cookies,Tomatoes"
T000112,"Trash_Bags,Turkey,Tomatoes,Frozen_Vegetables,Ice_Cream"
T000113,"Yogurt,Crackers,Paper_Towels,Frozen_Dinners,Toothpaste,Muffins"
T000114,"Tea,Bread,Frozen_Pizza"
T000115,"Frozen_Pizza,Dish_Soap,Cheese,Turkey,Cookies,Frozen_Vegetables"
T000116,"Butter,Bread,Bananas,Detergent,Frozen_Vegetables,Cream,Yogurt"
T000117,"Soap,Bagels,Apples,Bananas"
T000118,"Detergent,Milk,Juice,Water"
T000119,"Ice_Cream,Trash_Bags"
T000120,"Donuts,Turkey,Nuts,Frozen_Vegetables,Toothpaste,Trash_Bags"
T000121,"Croissants,Frozen_Vegetables,Cream,Tomatoes,Crackers"
T000122,"Frozen_Pizza,Juice"
T000123,"Beef,Toothpaste,Paper_Towels"
T000124,"Bagels,Juice"
T000125,"Coffee,Cream"
T000126,"Cereal,Bananas,Paper_Towels,Fish"
T000127,"Nuts,Tomatoes,Bagels,Toothpaste"
T000128,"Tomatoes,Detergent,Toothpaste,Milk"
T000129,"Lettuce,Ice_Cream,Muffins,Apples,Oranges,Cream,Frozen_Vegetables,Chocolate"
T000130,"Frozen_Vegetables,Water,Soap,Ice_Cream"
T000131,"Coffee,Sugar,Paper_Towels,Toothpaste,Fish"
T000132,"Chips,Shampoo,Ice_Cream,Frozen_Vegetables,Chicken,Muffins"
T000133,"Chips,Soda,Juice,Muffins,Cream,Yogurt,Tea"
T000134,"Pork,Yogurt,Trash_Bags"
T000135,"Peanut_Butter,Bread,Nuts,Frozen_Pizza,Juice,Oranges,Croissants,Frozen_Vegetables,Toothpaste"
T000136,"Apples,Soap"
T000137,"Pasta,Cheese,Beef,Water"
T000138,"Deodorant,Bananas,Turkey,Cookies,Juice,Frozen_Pizza"
T000139,"Shampoo,Butter"
T000140,"Bagels,Nuts"
T000141,"Pasta,Cheese,Juice,Soap,Dish_Soap,Donuts,Paper_Towels,Pork"
T000142,"Water,Nuts,Frozen_Vegetables,Cheese,Apples,Muffins"
T000143,"Paper_Towels,Oranges,Cheese,Lettuce,Shampoo,Soap"
T000144,"Butter,Shampoo,Croissants,Tea,Frozen_Dinners,Apples"
T000145,"Chicken,Rice,Bread,Croissants,Frozen_Pizza,Deodorant,Oranges,Ice_Cream"
T000146,"Frozen_Pizza,Chips"
T000147,"Bagels,Toothpaste"
T000148,"Chips,Dip,Detergent,Cheese,Paper_Towels"
T000149,"Ice_Cream,Soap,Beef,Pork"
T000150,"Pork,Soap"
T000151,"Chips,Dip,Yogurt,Shampoo,Milk,Trash_Bags,Muffins,Paper_Towels"
T000152,"Jelly,Bread,Detergent,Frozen_Pizza"
T000153,"Beef,Coffee"
T000154,"Water,Beef,Cheese"
T000155,"Bagels,Tomatoes"
T000156,"Pork,Turkey,Chips,Shampoo,Chocolate"
T000157,"Beef,Detergent,Bagels,Bread,Bananas"
T000158,"Chips,Dip,Trash_Bags,Deodorant,Tea,Detergent"
T000159,"Trash_Bags,Yogurt,Donuts,Apples"
T000160,"Cookies,Shampoo,Trash_Bags"
T000161,"Frozen_Pizza,Yogurt,Soap,Donuts,Toothpaste"
T000162,"Cookies,Fish,Frozen_Vegetables,Yogurt,Pork,Soap,Lettuce"
T000163,"Deodorant,Frozen_Pizza,Turkey"
T000164,"Pork,Detergent,Cream,Donuts"
T000165,"Fish,Soap,Deodorant,Bananas,Shampoo,Chicken"
T000166,"Paper_Towels,Cream,Frozen_Dinners,Beef"
T000167,"Milk,Beef"
T000168,"Croissants,Paper_Towels,Shampoo,Bagels"
T000169,"Chicken,Bananas,Oranges,Turkey,Detergent,Frozen_Pizza,Deodorant,Soda"
T000170,"Croissants,Ice_Cream,Pork,Soap"
T000171,"Detergent,Chips,Bagels"
T000172,"Soap,Croissants"
T000173,"Frozen_Vegetables,Chips,Lettuce,Butter,Yogurt,Cream,Trash_Bags"
T000174,"Beef,Lettuce,Bagels,Cheese,Cream,Milk,Croissants,Chips"
T000175,"Tomato_Sauce,Pasta,Chocolate,Tea,Water,Cream,Tomatoes,Frozen_Dinners"
T000176,"Frozen_Vegetables,Bananas,Water,Trash_Bags,Apples"
T000177,"Detergent,Muffins,Chips,Bananas,Shampoo"
T000178,"Butter,Tea"
T000179,"Toothpaste,Lettuce,Bananas,Fish,Bread"
T000180,"Bread,Chocolate,Chips,Frozen_Pizza"
T000181,"Ice_Cream,Cookies,Nuts,Chips,Turkey"
T000182,"Juice,Donuts"
T000183,"Water,Pork,Coffee,Yogurt,Soda"
T000184,"Milk,Bread,Dish_Soap,Cookies,Bagels,Trash_Bags"
T000185,"Soda,Soap,Cookies"
T000186,"Lettuce,Beef,Hamburger_Buns,Ice_Cream,Crackers,Frozen_Pizza"
T000187,"Peanut_Butter,Bread,Butter,Frozen_Dinners,Pork,Tomatoes"
T000188,"Turkey,Milk,Coffee,Frozen_Dinners,Frozen_Pizza,Deodorant,Chips"
T000189,"Juice,Milk,Deodorant"
T000190,"Dish_Soap,Water,Juice,Coffee,Nuts,Yogurt"
T000191,"Chips,Soda,Ice_Cream,Bagels,Shampoo,Pork,Paper_Towels,Muffins,Juice,Nuts"
T000192,"Milk,Bagels,Detergent,Beef,Cookies,Cream"
T000193,"Water,Bananas,Deodorant,Oranges,Tomatoes"
T000194,"Ice_Cream,Butter"
T000195,"Salsa,Beer,Tea,Cheese"
T000196,"Cereal,Milk,Ice_Cream,Yogurt"
T000197,"Ice_Cream,Whipped_Cream,Crackers,Trash_Bags,Coffee,Oranges,Pork,Water,Bananas"
T000198,"Nuts,Ice_Cream,Toothpaste"
T000199,"Nuts,Milk"
T000200,"Pork,Bananas"
T000201,"Muffins,Oranges,Beef,Nuts,Deodorant,Dish_Soap,Lettuce"
T000202,"Coffee,Cream,Oranges,Yogurt,Croissants,Chocolate"
T000203,"Bread,Butter,Soap,Yogurt,Milk,Apples,Donuts"
T000204,"Yogurt,Bananas"
T000205,"Oranges,Apples,Muffins,Frozen_Dinners,Tea,Croissants,Yogurt"
T000206,"Cheese,Pasta,Nuts,Lettuce,Chicken,Cookies"
T000207,"Muffins,Tea,Deodorant,Coffee,Frozen_Vegetables,Chips,Chicken"
T000208,"Yogurt,Milk,Cream,Oranges,Deodorant,Chicken"
T000209,"Crackers,Frozen_Dinners,Cream,Ice_Cream,Pork,Soap"
T000210,"Tomatoes,Dish_Soap,Cheese,Deodorant,Juice,Bread,Shampoo"
T000211,"Whipped_Cream,Ice_Cream,Frozen_Vegetables,Shampoo,Detergent,Frozen_Pizza,Crackers,Cookies"
T000212,"Toothpaste,Milk,Frozen_Pizza"
T000213,"Vegetables,Chicken,Apples,Milk,Chocolate,Bread"
T000214,"Butter,Coffee,Turkey,Apples,Ice_Cream,Donuts"
T000215,"Beer,Salsa,Lettuce,Shampoo,Crackers,Pork,Trash_Bags,Bagels,Cheese"
T000216,"Ice_Cream,Frozen_Pizza,Bread,Coffee,Milk,Crackers,Butter,Paper_Towels"
T000217,"Butter,Milk,Bread,Chips,Frozen_Vegetables,Toothpaste,Water"
T000218,"Butter,Bread,Frozen_Vegetables,Nuts"
T000219,"Soda,Dip,Deodorant,Tea,Milk,Frozen_Pizza,Juice"
T000220,"Chips,Soda,Ice_Cream,Apples,Yogurt,Bananas,Donuts,Soap"
T000221,"Nuts,Water,Pork,Milk,Yogurt,Chicken"
T000222,"Tomato_Sauce,Pasta,Oranges,Shampoo,Water,Chocolate,Cookies,Ice_Cream,Tea"
T000223,"Bananas,Tomatoes"
T000224,"Chicken,Bagels"
T000225,"Apples,Soap"
T000226,"Oranges,Yogurt,Lettuce,Tomatoes,Shampoo,Frozen_Vegetables"
T000227,"Bananas,Deodorant,Cookies,Croissants,Detergent"
T000228,"Yogurt,Frozen_Dinners,Ice_Cream,Soap,Bagels,Deodorant,Pork,Tea"
T000229,"Juice,Coffee,Ice_Cream,Shampoo,Detergent,Oranges,Deodorant,Cookies"
T000230,"Bananas,Turkey,Chocolate"
T000231,"Butter,Fish"
T000232,"Butter,Frozen_Pizza"
T000233,"Chips,Frozen_Vegetables,Turkey"
T000234,"Milk,Cereal,Chips,Yogurt,Beef,Donuts,Shampoo,Tomatoes,Dish_Soap"
T000235,"Bananas,Soda,Tea,Juice,Coffee"
T000236,"Lettuce,Chips"
T000237,"Donuts,Nuts,Soap,Tea,Frozen_Dinners"
T000238,"Salsa,Chips,Chocolate,Soap,Nuts,Tea,Paper_Towels,Bread"
T000239,"Frozen_Vegetables,Chips,Soap,Coffee,Shampoo"
T000240,"Croissants,Deodorant,Soap,Frozen_Vegetables,Soda,Tomatoes"
T000241,"Tomato_Sauce,Cheese,Crackers,Ice_Cream,Donuts"
T000242,"Beef,Ice_Cream,Croissants,Coffee,Butter,Chocolate,Trash_Bags,Apples"
T000243,"Detergent,Tomatoes,Apples,Frozen_Vegetables,Soap"
T000244,"Chocolate_Syrup,Ice_Cream,Croissants,Nuts,Deodorant,Beef,Water"
T000245,"Toothpaste,Cookies,Coffee,Chips"
T000246,"Apples,Fish,Shampoo,Nuts,Juice,Oranges,Milk,Deodorant"
T000247,"Muffins,Deodorant,Yogurt,Paper_Towels,Cheese,Bananas,Nuts"
T000248,"Dish_Soap,Chocolate,Deodorant,Frozen_Dinners,Bananas,Butter"
T000249,"Soap,Bread,Trash_Bags,Beef,Frozen_Pizza,Donuts,Chocolate"
T000250,"Butter,Bread,Shampoo,Soda,Crackers,Trash_Bags,Beef,Pork"
T000251,"Tea,Soda,Juice,Shampoo,Trash_Bags"
T000252,"Vegetables,Rice,Trash_Bags,Nuts,Bread,Frozen_Pizza"
T000253,"Cream,Sugar,Shampoo,Dish_Soap,Detergent"
T000254,"Crackers,Yogurt,Dish_Soap,Soda,Toothpaste"
T000255,"Muffins,Cream,Donuts,Coffee"
T000256,"Chips,Bread,Soda,Cheese,Cream,Yogurt,Tomatoes,Ice_Cream"
T000257,"Butter,Bread,Deodorant,Cookies"
T000258,"Apples,Oranges"
T000259,"Whipped_Cream,Chocolate_Syrup,Juice,Bananas,Chicken"
T000260,"Coffee,Cream,Frozen_Dinners,Paper_Towels,Dish_Soap"
T000261,"Chicken,Apples,Turkey,Dish_Soap,Beef,Trash_Bags,Frozen_Pizza,Tea"
T000262,"Bagels,Donuts,Dish_Soap,Ice_Cream,Cookies,Fish"
T000263,"Butter,Bread,Paper_Towels,Pork,Donuts"
T000264,"Trash_Bags,Apples,Detergent,Deodorant,Dish_Soap,Milk"
T000265,"Milk,Bread"
T000266,"Ice_Cream,Lettuce,Detergent,Butter,Fish,Chocolate,Tea,Paper_Towels"
T000267,"Bagels,Shampoo,Crackers,Water"
T000268,"Bread,Coffee,Water,Ice_Cream"
T000269,"Soda,Chips,Chocolate,Pork,Bagels"
T000270,"Milk,Cereal,Tea,Water,Deodorant,Apples"
T000271,"Water,Turkey,Oranges,Frozen_Pizza,Bananas,Bread"
T000272,"Lettuce,Toothpaste,Water,Beef"
T000273,"Tomatoes,Lettuce,Muffins,Toothpaste,Ice_Cream,Detergent"
T000274,"Dip,Chips,Coffee,Yogurt,Bagels,Cookies,Oranges,Shampoo"
T000275,"Bagels,Frozen_Pizza,Shampoo,Tomatoes,Croissants,Oranges,Toothpaste"
T000276,"Tea,Crackers,Nuts,Turkey"
T000277,"Cream,Cheese,Beef,Deodorant,Shampoo,Detergent"
T000278,"Nuts,Water"
T000279,"Cheese,Tomato_Sauce,Beef,Deodorant,Coffee,Water,Muffins,Bananas,Soda"
T000280,"Hamburger_Buns,Tomatoes,Beef,Bagels,Turkey,Donuts,Croissants"
T000281,"Chicken,Frozen_Pizza,Detergent,Soda,Cheese"
T000282,"Lettuce,Bread,Apples,Fish,Tea,Shampoo,Chicken"
T000283,"Frozen_Vegetables,Turkey"
T000284,"Tomato_Sauce,Cheese,Oranges,Juice,Detergent,Lettuce,Frozen_Dinners"
T000285,"Milk,Frozen_Vegetables"
T000286,"Vegetables,Rice,Ice_Cream,Trash_Bags,Croissants,Soap,Turkey"
T000287,"Peanut_Butter,Jelly,Croissants,Water,Oranges,Shampoo,Deodorant,Beef,Detergent,Paper_Towels"
T000288,"Tomato_Sauce,Pasta,Soap,Yogurt"
T000289,"Bananas,Cheese,Soap,Coffee,Detergent"
T000290,"Beef,Tomatoes,Chips,Cookies,Lettuce,Deodorant,Muffins,Ice_Cream,Milk"
T000291,"Paper_Towels,Croissants,Tomatoes,Muffins,Turkey,Oranges,Cream"
T000292,"Detergent,Croissants"
T000293,"Frozen_Pizza,Frozen_Dinners,Cookies,Apples"
T000294,"Bread,Milk,Dish_Soap,Muffins,Soda,Detergent"
T000295,"Shampoo,Dish_Soap,Yogurt,Tea,Tomatoes,Milk,Frozen_Dinners"
T000296,"Oranges,Turkey,Deodorant,Shampoo"
T000297,"Ice_Cream,Tomatoes"
T000298,"Tomato_Sauce,Cheese,Cream,Lettuce,Toothpaste,Detergent,Yogurt,Frozen_Dinners"
T000299,"Bananas,Crackers,Bagels,Deodorant,Dish_Soap,Soap,Cookies"
T000300,"Deodorant,Soda,Tea,Tomatoes,Croissants,Milk,Turkey"
T000301,"Frozen_Pizza,Cheese,Apples,Crackers,Deodorant,Chicken,Trash_Bags,Tomatoes"
T000302,"Lettuce,Water,Cookies,Donuts,Milk"
T000303,"Shampoo,Crackers,Water,Beef,Bananas"
T000304,"Shampoo,Ice_Cream,Apples,Beef"
T000305,"Detergent,Bread,Chips,Tea,Crackers,Fish,Lettuce,Ice_Cream"
T000306,"Ice_Cream,Chicken,Cookies,Cream,Frozen_Pizza"
T000307,"Whipped_Cream,Ice_Cream,Bananas,Dish_Soap"
T000308,"Turkey,Fish,Nuts,Bananas,Butter"
T000309,"Dish_Soap,Lettuce,Butter,Shampoo,Beef,Water,Muffins"
T000310,"Chips,Beer,Detergent,Fish,Bagels,Croissants,Beef,Cookies"
T000311,"Ice_Cream,Whipped_Cream,Cream,Soda,Cookies,Croissants,Detergent,Toothpaste,Chips,Frozen_Dinners"
T000312,"Soda,Chips,Toothpaste,Milk,Pork,Fish,Donuts,Oranges"
T000313,"Bread,Cheese"
T000314,"Fish,Butter,Water,Deodorant,Yogurt,Shampoo"
T000315,"Toothpaste,Detergent,Frozen_Pizza,Beef"
T000316,"Frozen_Dinners,Tea,Frozen_Vegetables,Frozen_Pizza"
T000317,"Ice_Cream,Chocolate_Syrup,Juice"
T000318,"Soap,Chocolate,Crackers"
T000319,"Soda,Chips,Turkey,Chocolate"
T000320,"Water,Turkey,Frozen_Vegetables,Juice,Cheese,Shampoo"
T000321,"Apples,Beef"
T000322,"Rice,Chicken,Milk,Tea,Frozen_Vegetables,Frozen_Pizza,Ice_Cream,Bagels,Dish_Soap"
T000323,"Chips,Shampoo"
T000324,"Chips,Dish_Soap,Frozen_Vegetables,Nuts,Tomatoes,Paper_Towels"
T000325,"Deodorant,Detergent,Apples,Ice_Cream"
T000326,"Detergent,Frozen_Dinners"
T000327,"Oranges,Water,Soap,Pork,Chicken"
T000328,"Chicken,Vegetables,Muffins,Juice,Deodorant,Chips,Frozen_Pizza,Frozen_Dinners,Croissants"
T000329,"Bananas,Donuts,Crackers,Juice,Cream,Nuts"
T000330,"Muffins,Paper_Towels,Pork,Frozen_Pizza,Deodorant,Beef"
T000331,"Cheese,Tomato_Sauce,Soda,Chocolate"
T000332,"Vegetables,Chicken,Soda,Ice_Cream,Nuts,Crackers,Tomatoes,Bread,Oranges"
T000333,"Chocolate_Syrup,Whipped_Cream,Cheese,Bagels,Detergent,Oranges,Chicken,Toothpaste"
T000334,"Bananas,Nuts,Donuts,Pork,Bread,Soap,Bagels"
T000335,"Shampoo,Yogurt,Chips,Turkey,Crackers,Nuts"
T000336,"Ice_Cream,Trash_Bags,Milk,Dish_Soap"
T000337,"Chips,Salsa,Tomatoes,Frozen_Pizza"
T000338,"Sugar,Cream,Chips,Beef,Cookies,Soap"
T000339,"Ice_Cream,Whipped_Cream,Soap,Trash_Bags,Bananas,Tomatoes"
T000340,"Nuts,Paper_Towels,Lettuce,Bananas,Frozen_Dinners,Croissants"
T000341,"Bananas,Tomatoes"
T000342,"Nuts,Juice"
T000343,"Lettuce,Frozen_Dinners"
T000344,"Frozen_Vegetables,Cookies"
T000345,"Rice,Vegetables,Frozen_Pizza,Fish"
T000346,"Butter,Milk,Soda,Cookies,Pork,Deodorant,Donuts,Chicken,Cheese"
T000347,"Tomatoes,Toothpaste,Chips,Frozen_Dinners"
T000348,"Lettuce,Beef,Dish_Soap,Juice,Tomatoes,Crackers"
T000349,"Rice,Chicken,Donuts,Turkey,Paper_Towels"
T000350,"Cookies,Frozen_Dinners,Soda"
T000351,"Chocolate,Trash_Bags,Coffee,Lettuce,Butter"
T000352,"Pasta,Tomato_Sauce,Frozen_Vegetables,Yogurt,Apples,Beef,Muffins,Water,Trash_Bags"
T000353,"Tea,Coffee,Shampoo,Tomatoes,Bagels,Crackers,Cheese,Water"
T000354,"Tomato_Sauce,Pasta,Bananas,Dish_Soap,Cheese,Coffee,Soda,Apples,Chips"
T000355,"Detergent,Cookies,Deodorant,Fish,Dish_Soap,Bananas"
T000356,"Bread,Milk,Ice_Cream,Paper_Towels"
T000357,"Yogurt,Shampoo,Donuts,Lettuce"
T000358,"Whipped_Cream,Chocolate_Syrup,Beef,Fish,Detergent"
T000359,"Deodorant,Ice_Cream,Bananas,Toothpaste,Oranges"
T000360,"Cream,Crackers,Tomatoes,Trash_Bags"
T000361,"Frozen_Pizza,Cookies"
T000362,"Ice_Cream,Chicken,Dish_Soap"
T000363,"Chips,Pork,Donuts,Bagels,Detergent,Chocolate"
T000364,"Vegetables,Chicken,Croissants,Trash_Bags,Milk,Apples,Bread,Tea"
T000365,"Trash_Bags,Shampoo,Deodorant"
T000366,"Cereal,Bananas,Donuts,Tea,Frozen_Dinners,Dish_Soap,Bagels,Oranges"
T000367,"Beer,Salsa,Tomatoes,Frozen_Pizza,Frozen_Dinners,Juice,Soda,Bananas,Chocolate"
T000368,"Oranges,Paper_Towels,Nuts,Donuts,Frozen_Vegetables,Bananas,Juice"
T000369,"Rice,Chicken,Pork,Dish_Soap,Juice,Fish"
T000370,"Dish_Soap,Pork,Deodorant"
T000371,"Muffins,Frozen_Vegetables,Tomatoes,Ice_Cream,Shampoo"
T000372,"Soap,Frozen_Dinners,Toothpaste,Croissants,Trash_Bags,Fish,Frozen_Pizza"
T000373,"Bananas,Milk,Nuts,Detergent,Soap,Beef,Bagels,Yogurt,Water"
T000374,"Cheese,Turkey,Chicken,Juice,Tea"
T000375,"Chocolate_Syrup,Whipped_Cream,Lettuce,Tomatoes"
T000376,"Oranges,Toothpaste,Tea,Milk,Trash_Bags,Crackers"
T000377,"Dish_Soap,Muffins,Bagels,Paper_Towels"
T000378,"Whipped_Cream,Ice_Cream,Chips,Frozen_Dinners,Toothpaste,Bread,Cheese"
T000379,"Donuts,Fish,Milk,Butter"
T000380,"Butter,Milk,Juice,Donuts,Cookies,Soap"
T000381,"Tea,Coffee"
T000382,"Milk,Coffee,Toothpaste,Bananas"
T000383,"Chocolate,Beef,Pork,Lettuce,Cream,Detergent"
T000384,"Cereal,Bananas,Cheese,Nuts,Juice"
T000385,"Soap,Crackers,Bread,Yogurt,Cream,Tomatoes,Chocolate"
T000386,"Cheese,Pasta,Crackers,Detergent,Frozen_Dinners,Tea,Trash_Bags,Butter,Coffee,Toothpaste"
T000387,"Muffins,Soap,Frozen_Dinners,Chocolate"
T000388,"Frozen_Dinners,Deodorant,Trash_Bags,Chips,Beef,Water"
T000389,"Trash_Bags,Toothpaste,Pork"
T000390,"Bagels,Chicken,Bananas"
T000391,"Chocolate,Frozen_Pizza,Bread,Frozen_Vegetables,Cheese"
T000392,"Ice_Cream,Chocolate_Syrup,Detergent,Soap,Cheese,Tea,Juice"
T000393,"Pasta,Tomato_Sauce,Bread,Chocolate,Chicken,Crackers"
T000394,"Shampoo,Paper_Towels"
T000395,"Apples,Detergent,Lettuce,Tomatoes"
T000396,"Crackers,Apples,Chocolate,Fish,Tomatoes"
T000397,"Juice,Soap,Bagels,Yogurt,Lettuce,Tomatoes,Water,Butter"
T000398,"Dish_Soap,Tea,Shampoo,Oranges,Yogurt,Turkey,Detergent,Beef"
T000399,"Beef,Apples,Crackers,Chicken,Frozen_Vegetables,Frozen_Dinners,Milk"
T000400,"Soda,Deodorant,Bananas,Chips,Frozen_Vegetables,Cheese,Detergent"
T000401,"Oranges,Soap,Crackers,Chocolate,Nuts"
T000402,"Soda,Deodorant"
T000403,"Cream,Sugar,Donuts,Frozen_Vegetables,Butter,Oranges,Frozen_Pizza"
T000404,"Toothpaste,Chocolate"
T000405,"Salsa,Chips,Ice_Cream"
T000406,"Yogurt,Paper_Towels,Tomatoes,Muffins,Ice_Cream,Frozen_Vegetables"
T000407,"Salsa,Beer,Trash_Bags,Bread,Oranges,Butter,Milk,Tea"
T000408,"Yogurt,Butter,Toothpaste"
T000409,"Coffee,Sugar,Chicken,Deodorant,Beef,Frozen_Pizza,Pork,Donuts"
T000410,"Frozen_Dinners,Nuts,Cookies,Muffins,Water,Fish,Butter"
T000411,"Butter,Deodorant,Donuts,Frozen_Vegetables,Bananas,Water"
T000412,"Crackers,Juice,Frozen_Dinners,Deodorant,Cream,Frozen_Pizza"
T000413,"Soda,Milk,Soap,Ice_Cream,Donuts,Detergent,Bananas,Chips"
T000414,"Tomato_Sauce,Cheese,Toothpaste,Bagels"
T000415,"Dip,Soda,Apples,Donuts,Turkey,Juice,Crackers,Tea"
T000416,"Sugar,Cream,Detergent,Bread,Tomatoes,Frozen_Vegetables,Fish,Chicken"
T000417,"Juice,Detergent,Toothpaste,Frozen_Dinners,Apples"
T000418,"Yogurt,Chocolate"
T000419,"Milk,Butter,Beef,Coffee,Deodorant,Tomatoes,Crackers,Paper_Towels,Frozen_Pizza"
T000420,"Bread,Beef,Coffee,Dish_Soap,Chocolate,Ice_Cream,Apples"
T000421,"Coffee,Ice_Cream,Toothpaste,Nuts"
T000422,"Paper_Towels,Bananas,Chocolate,Frozen_Vegetables"
T000423,"Beef,Oranges,Apples,Dish_Soap,Soap,Butter,Fish"
T000424,"Croissants,Coffee,Beef,Toothpaste,Frozen_Pizza"
T000425,"Soap,Turkey"
T000426,"Juice,Croissants,Lettuce,Oranges,Milk"
T000427,"Milk,Bananas,Apples,Yogurt,Chips,Soda"
T000428,"Dish_Soap,Trash_Bags,Bananas,Chocolate,Shampoo"
T000429,"Nuts,Fish,Chips,Soap,Bananas,Frozen_Vegetables,Cheese,Trash_Bags"
T000430,"Soda,Chips,Bread,Juice,Frozen_Vegetables,Lettuce,Bananas,Croissants"
T000431,"Cheese,Yogurt,Frozen_Vegetables,Bagels"
T000432,"Bread,Chicken,Pork,Butter"
T000433,"Deodorant,Cream,Oranges,Milk,Trash_Bags,Yogurt"
T000434,"Hamburger_Buns,Lettuce,Beef,Fish,Coffee,Paper_Towels,Muffins,Soap"
T000435,"Frozen_Vegetables,Frozen_Pizza,Donuts,Cookies,Water"
T000436,"Soda,Chicken,Oranges"
T000437,"Ice_Cream,Oranges"
T000438,"Frozen_Dinners,Water,Deodorant,Tea"
T000439,"Milk,Bananas,Water,Soda,Trash_Bags"
T000440,"Peanut_Butter,Bread,Detergent,Trash_Bags"
T000441,"Muffins,Frozen_Dinners"
T000442,"Butter,Frozen_Vegetables,Paper_Towels,Tea"
T000443,"Pork,Coffee,Detergent"
T000444,"Lettuce,Bagels,Beef,Dish_Soap,Donuts,Pork,Tea"
T000445,"Fish,Beef,Toothpaste,Yogurt,Tea"
T000446,"Chicken,Nuts,Crackers,Fish"
T000447,"Cheese,Detergent,Pork,Ice_Cream,Deodorant,Fish"
T000448,"Hamburger_Buns,Lettuce,Beef,Bagels,Paper_Towels,Apples,Dish_Soap,Turkey"
T000449,"Chocolate,Yogurt"
T000450,"Cream,Tea,Turkey"
T000451,"Tomatoes,Dish_Soap,Butter,Trash_Bags,Donuts,Pork"
T000452,"Sugar,Cream,Apples,Chocolate,Pork"
T000453,"Trash_Bags,Dish_Soap"
T000454,"Bagels,Trash_Bags,Water"
T000455,"Toothpaste,Lettuce,Fish,Tea"
T000456,"Coffee,Frozen_Vegetables,Paper_Towels,Bagels,Croissants,Muffins,Trash_Bags,Shampoo"
T000457,"Chips,Beer,Dish_Soap,Pork,Yogurt,Detergent,Frozen_Pizza"
T000458,"Deodorant,Trash_Bags,Lettuce,Apples,Chicken,Soap,Donuts"
T000459,"Soap,Turkey,Oranges,Butter,Tea,Ice_Cream"
T000460,"Beef,Hamburger_Buns,Tomatoes,Muffins,Dish_Soap,Trash_Bags,Cheese,Detergent"
T000461,"Juice,Paper_Towels,Yogurt,Detergent,Bananas,Ice_Cream"
T000462,"Sugar,Cream,Water,Donuts,Chips,Croissants"
T000463,"Milk,Cereal,Bagels,Nuts"
T000464,"Trash_Bags,Apples,Frozen_Dinners,Soap,Juice"
T000465,"Cereal,Bananas,Pork,Frozen_Vegetables,Nuts,Muffins,Frozen_Dinners"
T000466,"Bagels,Fish,Turkey,Frozen_Vegetables"
T000467,"Beef,Pork,Cream,Chocolate"
T000468,"Juice,Trash_Bags,Frozen_Vegetables,Lettuce,Frozen_Dinners"
T000469,"Cheese,Frozen_Pizza,Bread,Water"
T000470,"Peanut_Butter,Bread,Lettuce,Muffins,Frozen_Pizza,Butter,Fish"
T000471,"Frozen_Dinners,Soap,Fish"
T000472,"Frozen_Vegetables,Detergent,Coffee,Paper_Towels,Pork"
T000473,"Bagels,Muffins,Frozen_Pizza"
T000474,"Fish,Dish_Soap,Frozen_Pizza,Ice_Cream,Milk,Frozen_Dinners,Detergent"
T000475,"Trash_Bags,Dish_Soap,Fish,Shampoo"
T000476,"Tea,Coffee,Frozen_Pizza,Ice_Cream"
T000477,"Yogurt,Muffins,Frozen_Dinners"
T000478,"Frozen_Pizza,Dish_Soap,Crackers,Turkey,Ice_Cream,Frozen_Dinners,Trash_Bags"
T000479,"Water,Deodorant,Dish_Soap,Turkey,Donuts,Apples,Frozen_Pizza,Toothpaste"
T000480,"Milk,Bananas,Deodorant,Cheese,Beef"
T000481,"Frozen_Dinners,Chicken,Frozen_Vegetables,Cream"
T000482,"Milk,Chocolate"
T000483,"Detergent,Croissants"
T000484,"Cheese,Pasta,Crackers,Donuts,Frozen_Dinners,Dish_Soap,Muffins,Lettuce"
T000485,"Tomatoes,Water,Deodorant"
T000486,"Frozen_Pizza,Croissants,Tea,Frozen_Dinners,Water,Paper_Towels,Pork"
T000487,"Ice_Cream,Frozen_Vegetables,Frozen_Pizza"
T000488,"Chicken,Frozen_Dinners,Yogurt,Cheese"
T000489,"Deodorant,Nuts,Apples,Soda"
T000490,"Chips,Yogurt,Bagels,Crackers,Frozen_Pizza,Lettuce"
T000491,"Beef,Toothpaste,Tea"
T000492,"Dish_Soap,Soap,Deodorant,Croissants"
T000493,"Chips,Beer,Trash_Bags,Tea,Detergent"
T000494,"Butter,Trash_Bags,Tomatoes,Chocolate,Chicken,Lettuce,Shampoo,Crackers"
T000495,"Soda,Dip,Fish,Muffins,Paper_Towels,Cheese,Cookies,Pork,Chicken"
T000496,"Lettuce,Paper_Towels,Turkey,Frozen_Pizza,Fish,Bananas,Toothpaste"
T000497,"Peanut_Butter,Jelly,Nuts,Paper_Towels,Tomatoes,Oranges,Crackers,Bagels,Beef,Chicken"
T000498,"Tomatoes,Beef,Apples,Water,Cheese,Turkey,Ice_Cream,Juice"
T000499,"Shampoo,Water,Turkey,Toothpaste"
T000500,"Jelly,Bread,Apples,Chips,Yogurt"
T000501,"Vegetables,Chicken,Turkey,Muffins,Soda,Frozen_Vegetables,Shampoo,Bread,Lettuce"
T000502,"Pork,Detergent,Deodorant,Soap,Turkey,Soda,Chicken,Frozen_Vegetables"
T000503,"Frozen_Dinners,Apples,Juice,Shampoo,Lettuce,Chips,Tea"
T000504,"Chips,Salsa,Butter,Crackers,Yogurt,Ice_Cream,Deodorant,Cream"
T000505,"Jelly,Peanut_Butter,Soap,Muffins,Trash_Bags,Detergent"
T000506,"Deodorant,Muffins,Apples,Soda,Oranges,Yogurt"
T000507,"Water,Paper_Towels"
T000508,"Toothpaste,Deodorant,Bread"
T000509,"Detergent,Chicken,Bread,Juice,Crackers,Beef"
T000510,"Cereal,Bananas,Croissants,Cheese,Coffee,Soap,Deodorant,Milk"
T000511,"Detergent,Milk,Cheese,Butter,Bread,Trash_Bags"
T000512,"Cream,Sugar,Toothpaste,Detergent,Beef,Tomatoes,Yogurt"
T000513,"Bananas,Cookies,Bagels,Milk"
T000514,"Dish_Soap,Tea,Yogurt,Frozen_Pizza"
T000515,"Dip,Chips,Fish,Milk,Soap,Detergent,Cookies,Deodorant,Bananas"
T000516,"Muffins,Tomatoes,Apples,Bagels,Turkey"
T000517,"Tomatoes,Lettuce,Beef,Muffins,Cream,Bananas"
T000518,"Dish_Soap,Crackers"
T000519,"Croissants,Yogurt"
T000520,"Cookies,Frozen_Pizza,Tomatoes,Tea,Chocolate,Lettuce"
T000521,"Dish_Soap,Paper_Towels,Chocolate,Pork,Milk,Soda,Ice_Cream,Yogurt"
T000522,"Paper_Towels,Muffins,Dish_Soap,Water,Lettuce,Donuts,Soda,Shampoo"
T000523,"Shampoo,Paper_Towels,Juice"
T000524,"Frozen_Pizza,Chips,Trash_Bags"
T000525,"Whipped_Cream,Ice_Cream,Deodorant,Fish,Soda,Shampoo,Paper_Towels,Croissants,Bananas,Cookies"
T000526,"Cookies,Trash_Bags,Dish_Soap,Lettuce"
T000527,"Chocolate,Juice,Cream,Frozen_Dinners"
T000528,"Chocolate,Paper_Towels"
T000529,"Apples,Tea,Beef,Milk,Yogurt,Paper_Towels"
T000530,"Soap,Crackers,Oranges,Milk,Water,Ice_Cream"
T000531,"Lettuce,Tomatoes,Hamburger_Buns,Apples,Soda,Detergent,Bagels,Donuts,Milk,Shampoo"
T000532,"Cheese,Tomato_Sauce,Frozen_Pizza,Frozen_Vegetables"
T000533,"Cheese,Cookies,Beef,Donuts,Detergent,Dish_Soap"
T000534,"Whipped_Cream,Chocolate_Syrup,Shampoo,Frozen_Dinners,Paper_Towels,Fish"
T000535,"Sugar,Cream,Coffee,Tomatoes,Butter,Ice_Cream,Detergent,Donuts"
T000536,"Hamburger_Buns,Beef,Tomatoes,Shampoo,Frozen_Dinners,Bananas,Crackers,Deodorant"
T000537,"Sugar,Cream,Dish_Soap,Detergent,Frozen_Pizza,Cheese"
T000538,"Lettuce,Paper_Towels,Turkey,Yogurt,Frozen_Pizza,Shampoo,Donuts"
T000539,"Cheese,Cream,Lettuce,Fish"
T000540,"Ice_Cream,Soda"
T000541,"Milk,Frozen_Vegetables,Fish,Bananas"
T000542,"Frozen_Pizza,Soda,Apples,Paper_Towels,Chicken,Nuts,Cream,Detergent"
T000543,"Lettuce,Milk,Ice_Cream,Trash_Bags"
T000544,"Pork,Donuts,Detergent,Nuts,Bananas"
T000545,"Crackers,Cookies,Lettuce,Milk,Detergent,Cream"
T000546,"Bananas,Milk,Butter,Paper_Towels,Ice_Cream"
T000547,"Chicken,Cookies,Bananas,Frozen_Vegetables,Soda,Detergent"
T000548,"Butter,Milk,Tomatoes,Coffee"
T000549,"Beef,Shampoo,Nuts,Chicken,Tomatoes"
T000550,"Yogurt,Chocolate,Fish,Cookies,Bagels,Trash_Bags,Cream,Cheese"
T000551,"Juice,Croissants,Ice_Cream,Cheese,Apples,Detergent,Cookies"
T000552,"Milk,Crackers,Soda,Paper_Towels"
T000553,"Crackers,Toothpaste,Soda,Water,Frozen_Pizza,Frozen_Dinners,Dish_Soap"
T000554,"Chicken,Croissants,Bagels,Dish_Soap,Deodorant,Muffins"
T000555,"Chips,Crackers,Yogurt,Toothpaste,Fish,Nuts,Lettuce"
T000556,"Detergent,Bread,Cookies,Paper_Towels,Nuts"
T000557,"Detergent,Oranges,Trash_Bags,Yogurt,Pork,Frozen_Dinners"
T000558,"Tomatoes,Toothpaste,Butter,Coffee,Frozen_Dinners,Milk"
T000559,"Trash_Bags,Chicken,Frozen_Vegetables,Beef,Frozen_Pizza,Donuts"
T000560,"Cheese,Turkey,Cookies,Beef,Milk,Frozen_Pizza"
T000561,"Chicken,Oranges,Lettuce,Butter,Shampoo"
T000562,"Tea,Yogurt,Bread"
T000563,"Soda,Frozen_Vegetables"
T000564,"Frozen_Dinners,Paper_Towels,Tea,Deodorant"
T000565,"Donuts,Cheese,Pork,Frozen_Vegetables,Bread,Dish_Soap"
T000566,"Bread,Bagels"
T000567,"Cream,Beef"
T000568,"Soda,Tomatoes,Toothpaste"
T000569,"Fish,Shampoo,Tea,Yogurt,Trash_Bags,Pork"
T000570,"Rice,Chicken,Bread,Oranges,Beef,Muffins,Toothpaste"
T000571,"Cheese,Tomato_Sauce,Croissants,Soap,Bananas"
T000572,"Peanut_Butter,Jelly,Bagels,Frozen_Vegetables,Tea,Water,Yogurt,Chicken,Nuts"
T000573,"Tomato_Sauce,Cheese,Chicken,Cookies,Tomatoes"
T000574,"Trash_Bags,Ice_Cream,Coffee,Turkey"
T000575,"Apples,Muffins"
T000576,"Chicken,Beef,Frozen_Pizza,Ice_Cream,Water"
T000577,"Milk,Butter,Pork,Detergent,Cookies"
T000578,"Chocolate_Syrup,Whipped_Cream,Frozen_Pizza,Deodorant,Nuts,Toothpaste"
T000579,"Apples,Toothpaste"
T000580,"Chips,Chocolate,Cheese"
T000581,"Ice_Cream,Chocolate_Syrup,Trash_Bags,Oranges,Bananas"
T000582,"Bananas,Toothpaste,Donuts,Milk,Turkey"
T000583,"Oranges,Bread,Shampoo"
T000584,"Tomatoes,Ice_Cream"
T000585,"Bananas,Pork"
T000586,"Paper_Towels,Cheese,Coffee"
T000587,"Soda,Dip,Turkey,Butter,Oranges"
T000588,"Milk,Cereal,Dish_Soap,Frozen_Dinners,Paper_Towels,Crackers"
T000589,"Dish_Soap,Tea,Soap,Chips"
T000590,"Rice,Chicken,Apples,Ice_Cream,Cream,Croissants"
T000591,"Milk,Bananas,Dish_Soap,Lettuce,Chocolate"
T000592,"Pasta,Tomato_Sauce,Cream,Chips,Apples,Frozen_Vegetables"
T000593,"Toothpaste,Fish,Apples,Paper_Towels,Butter,Yogurt,Bread"
T000594,"Soda,Paper_Towels,Deodorant,Bananas,Donuts,Pork,Soap"
T000595,"Tomatoes,Butter,Apples,Toothpaste,Chicken,Cookies"
T000596,"Beef,Muffins,Frozen_Vegetables,Ice_Cream,Oranges,Chocolate,Cheese"
T000597,"Rice,Vegetables,Pork,Butter"
T000598,"Bread,Chicken,Frozen_Dinners"
T000599,"Donuts,Soap"
T000600,"Frozen_Pizza,Tea,Bread,Nuts,Muffins"
T000601,"Vegetables,Rice,Chocolate,Paper_Towels,Cookies,Crackers,Juice,Ice_Cream"
T000602,"Bagels,Muffins,Dish_Soap,Frozen_Vegetables,Yogurt,Detergent,Ice_Cream"
T000603,"Cookies,Pork,Lettuce"
T000604,"Trash_Bags,Shampoo,Frozen_Vegetables"
T000605,"Soda,Chips,Fish,Paper_Towels,Deodorant,Yogurt,Frozen_Dinners,Bread,Bagels"
T000606,"Cream,Apples,Frozen_Pizza"
T000607,"Croissants,Cookies,Frozen_Vegetables,Ice_Cream,Beef,Coffee,Fish"
T000608,"Milk,Cookies,Dish_Soap"
T000609,"Tomato_Sauce,Pasta,Soda,Butter,Tea"
T000610,"Nuts,Deodorant,Water,Soap,Bread,Shampoo"
T000611,"Chicken,Vegetables,Toothpaste,Donuts,Yogurt,Soda,Oranges,Lettuce"
T000612,"Crackers,Butter,Frozen_Pizza"
T000613,"Paper_Towels,Butter,Cheese,Nuts,Lettuce,Tomatoes,Tea"
T000614,"Chips,Bread,Water,Croissants,Frozen_Dinners"
T000615,"Trash_Bags,Nuts,Turkey"
T000616,"Bread,Frozen_Dinners,Detergent"
T000617,"Frozen_Vegetables,Donuts,Trash_Bags,Chips,Frozen_Dinners,Bagels,Ice_Cream"
T000618,"Dish_Soap,Beef,Milk"
T000619,"Jelly,Peanut_Butter,Tea,Croissants,Shampoo,Donuts,Soap"
T000620,"Shampoo,Soap,Water"
T000621,"Tomatoes,Lettuce,Beef,Ice_Cream,Paper_Towels"
T000622,"Coffee,Pork,Trash_Bags,Detergent,Butter,Muffins,Paper_Towels"
T000623,"Soda,Apples,Soap,Milk,Frozen_Vegetables"
T000624,"Juice,Crackers,Dish_Soap,Milk,Tea,Cheese"
T000625,"Detergent,Coffee,Chicken,Fish,Croissants,Yogurt,Dish_Soap"
T000626,"Nuts,Chocolate,Frozen_Vegetables"
T000627,"Juice,Deodorant"
T000628,"Milk,Cereal,Soap,Apples,Tomatoes"
T000629,"Bread,Detergent,Oranges,Pork,Soda"
T000630,"Cookies,Lettuce,Cream,Beef,Chips,Tea"
T000631,"Frozen_Dinners,Ice_Cream"
T000632,"Chocolate,Cream,Ice_Cream,Deodorant"
T000633,"Tea,Pork,Nuts,Croissants,Turkey"
T000634,"Donuts,Toothpaste,Muffins,Cheese,Chocolate"
T000635,"Jelly,Peanut_Butter,Croissants,Cream,Frozen_Vegetables,Fish,Chips,Chocolate"
T000636,"Crackers,Shampoo,Coffee,Milk,Bananas,Paper_Towels"
T000637,"Salsa,Chips,Bagels,Toothpaste,Bread,Lettuce"
T000638,"Dish_Soap,Toothpaste,Soap,Yogurt"
T000639,"Bread,Milk,Chocolate,Beef,Frozen_Dinners,Nuts,Fish,Juice,Butter,Cream"
T000640,"Soda,Chips,Trash_Bags,Frozen_Dinners"
T000641,"Detergent,Nuts,Cookies,Bagels,Turkey,Paper_Towels"
T000642,"Turkey,Cream,Soap"
T000643,"Jelly,Peanut_Butter,Soap,Shampoo,Muffins,Cookies,Crackers"
T000644,"Bananas,Fish,Donuts"
T000645,"Croissants,Coffee,Frozen_Vegetables,Chicken,Muffins"
T000646,"Cream,Chicken,Frozen_Pizza,Soap,Milk,Soda"
T000647,"Bread,Butter,Bananas,Turkey,Tea"
T000648,"Frozen_Pizza,Beef,Shampoo,Chicken,Milk"
T000649,"Bread,Peanut_Butter,Deodorant,Tomatoes,Frozen_Vegetables,Tea,Toothpaste,Beef"
T000650,"Tomato_Sauce,Cheese,Croissants,Butter,Soap,Chips"
T000651,"Pasta,Cheese,Tomatoes,Toothpaste,Cream,Soda,Detergent,Soap"
T000652,"Dip,Soda,Juice,Coffee,Turkey,Frozen_Dinners"
T000653,"Oranges,Fish,Cookies,Tea,Frozen_Dinners,Frozen_Vegetables"
T000654,"Frozen_Pizza,Cream,Chocolate,Fish,Water,Ice_Cream"
T000655,"Chocolate_Syrup,Ice_Cream,Cheese,Croissants,Coffee,Chocolate,Fish,Juice,Frozen_Vegetables"
T000656,"Tea,Coffee,Cookies,Detergent"
T000657,"Juice,Chips,Soap,Bagels,Lettuce"
T000658,"Cookies,Toothpaste,Crackers,Ice_Cream"
T000659,"Frozen_Pizza,Cookies,Nuts,Yogurt,Paper_Towels"
T000660,"Coffee,Turkey,Butter,Trash_Bags,Ice_Cream"
T000661,"Tomatoes,Chocolate,Water"
T000662,Juice
T000663,"Soap,Bananas,Frozen_Dinners,Cookies"
T000664,"Lettuce,Frozen_Pizza,Ice_Cream,Bagels,Dish_Soap"
T000665,"Paper_Towels,Turkey"
T000666,"Yogurt,Butter,Frozen_Dinners,Soda,Chicken,Bagels"
T000667,"Bananas,Milk,Butter,Pork,Toothpaste,Frozen_Dinners,Donuts,Tea"
T000668,"Donuts,Cheese"
T000669,"Peanut_Butter,Bread,Toothpaste,Detergent"
T000670,"Shampoo,Bread,Tea"
T000671,"Lettuce,Hamburger_Buns,Beef,Frozen_Pizza,Chocolate,Pork,Oranges"
T000672,"Detergent,Turkey,Shampoo,Soda,Frozen_Dinners,Juice,Tea"
T000673,"Bread,Jelly,Chicken,Soda,Crackers,Cookies,Detergent,Chocolate"
T000674,"Milk,Butter,Turkey,Nuts,Deodorant"
T000675,"Yogurt,Oranges"
T000676,"Sugar,Cream,Juice,Tomatoes,Ice_Cream,Crackers,Turkey"
T000677,"Dish_Soap,Yogurt,Cream"
T000678,"Cookies,Shampoo,Cream,Beef,Soap,Crackers,Dish_Soap,Bananas"
T000679,"Frozen_Dinners,Coffee,Tea,Paper_Towels,Dish_Soap,Ice_Cream"
T000680,"Shampoo,Nuts,Oranges,Chocolate"
T000681,"Cheese,Tomato_Sauce,Donuts,Paper_Towels,Soda"
T000682,"Chips,Beer,Beef,Juice,Turkey,Ice_Cream"
T000683,"Water,Trash_Bags,Deodorant"
T000684,"Soda,Cream"
T000685,"Frozen_Vegetables,Apples,Bananas,Oranges,Fish,Beef"
T000686,"Salsa,Beer,Frozen_Vegetables,Frozen_Pizza,Ice_Cream,Milk"
T000687,"Milk,Cereal,Cream,Soap,Trash_Bags,Coffee,Oranges,Tomatoes,Donuts"
T000688,"Deodorant,Juice,Water"
T000689,"Fish,Apples,Water,Yogurt"
T000690,"Ice_Cream,Tea,Donuts,Cream,Frozen_Pizza,Soap"
T000691,"Milk,Butter,Paper_Towels,Fish"
T000692,"Lettuce,Apples,Muffins,Bagels,Cookies,Butter,Chicken"
T000693,"Ice_Cream,Chocolate_Syrup,Bagels,Cheese,Chocolate,Cookies,Water,Toothpaste,Croissants,Soda"
T000694,"Soap,Bananas,Chips"
T000695,"Chicken,Vegetables,Turkey,Shampoo,Croissants,Soap,Nuts"
T000696,"Bananas,Milk,Pork,Tea,Fish,Frozen_Dinners,Detergent"
T000697,"Peanut_Butter,Bread,Turkey,Pork,Bagels,Detergent,Coffee,Donuts"
T000698,"Ice_Cream,Shampoo,Soap"
T000699,"Detergent,Bagels,Muffins,Deodorant,Pork"
T000700,"Bread,Bananas,Cookies,Nuts,Water,Beef,Tomatoes,Crackers"
T000701,"Muffins,Cookies,Apples,Cream,Lettuce,Cheese"
T000702,"Pasta,Cheese,Tea,Tomatoes,Juice,Croissants,Chips"
T000703,"Deodorant,Butter,Toothpaste,Bananas,Cookies,Muffins,Coffee"
T000704,"Muffins,Cheese,Lettuce,Turkey,Chocolate,Butter"
T000705,"Soda,Cookies"
T000706,"Soap,Butter,Pork,Toothpaste,Lettuce"
T000707,"Cream,Toothpaste,Pork,Shampoo,Ice_Cream,Yogurt,Water"
T000708,"Rice,Vegetables,Tea,Trash_Bags,Frozen_Pizza,Deodorant"
T000709,"Muffins,Turkey,Juice,Cream,Butter,Bread"
T000710,"Tea,Soap,Nuts,Ice_Cream"
T000711,"Chips,Soda,Cream,Bread,Paper_Towels,Water,Muffins,Butter,Tea"
T000712,"Dip,Chips,Dish_Soap,Chocolate,Turkey,Trash_Bags,Apples"
T000713,"Shampoo,Water"
T000714,"Dip,Soda,Apples,Cheese,Muffins"
T000715,"Muffins,Apples,Butter,Dish_Soap,Cheese,Toothpaste,Beef"
T000716,"Whipped_Cream,Chocolate_Syrup,Chicken,Nuts,Paper_Towels,Bananas,Pork,Apples"
T000717,"Chocolate,Trash_Bags,Crackers,Shampoo,Nuts,Apples"
T000718,"Yogurt,Milk,Ice_Cream"
T000719,"Donuts,Paper_Towels,Trash_Bags,Ice_Cream,Pork,Cheese"
T000720,"Shampoo,Soap,Chicken,Water,Yogurt"
T000721,"Croissants,Chips"
T000722,"Cream,Coffee,Yogurt,Bagels,Crackers,Donuts,Deodorant,Trash_Bags"
T000723,"Bagels,Fish,Frozen_Dinners,Deodorant,Bread,Water,Crackers"
T000724,"Chocolate,Frozen_Dinners"
T000725,"Milk,Bananas,Soda,Cream,Nuts,Bread,Bagels,Chocolate"
T000726,"Yogurt,Deodorant"
T000727,"Cookies,Chocolate,Trash_Bags,Frozen_Pizza"
T000728,"Dish_Soap,Apples,Ice_Cream,Donuts,Butter"
T000729,"Cream,Sugar,Ice_Cream,Frozen_Vegetables,Frozen_Pizza,Detergent,Turkey,Juice,Paper_Towels"
T000730,"Rice,Vegetables,Apples,Shampoo,Detergent,Oranges,Soda"
T000731,"Beer,Chips,Nuts,Fish,Water,Beef,Tomatoes,Pork"
T000732,"Pasta,Tomato_Sauce,Yogurt,Cheese,Tomatoes,Shampoo"
T000733,"Deodorant,Lettuce,Beef,Juice,Nuts,Water,Milk"
T000734,"Chips,Fish"
T000735,"Ice_Cream,Chocolate_Syrup,Chocolate,Crackers,Turkey,Chips,Pork,Nuts,Shampoo"
T000736,"Chips,Salsa,Donuts,Paper_Towels,Nuts,Bagels"
T000737,"Soda,Soap,Ice_Cream,Turkey"
T000738,"Dip,Chips,Frozen_Pizza,Lettuce,Water,Bread,Tomatoes,Crackers,Toothpaste,Frozen_Dinners"
T000739,"Bananas,Shampoo,Yogurt,Water,Deodorant,Tomatoes,Trash_Bags,Soap"
T000740,"Frozen_Dinners,Turkey,Tomatoes,Frozen_Vegetables,Detergent,Apples"
T000741,"Yogurt,Croissants"
T000742,"Frozen_Vegetables,Butter,Frozen_Pizza,Oranges,Toothpaste,Dish_Soap"
T000743,"Croissants,Oranges,Ice_Cream,Cream"
T000744,"Chocolate_Syrup,Ice_Cream,Soda,Frozen_Pizza,Bagels,Cream,Tomatoes,Muffins,Shampoo,Chicken"
T000745,"Detergent,Milk,Lettuce,Apples,Toothpaste,Turkey,Crackers"
T000746,"Jelly,Bread,Tomatoes,Donuts,Detergent,Shampoo,Cookies,Oranges,Ice_Cream"
T000747,"Juice,Bread,Chips,Tea,Dish_Soap,Frozen_Vegetables,Chocolate,Deodorant"
T000748,"Coffee,Lettuce,Juice,Turkey,Oranges,Milk"
T000749,"Dish_Soap,Tea,Yogurt,Crackers,Cream,Bread"
T000750,"Soap,Trash_Bags,Lettuce,Bananas,Muffins"
T000751,"Bagels,Toothpaste,Chicken,Juice,Deodorant,Oranges"
T000752,"Salsa,Chips,Turkey,Chocolate,Deodorant"
T000753,"Water,Frozen_Dinners"
T000754,"Dish_Soap,Toothpaste,Cookies,Crackers,Soda,Paper_Towels,Detergent,Apples"
T000755,"Water,Frozen_Dinners,Trash_Bags,Frozen_Vegetables"
T000756,"Frozen_Pizza,Toothpaste,Bread,Paper_Towels"
T000757,"Bread,Butter,Tomatoes,Turkey,Chicken"
T000758,"Detergent,Soap"
T000759,"Frozen_Dinners,Cheese,Nuts,Ice_Cream,Milk,Shampoo"
T000760,"Jelly,Bread,Donuts,Paper_Towels,Toothpaste,Coffee"
T000761,"Bread,Jelly,Yogurt,Frozen_Dinners,Paper_Towels,Cookies,Water,Bagels"
T000762,"Croissants,Tomatoes,Ice_Cream,Water,Trash_Bags"
T000763,"Soda,Ice_Cream,Frozen_Pizza,Soap,Trash_Bags"
T000764,"Trash_Bags,Paper_Towels,Nuts,Dish_Soap"
T000765,"Cookies,Dish_Soap,Frozen_Dinners,Trash_Bags,Coffee,Deodorant"
T000766,"Soda,Deodorant"
T000767,"Coffee,Sugar,Ice_Cream,Trash_Bags"
T000768,"Hamburger_Buns,Lettuce,Frozen_Pizza,Yogurt,Frozen_Dinners,Oranges"
T000769,"Apples,Cheese,Fish"
T000770,"Salsa,Beer,Shampoo,Soap,Trash_Bags,Crackers"
T000771,"Bread,Jelly,Coffee,Paper_Towels,Nuts"
T000772,"Chips,Salsa,Donuts,Beef,Paper_Towels"
T000773,"Trash_Bags,Butter,Chocolate,Cookies,Detergent,Deodorant,Bananas"
T000774,"Chips,Deodorant,Juice,Lettuce,Butter,Paper_Towels"
T000775,"Nuts,Chocolate,Deodorant,Fish,Coffee,Beef"
T000776,"Fish,Butter,Beef,Tea,Shampoo"
T000777,"Shampoo,Beef"
T000778,"Frozen_Dinners,Turkey,Tea,Coffee"
T000779,"Chips,Chocolate,Toothpaste"
T000780,"Crackers,Paper_Towels"
T000781,"Butter,Dish_Soap,Frozen_Dinners,Frozen_Pizza,Muffins,Deodorant,Juice"
T000782,"Tomatoes,Juice,Coffee,Cookies,Soda,Cream"
T000783,"Frozen_Pizza,Paper_Towels"
T000784,"Tea,Dish_Soap"
T000785,"Pork,Dish_Soap,Shampoo,Soda"
T000786,"Deodorant,Coffee,Pork,Lettuce,Nuts,Chocolate,Butter"
T000787,"Trash_Bags,Toothpaste,Turkey,Apples,Soap,Juice,Butter"
T000788,"Tomatoes,Cookies,Yogurt,Detergent,Chocolate,Butter,Trash_Bags"
T000789,"Yogurt,Bananas,Milk,Fish,Paper_Towels,Detergent,Dish_Soap,Toothpaste"
T000790,Toothpaste
T000791,"Soap,Chocolate,Water,Chicken,Paper_Towels,Bread,Shampoo"
T000792,"Lettuce,Bagels,Croissants,Toothpaste"
T000793,"Fish,Chocolate,Cookies,Croissants,Soda,Bread,Oranges,Pork"
T000794,"Water,Apples,Coffee"
T000795,"Coffee,Soda,Frozen_Pizza,Detergent,Butter"
T000796,"Cream,Coffee,Tomatoes,Ice_Cream,Chicken,Cookies,Soda"
T000797,"Cream,Sugar,Muffins,Milk"
T000798,"Oranges,Croissants,Yogurt,Frozen_Pizza,Frozen_Vegetables,Detergent"
T000799,"Fish,Crackers,Trash_Bags"
T000800,"Muffins,Croissants,Tea,Lettuce"
T000801,"Beef,Soap,Frozen_Dinners"
T000802,"Fish,Coffee,Bread,Toothpaste,Detergent,Yogurt"
T000803,"Rice,Chicken,Bananas,Turkey,Tea,Cookies,Juice,Yogurt,Dish_Soap,Chocolate"
T000804,"Cream,Coffee"
T000805,"Detergent,Milk"
T000806,"Frozen_Pizza,Cheese,Trash_Bags,Soap,Pork,Paper_Towels"
T000807,"Nuts,Shampoo"
T000808,"Deodorant,Toothpaste,Pork,Croissants"
T000809,"Toothpaste,Bananas,Croissants,Chips,Juice,Frozen_Pizza,Ice_Cream,Muffins"
T000810,"Beer,Salsa,Paper_Towels,Dish_Soap,Donuts,Bread,Lettuce"
T000811,"Chips,Bagels,Bread,Lettuce,Yogurt,Water"
T000812,"Bananas,Butter"
T000813,"Bread,Paper_Towels,Cookies,Soap"
T000814,"Chips,Beer,Frozen_Vegetables,Chocolate,Milk,Chicken,Pork,Croissants"
T000815,"Toothpaste,Deodorant,Detergent,Water,Beef,Tea,Cheese"
T000816,"Juice,Bananas,Nuts,Bagels,Pork,Water,Tea,Turkey"
T000817,"Fish,Oranges,Chips,Paper_Towels,Juice,Water"
T000818,"Chips,Dip,Turkey,Bread,Nuts,Bananas,Beef"
T000819,"Pork,Ice_Cream,Frozen_Pizza,Chocolate,Toothpaste"
T000820,"Bananas,Pork,Juice,Oranges,Deodorant,Ice_Cream"
T000821,"Lettuce,Frozen_Vegetables,Toothpaste,Turkey,Juice,Soap,Fish,Bread"
T000822,"Beef,Chocolate,Bananas,Butter,Cheese,Shampoo"
T000823,"Coffee,Frozen_Vegetables,Paper_Towels,Soda"
T000824,"Muffins,Toothpaste,Cream,Detergent,Frozen_Pizza"
T000825,"Jelly,Peanut_Butter,Soap,Frozen_Pizza,Beef,Bagels,Chips,Nuts,Paper_Towels,Crackers"
T000826,"Dish_Soap,Milk,Yogurt,Apples"
T000827,"Oranges,Deodorant"
T000828,"Bananas,Muffins,Lettuce,Soda,Tomatoes"
T000829,"Fish,Oranges,Nuts,Toothpaste,Cheese,Donuts,Frozen_Vegetables"
T000830,"Tea,Soap,Paper_Towels,Oranges,Frozen_Pizza"
T000831,"Turkey,Paper_Towels,Trash_Bags,Toothpaste,Soda"
T000832,"Milk,Butter,Nuts,Juice,Pork,Bread"
T000833,"Fish,Dish_Soap,Nuts,Donuts,Chips"
T000834,"Fish,Cookies,Chips"
T000835,"Sugar,Coffee,Fish,Tea,Cookies,Deodorant"
T000836,"Chicken,Vegetables,Yogurt,Toothpaste,Lettuce,Paper_Towels,Turkey"
T000837,"Fish,Butter,Juice,Croissants"
T000838,"Soap,Soda,Chicken,Apples,Lettuce,Bread,Toothpaste"
T000839,"Butter,Bread,Bagels,Frozen_Pizza,Pork,Dish_Soap,Bananas,Soap"
T000840,"Croissants,Trash_Bags,Yogurt"
T000841,"Butter,Pork"
T000842,"Deodorant,Water,Lettuce,Frozen_Vegetables"
T000843,"Frozen_Dinners,Lettuce,Yogurt,Paper_Towels,Croissants,Detergent,Bananas"
T000844,"Jelly,Peanut_Butter,Tomatoes,Croissants,Cookies"
T000845,"Dish_Soap,Pork,Cheese,Paper_Towels,Apples"
T000846,"Muffins,Ice_Cream,Tea,Frozen_Vegetables"
T000847,"Deodorant,Soda,Water"
T000848,"Butter,Milk,Shampoo,Dish_Soap"
T000849,"Bagels,Donuts,Coffee"
T000850,"Shampoo,Soda,Lettuce,Tea,Cream,Turkey"
T000851,"Shampoo,Soda,Juice,Croissants,Turkey,Ice_Cream"
T000852,"Soda,Frozen_Pizza,Nuts,Water,Dish_Soap"
T000853,"Ice_Cream,Bagels,Apples,Milk,Toothpaste"
T000854,"Chocolate,Milk,Lettuce,Cheese,Croissants"
T000855,"Cereal,Bananas,Frozen_Dinners,Shampoo,Beef"
T000856,"Milk,Ice_Cream,Croissants"
T000857,"Sugar,Coffee,Bananas,Trash_Bags,Apples"
T000858,"Cream,Ice_Cream,Pork,Coffee,Dish_Soap,Oranges,Tomatoes,Milk"
T000859,"Soda,Shampoo"
T000860,"Cream,Trash_Bags,Muffins,Cheese"
T000861,"Oranges,Crackers,Paper_Towels,Deodorant"
T000862,"Chocolate_Syrup,Ice_Cream,Soap,Dish_Soap,Soda,Chocolate"
T000863,"Turkey,Ice_Cream,Paper_Towels,Pork,Fish,Cheese,Beef"
T000864,"Butter,Water,Dish_Soap"
T000865,"Deodorant,Frozen_Dinners,Tea,Crackers,Nuts,Bagels,Soap"
T000866,"Tomatoes,Tea,Paper_Towels,Toothpaste"
T000867,"Water,Toothpaste,Bananas,Frozen_Dinners,Donuts"
T000868,"Apples,Water,Crackers,Cheese,Detergent"
T000869,"Bread,Jelly,Paper_Towels,Nuts,Shampoo,Bananas,Chocolate,Soda"
T000870,"Beer,Chips,Coffee,Ice_Cream,Turkey,Dish_Soap,Shampoo"
T000871,"Detergent,Water,Soap,Frozen_Pizza,Cookies"
T000872,"Trash_Bags,Cookies,Crackers,Frozen_Pizza,Soda,Ice_Cream,Beef"
T000873,"Sugar,Coffee,Cheese,Deodorant,Apples,Ice_Cream,Frozen_Pizza"
T000874,"Lettuce,Paper_Towels,Coffee,Bagels,Nuts,Yogurt"
T000875,"Soap,Frozen_Vegetables,Apples,Coffee,Juice"
T000876,"Cheese,Tea,Bagels,Nuts"
T000877,"Oranges,Paper_Towels,Trash_Bags,Soda,Bread"
T000878,"Coffee,Ice_Cream,Paper_Towels,Donuts"
T000879,"Peanut_Butter,Bread,Ice_Cream,Cream"
T000880,"Salsa,Chips,Chicken,Croissants,Trash_Bags,Muffins,Bread"
T000881,"Chicken,Vegetables,Water,Frozen_Dinners,Dish_Soap,Bagels"
T000882,"Tea,Butter"
T000883,"Cheese,Paper_Towels"
T000884,"Crackers,Muffins"
T000885,"Milk,Cookies,Oranges,Water,Croissants,Soda,Fish"
T000886,"Chocolate,Bread,Tea"
T000887,"Dip,Chips,Milk,Oranges,Crackers,Frozen_Vegetables,Ice_Cream"
T000888,"Beef,Frozen_Dinners,Chicken,Cheese"
T000889,"Soda,Frozen_Pizza"
T000890,"Oranges,Deodorant,Cheese,Ice_Cream"
T000891,"Rice,Chicken,Cheese,Dish_Soap"
T000892,"Sugar,Coffee,Tea,Detergent,Paper_Towels,Cookies,Deodorant,Chips,Crackers,Frozen_Pizza"
T000893,"Yogurt,Apples,Frozen_Pizza,Paper_Towels"
T000894,"Detergent,Beef"
T000895,"Butter,Apples,Fish,Chicken,Detergent,Croissants,Frozen_Vegetables"
T000896,"Butter,Milk,Tea,Dish_Soap,Paper_Towels"
T000897,"Ice_Cream,Whipped_Cream,Apples,Water,Cheese,Toothpaste,Coffee,Fish,Oranges"
T000898,"Shampoo,Chicken,Bananas,Butter,Nuts,Muffins,Deodorant"
T000899,"Juice,Butter,Pork,Dish_Soap,Water,Detergent,Tea"
T000900,"Soap,Tea,Croissants,Shampoo,Yogurt"
T000901,"Nuts,Croissants"
T000902,"Rice,Vegetables,Turkey,Nuts,Detergent,Cream,Muffins,Pork"
T000903,"Hamburger_Buns,Tomatoes,Lettuce,Frozen_Pizza,Bagels,Tea"
T000904,"Milk,Cereal,Oranges,Turkey,Bread"
T000905,"Nuts,Coffee"
T000906,"Beef,Crackers,Turkey,Shampoo,Bagels,Detergent"
T000907,"Cream,Coffee,Pork,Bananas,Frozen_Dinners,Ice_Cream,Croissants,Fish,Paper_Towels"
T000908,"Cream,Sugar,Crackers,Cheese"
T000909,"Vegetables,Chicken,Toothpaste,Apples,Soap,Milk,Dish_Soap,Crackers"
T000910,"Jelly,Bread,Crackers,Deodorant,Croissants"
T000911,"Fish,Soap,Bagels,Turkey,Crackers,Coffee,Cream"
T000912,"Ice_Cream,Whipped_Cream,Apples,Toothpaste,Cheese,Beef,Cream,Croissants"
T000913,"Chips,Coffee,Ice_Cream,Shampoo,Deodorant"
T000914,"Turkey,Soap,Chips"
T000915,"Trash_Bags,Cheese,Deodorant,Frozen_Pizza,Apples,Yogurt"
T000916,"Bananas,Milk,Lettuce,Detergent,Trash_Bags,Dish_Soap,Cream,Nuts,Croissants"
T000917,"Ice_Cream,Cookies,Detergent,Tea,Cream,Frozen_Vegetables"
T000918,"Vegetables,Chicken,Bagels,Trash_Bags,Tomatoes,Ice_Cream,Fish,Detergent,Tea"
T000919,"Cheese,Croissants,Detergent,Oranges,Toothpaste,Shampoo,Deodorant"
T000920,"Cream,Coffee,Frozen_Pizza,Oranges"
T000921,"Soda,Yogurt,Ice_Cream,Coffee,Detergent"
T000922,"Croissants,Turkey,Soap,Butter,Dish_Soap"
T000923,"Chicken,Cream"
T000924,"Butter,Croissants,Bagels,Toothpaste,Juice"
T000925,"Sugar,Coffee,Beef,Yogurt,Tea,Turkey"
T000926,"Bread,Milk,Butter,Lettuce,Toothpaste,Detergent,Fish,Chips"
T000927,"Deodorant,Chicken,Donuts,Frozen_Pizza,Soap,Lettuce,Bread"
T000928,"Bananas,Cereal,Soap,Juice,Tomatoes,Nuts"
T000929,"Toothpaste,Chicken,Frozen_Pizza,Butter,Ice_Cream"
T000930,"Nuts,Water,Beef"
T000931,"Shampoo,Paper_Towels,Tomatoes"
T000932,"Toothpaste,Dish_Soap,Cheese"
T000933,"Cheese,Pasta,Frozen_Vegetables,Tea,Lettuce,Ice_Cream,Fish,Toothpaste,Juice"
T000934,"Beef,Milk,Yogurt"
T000935,"Whipped_Cream,Ice_Cream,Cream,Deodorant,Tea,Muffins"
T000936,"Dip,Chips,Detergent,Ice_Cream,Juice"
T000937,"Pork,Lettuce,Crackers,Water"
T000938,"Oranges,Tomatoes,Donuts,Frozen_Vegetables,Frozen_Dinners"
T000939,"Paper_Towels,Lettuce,Frozen_Pizza,Turkey,Croissants,Muffins,Apples,Soda"
T000940,"Milk,Butter,Paper_Towels,Trash_Bags"
T000941,"Shampoo,Apples,Trash_Bags"
T000942,"Dip,Soda,Cheese,Milk,Tea,Butter,Deodorant,Cream"
T000943,"Soda,Dip,Deodorant,Dish_Soap"
T000944,"Bread,Bagels,Beef,Frozen_Vegetables"
T000945,"Detergent,Chicken,Deodorant,Yogurt,Butter"
T000946,"Toothpaste,Frozen_Pizza"
T000947,"Bananas,Trash_Bags,Chocolate,Cream,Toothpaste,Dish_Soap"
T000948,"Tomato_Sauce,Pasta,Coffee,Oranges,Detergent,Tomatoes,Apples,Croissants,Bagels"
T000949,"Lettuce,Hamburger_Buns,Cream,Soap,Chips,Chicken,Ice_Cream,Shampoo,Donuts"
T000950,"Tea,Cheese,Fish,Milk,Apples,Shampoo,Lettuce"
T000951,"Bananas,Milk,Detergent,Cookies,Frozen_Pizza"
T000952,"Chocolate,Cheese,Tea,Milk,Paper_Towels,Fish,Toothpaste"
T000953,"Milk,Shampoo,Frozen_Vegetables,Turkey,Cheese"
T000954,"Chips,Salsa,Water,Cream"
T000955,"Chicken,Turkey,Crackers,Apples"
T000956,"Chicken,Toothpaste"
T000957,"Vegetables,Chicken,Cheese,Deodorant"
T000958,"Deodorant,Chicken,Paper_Towels,Shampoo"
T000959,"Bread,Muffins,Milk,Cheese,Trash_Bags"
T000960,"Tea,Ice_Cream,Chicken"
T000961,"Tomatoes,Lettuce,Milk,Frozen_Pizza"
T000962,"Bananas,Donuts"
T000963,"Dish_Soap,Beef,Deodorant"
T000964,"Water,Deodorant,Soap,Nuts"
T000965,"Ice_Cream,Croissants,Deodorant,Apples,Fish"
T000966,"Vegetables,Chicken,Water,Milk"
T000967,"Crackers,Ice_Cream,Lettuce,Pork,Bagels,Chips"
T000968,"Nuts,Detergent,Donuts,Dish_Soap,Ice_Cream,Pork,Milk"
T000969,"Turkey,Frozen_Pizza,Yogurt,Muffins,Cream,Detergent"
T000970,"Chicken,Rice,Dish_Soap,Cheese,Chocolate,Frozen_Pizza,Soap,Detergent"
T000971,"Muffins,Detergent,Bagels,Donuts,Chocolate,Shampoo"
T000972,"Croissants,Chicken,Water,Chips,Beef"
T000973,"Yogurt,Trash_Bags,Butter,Oranges"
T000974,"Paper_Towels,Coffee"
T000975,"Turkey,Toothpaste,Paper_Towels"
T000976,"Paper_Towels,Ice_Cream,Cheese"
T000977,"Bananas,Cereal,Donuts,Apples,Cookies,Juice"
T000978,"Bread,Donuts,Chicken,Dish_Soap,Turkey"
T000979,"Tea,Bread,Cookies,Cream"
T000980,"Donuts,Chips,Ice_Cream,Frozen_Vegetables,Trash_Bags"
T000981,"Coffee,Water,Butter"
T000982,"Ice_Cream,Chocolate_Syrup,Detergent,Chicken,Bananas,Tomatoes,Toothpaste,Dish_Soap"
T000983,"Shampoo,Butter,Frozen_Vegetables,Nuts,Pork,Juice,Tea,Frozen_Pizza"
T000984,"Frozen_Pizza,Detergent,Ice_Cream,Muffins"
T000985,"Shampoo,Frozen_Dinners"
T000986,"Nuts,Dish_Soap,Beef,Bread,Soda,Frozen_Vegetables,Trash_Bags"
T000987,"Lettuce,Oranges,Bread,Soda,Croissants,Toothpaste,Milk"
T000988,"Trash_Bags,Chips,Oranges"
T000989,"Bananas,Milk,Dish_Soap,Frozen_Pizza,Crackers"
T000990,"Apples,Shampoo,Bread,Coffee,Chocolate,Detergent,Croissants"
T000991,"Shampoo,Crackers,Chocolate,Pork,Toothpaste,Coffee"
T000992,"Ice_Cream,Whipped_Cream,Beef,Trash_Bags,Frozen_Vegetables,Dish_Soap,Crackers,Chips,Juice,Coffee"
T000993,"Butter,Bread,Oranges,Crackers,Milk,Soap,Nuts,Cream,Muffins"
T000994,"Beef,Bread,Cheese,Ice_Cream,Soap,Chips,Frozen_Pizza,Paper_Towels"
T000995,"Bread,Turkey,Frozen_Pizza,Coffee,Paper_Towels,Milk,Apples,Croissants"
T000996,"Frozen_Vegetables,Water,Soda,Bagels"
T000997,"Juice,Milk,Soap,Yogurt"
T000998,"Ice_Cream,Chocolate_Syrup,Muffins,Juice,Bananas"
T000999,"Detergent,Trash_Bags"
T001000,"Soda,Yogurt,Cookies,Butter"
T001001,"Trash_Bags,Beef,Bagels,Butter"
T001002,"Chocolate,Bananas,Detergent,Toothpaste,Trash_Bags,Crackers,Water,Turkey"
T001003,"Soap,Milk,Cream,Paper_Towels"
T001004,"Tomatoes,Detergent,Apples,Chocolate,Yogurt,Frozen_Dinners,Cream,Coffee"
T001005,"Donuts,Chips,Bread,Cheese,Butter,Fish"
T001006,"Crackers,Juice,Water,Nuts,Detergent,Yogurt"
T001007,"Ice_Cream,Toothpaste"
T001008,"Chips,Beer,Cookies,Milk,Deodorant,Lettuce,Crackers"
T001009,"Vegetables,Rice,Crackers,Nuts,Fish,Paper_Towels,Frozen_Dinners"
T001010,"Nuts,Yogurt,Pork,Crackers"
T001011,"Bananas,Frozen_Pizza,Frozen_Vegetables,Bagels,Coffee"
T001012,"Deodorant,Frozen_Dinners"
T001013,"Ice_Cream,Whipped_Cream,Detergent,Chocolate,Deodorant,Chicken,Croissants"
T001014,"Salsa,Beer,Tea,Shampoo,Toothpaste,Croissants"
T001015,"Bananas,Soda,Bagels,Croissants,Nuts,Shampoo"
T001016,"Butter,Bread,Crackers,Toothpaste,Croissants,Trash_Bags,Frozen_Pizza,Chocolate,Pork"
T001017,"Lettuce,Nuts,Chicken,Turkey"
T001018,"Frozen_Vegetables,Soap,Toothpaste,Nuts,Tomatoes,Donuts,Bagels"
T001019,"Juice,Oranges"
T001020,"Muffins,Nuts,Frozen_Dinners,Shampoo"
T001021,"Beef,Dish_Soap"
T001022,"Fish,Milk,Frozen_Pizza,Cookies,Chips,Shampoo,Chocolate"
T001023,"Detergent,Muffins,Trash_Bags,Toothpaste,Soap"
T001024,"Frozen_Pizza,Crackers,Oranges,Dish_Soap,Toothpaste"
T001025,"Dish_Soap,Soap,Bananas,Donuts,Muffins,Water,Chocolate,Tea"
T001026,"Milk,Bananas,Paper_Towels,Lettuce,Tomatoes,Frozen_Vegetables,Soda,Apples,Chips,Dish_Soap"
T001027,"Crackers,Apples,Toothpaste,Frozen_Dinners,Detergent,Soda"
T001028,"Frozen_Pizza,Bread,Soap,Juice,Cheese,Toothpaste,Shampoo"
T001029,"Peanut_Butter,Bread,Oranges,Coffee,Frozen_Vegetables,Toothpaste,Chocolate,Cheese,Tomatoes"
T001030,"Chips,Soda,Tomatoes,Tea,Chicken"
T001031,"Oranges,Bread,Ice_Cream,Frozen_Vegetables"
T001032,"Cookies,Milk,Bagels,Dish_Soap,Frozen_Pizza"
T001033,"Soap,Croissants"
T001034,"Butter,Milk,Deodorant,Detergent,Frozen_Pizza,Pork"
T001035,"Frozen_Vegetables,Fish,Butter"
T001036,"Croissants,Beef,Bread"
T001037,"Chicken,Water,Milk,Frozen_Dinners,Chocolate,Lettuce,Muffins"
T001038,"Bagels,Chips,Toothpaste"
T001039,"Water,Beef,Croissants,Lettuce"
T001040,"Milk,Butter,Trash_Bags,Ice_Cream,Lettuce,Soap,Bread,Toothpaste"
T001041,"Soap,Chips,Juice"
T001042,"Peanut_Butter,Jelly,Chicken,Trash_Bags,Frozen_Dinners,Tomatoes,Milk,Frozen_Pizza"
T001043,"Yogurt,Toothpaste,Deodorant,Croissants"
T001044,"Bagels,Tea,Chocolate,Detergent,Butter,Juice"
T001045,"Bread,Ice_Cream,Cream,Tea,Milk,Nuts"
T001046,"Juice,Toothpaste,Ice_Cream,Muffins,Butter,Lettuce,Frozen_Pizza"
T001047,"Chips,Yogurt,Butter,Donuts,Dish_Soap,Muffins,Trash_Bags"
T001048,"Bagels,Milk,Soap,Lettuce,Turkey,Cream"
T001049,"Yogurt,Tea,Croissants,Deodorant,Bread"
T001050,"Milk,Cereal,Water,Cookies,Lettuce"
T001051,"Cookies,Turkey,Toothpaste,Beef,Croissants,Butter"
T001052,"Tomatoes,Ice_Cream,Frozen_Dinners"
T001053,"Hamburger_Buns,Tomatoes,Beef,Yogurt"
T001054,"Jelly,Peanut_Butter,Deodorant,Cookies,Cream,Fish,Butter"
T001055,"Butter,Dish_Soap,Donuts"
T001056,"Chicken,Vegetables,Trash_Bags,Soda,Donuts,Dish_Soap,Tomatoes,Croissants"
T001057,"Soda,Soap,Frozen_Vegetables,Tea,Muffins,Cream"
T001058,"Cream,Frozen_Pizza,Shampoo,Bananas,Deodorant,Chicken,Coffee,Muffins"
T001059,Lettuce
T001060,"Deodorant,Donuts,Pork,Milk,Soda,Shampoo,Chicken,Paper_Towels"
T001061,"Bananas,Milk,Chicken,Deodorant"
T001062,"Pork,Ice_Cream,Frozen_Vegetables,Cream,Bread"
T001063,"Crackers,Ice_Cream,Bread,Juice,Turkey"
T001064,"Croissants,Beef,Paper_Towels"
T001065,"Muffins,Ice_Cream,Crackers,Paper_Towels"
T001066,"Muffins,Cream,Frozen_Pizza,Toothpaste,Ice_Cream,Fish,Apples"
T001067,"Beer,Salsa,Dish_Soap,Tea,Ice_Cream,Water,Donuts"
T001068,"Muffins,Frozen_Vegetables"
T001069,"Deodorant,Lettuce"
T001070,"Frozen_Pizza,Chips,Crackers,Frozen_Dinners,Muffins,Shampoo"
T001071,"Chocolate,Apples,Cookies,Toothpaste"
T001072,"Frozen_Vegetables,Ice_Cream,Beef,Cookies,Fish,Lettuce"
T001073,"Tomato_Sauce,Pasta,Cream,Donuts"
T001074,"Chips,Apples,Soda"
T001075,"Trash_Bags,Cheese"
T001076,"Muffins,Frozen_Pizza,Tea,Chips,Detergent,Coffee"
T001077,"Croissants,Frozen_Pizza,Bread,Dish_Soap,Donuts,Paper_Towels"
T001078,"Coffee,Cream,Beef,Chicken,Detergent,Bagels"
T001079,"Turkey,Bagels,Cookies,Tomatoes,Soap,Cream,Fish"
T001080,"Tea,Milk,Detergent,Turkey,Nuts,Bread"
T001081,"Salsa,Chips,Oranges,Soap"
T001082,"Turkey,Pork"
T001083,"Sugar,Cream,Cookies,Chocolate,Dish_Soap"
T001084,"Detergent,Chicken,Tea,Cookies,Coffee,Nuts,Frozen_Vegetables,Toothpaste"
T001085,"Nuts,Butter,Trash_Bags"
T001086,"Oranges,Bread,Muffins,Pork"
T001087,"Sugar,Cream,Frozen_Dinners,Bagels,Fish,Bananas,Water"
T001088,"Soap,Bagels,Paper_Towels,Fish,Pork,Oranges,Milk"
T001089,"Chips,Soda,Cookies,Tea"
T001090,"Oranges,Trash_Bags,Chicken"
T001091,Chips
T001092,"Shampoo,Crackers,Fish,Muffins,Milk,Ice_Cream,Detergent"
T001093,"Nuts,Chocolate,Tomatoes,Frozen_Vegetables,Chips,Croissants,Chicken"
T001094,"Tomato_Sauce,Cheese,Juice,Donuts,Beef,Dish_Soap"
T001095,"Deodorant,Dish_Soap,Turkey"
T001096,"Butter,Fish"
T001097,"Coffee,Cream,Muffins,Deodorant,Frozen_Vegetables,Chocolate,Water"
T001098,"Bread,Peanut_Butter,Juice,Toothpaste,Shampoo,Muffins"
T001099,"Pork,Frozen_Dinners,Oranges"
T001100,"Frozen_Dinners,Toothpaste"
T001101,"Bagels,Toothpaste,Tea,Frozen_Pizza,Lettuce,Chocolate,Crackers"
T001102,"Tomato_Sauce,Cheese,Crackers,Deodorant,Tomatoes,Fish,Cream"
T001103,"Dip,Chips,Dish_Soap,Juice,Water,Nuts,Milk,Trash_Bags,Croissants"
T001104,"Deodorant,Juice"
T001105,"Milk,Bread,Bagels,Soap,Cheese,Tea"
T001106,"Croissants,Cheese,Frozen_Pizza,Fish,Toothpaste"
T001107,"Paper_Towels,Frozen_Dinners,Lettuce"
T001108,"Dish_Soap,Soda,Butter,Chocolate"
T001109,"Detergent,Bread"
T001110,"Butter,Croissants,Soda,Chicken,Nuts,Cream,Oranges"
T001111,"Soap,Soda,Yogurt,Chips,Chocolate"
T001112,"Soap,Bananas,Muffins"
T001113,"Chocolate,Fish"
T001114,"Chicken,Vegetables,Bananas,Frozen_Pizza,Pork"
T001115,"Cheese,Tomato_Sauce,Lettuce,Juice,Toothpaste,Ice_Cream,Paper_Towels,Frozen_Dinners"
T001116,"Lettuce,Beef,Frozen_Dinners,Detergent,Croissants,Butter,Milk,Cream,Deodorant"
T001117,"Milk,Butter,Cheese,Pork"
T001118,"Deodorant,Croissants"
T001119,"Butter,Milk,Toothpaste,Detergent"
T001120,"Tomatoes,Beef,Lettuce,Trash_Bags,Ice_Cream,Frozen_Vegetables"
T001121,"Chips,Salsa,Bananas,Oranges,Butter"
T001122,"Coffee,Sugar,Yogurt,Cheese"
T001123,"Bread,Jelly,Frozen_Dinners,Soap"
T001124,"Fish,Deodorant,Milk"
T001125,"Croissants,Frozen_Dinners,Bagels,Trash_Bags,Frozen_Vegetables"
T001126,"Trash_Bags,Cheese,Cream,Shampoo,Cookies,Frozen_Dinners"
T001127,"Butter,Chips,Yogurt,Crackers,Shampoo"
T001128,"Trash_Bags,Crackers"
T001129,"Fish,Donuts,Lettuce,Croissants,Bagels"
T001130,"Yogurt,Pork"
T001131,"Chips,Fish,Detergent,Soap,Frozen_Dinners"
T001132,"Lettuce,Milk,Toothpaste,Chicken"
T001133,"Tea,Oranges,Dish_Soap,Soap,Frozen_Pizza,Donuts"
T001134,"Cookies,Bread"
T001135,"Yogurt,Soda,Dish_Soap,Chocolate,Chips"
T001136,"Tomatoes,Beef,Hamburger_Buns,Crackers,Chocolate,Yogurt,Oranges,Frozen_Dinners"
T001137,"Soap,Cream,Dish_Soap,Juice,Croissants"
T001138,"Whipped_Cream,Chocolate_Syrup,Tea,Detergent,Dish_Soap"
T001139,"Vegetables,Rice,Shampoo,Tomatoes,Cheese,Beef,Coffee,Turkey,Milk"
T001140,"Dish_Soap,Croissants,Soap,Milk,Chicken,Tea"
T001141,"Oranges,Apples,Nuts,Water"
T001142,"Muffins,Paper_Towels,Bread,Lettuce,Detergent,Cookies"
T001143,"Chocolate_Syrup,Ice_Cream,Yogurt,Toothpaste,Croissants,Shampoo"
T001144,"Butter,Milk,Muffins,Cream,Paper_Towels,Soap"
T001145,"Water,Bagels,Cheese,Nuts,Bananas,Frozen_Dinners,Crackers"
T001146,"Cream,Pork,Beef"
T001147,"Cookies,Beef,Fish,Paper_Towels"
T001148,"Fish,Oranges,Coffee,Frozen_Dinners,Croissants,Shampoo,Soda,Tomatoes"
T001149,"Jelly,Peanut_Butter,Shampoo,Dish_Soap"
T001150,"Chips,Beer,Muffins,Bananas,Cream,Chicken,Dish_Soap"
T001151,"Chicken,Juice,Apples,Nuts,Tomatoes,Lettuce"
T001152,"Coffee,Fish"
T001153,"Lettuce,Oranges,Ice_Cream,Apples"
T001154,"Bread,Milk,Cookies,Dish_Soap,Bananas"
T001155,"Bread,Soda,Trash_Bags,Shampoo"
T001156,"Lettuce,Tomatoes,Croissants,Milk"
T001157,"Pasta,Cheese,Tomatoes,Beef,Chicken,Fish,Trash_Bags,Crackers,Bread"
T001158,"Bread,Peanut_Butter,Soda,Detergent,Tomatoes,Apples,Muffins"
T001159,"Butter,Soda,Bananas,Coffee,Toothpaste,Pork,Frozen_Pizza,Yogurt"
T001160,"Apples,Bread,Lettuce"
T001161,"Chicken,Donuts,Lettuce"
T001162,"Trash_Bags,Cookies,Tomatoes,Bananas,Coffee,Detergent"
T001163,"Muffins,Coffee,Tea,Chocolate"
T001164,"Tomato_Sauce,Cheese,Paper_Towels,Cookies,Crackers,Apples,Soap,Trash_Bags,Dish_Soap"
T001165,"Donuts,Dish_Soap,Soda,Cheese,Butter,Lettuce,Juice"
T001166,"Soap,Crackers,Bagels,Apples,Paper_Towels"
T001167,"Milk,Cereal,Nuts,Juice,Oranges,Toothpaste"
T001168,"Soap,Cheese,Deodorant"
T001169,"Tea,Paper_Towels,Juice,Bread,Yogurt,Chicken,Ice_Cream"
T001170,"Chicken,Vegetables,Muffins,Fish,Crackers"
T001171,"Frozen_Dinners,Muffins,Beef,Paper_Towels,Soda,Bread,Crackers"
T001172,"Donuts,Milk,Trash_Bags,Tomatoes,Croissants"
T001173,"Cereal,Bananas,Apples,Tea,Soda,Juice,Croissants"
T001174,"Frozen_Pizza,Soap,Chips"
T001175,"Rice,Chicken,Lettuce,Bagels,Paper_Towels"
T001176,"Dip,Chips,Bread,Shampoo,Frozen_Dinners,Milk,Nuts,Fish,Detergent"
T001177,"Juice,Oranges"
T001178,"Tomato_Sauce,Pasta,Lettuce,Trash_Bags,Pork"
T001179,"Juice,Frozen_Vegetables,Milk"
T001180,"Peanut_Butter,Bread,Lettuce,Apples,Cookies,Cheese,Chicken,Frozen_Pizza,Toothpaste,Muffins"
T001181,"Croissants,Deodorant,Pork,Apples"
T001182,"Soap,Frozen_Dinners,Dish_Soap"
T001183,"Bagels,Turkey,Deodorant,Shampoo,Pork,Toothpaste"
T001184,"Detergent,Cream,Bread"
T001185,"Soap,Yogurt,Muffins,Croissants,Deodorant"
T001186,"Crackers,Bread,Chicken"
T001187,"Jelly,Bread,Water,Yogurt,Cream,Croissants,Shampoo,Nuts,Oranges"
T001188,"Chocolate,Detergent,Cream,Donuts,Coffee,Lettuce,Yogurt"
T001189,"Soap,Bagels,Oranges"
T001190,"Coffee,Cream,Croissants,Oranges"
T001191,"Tomatoes,Detergent,Toothpaste,Paper_Towels,Water,Chocolate,Deodorant"
T001192,"Detergent,Soap,Frozen_Vegetables,Toothpaste,Oranges,Chocolate,Lettuce"
T001193,"Pork,Lettuce,Cheese,Paper_Towels"
T001194,"Chicken,Cookies,Lettuce,Ice_Cream,Oranges,Water"
T001195,"Muffins,Beef"
T001196,"Tea,Dish_Soap,Juice"
T001197,"Chicken,Detergent,Butter,Toothpaste,Muffins,Chips"
T001198,"Apples,Muffins,Donuts,Shampoo"
T001199,"Coffee,Cream,Ice_Cream,Soda"
T001200,"Bananas,Frozen_Dinners"
T001201,"Chips,Dip,Shampoo,Chocolate,Frozen_Pizza,Apples,Pork,Bagels"
T001202,"Frozen_Vegetables,Bananas,Lettuce"
T001203,"Cereal,Bananas,Muffins,Cheese,Turkey,Chocolate,Frozen_Pizza,Coffee"
T001204,"Soap,Nuts,Dish_Soap"
T001205,"Yogurt,Bananas,Dish_Soap"
T001206,"Beef,Pork,Tea,Coffee,Donuts,Trash_Bags"
T001207,"Frozen_Dinners,Paper_Towels,Frozen_Vegetables"
T001208,"Muffins,Milk,Detergent"
T001209,"Jelly,Peanut_Butter,Trash_Bags,Toothpaste,Frozen_Dinners,Tomatoes"
T001210,"Bread,Peanut_Butter,Soda,Soap,Detergent,Cookies,Chicken,Turkey,Toothpaste,Dish_Soap"
T001211,"Fish,Chocolate,Tea,Pork,Yogurt,Frozen_Dinners,Trash_Bags"
T001212,"Milk,Bananas,Oranges,Crackers,Soap,Cheese,Lettuce,Water,Ice_Cream"
T001213,"Juice,Frozen_Pizza,Toothpaste"
T001214,"Cookies,Toothpaste"
T001215,"Jelly,Peanut_Butter,Cream,Detergent,Pork,Butter,Toothpaste"
T001216,"Oranges,Deodorant,Cream,Paper_Towels,Apples,Coffee"
T001217,"Fish,Turkey,Lettuce,Yogurt,Soap,Soda,Juice,Croissants"
T001218,"Butter,Coffee,Oranges,Toothpaste,Ice_Cream,Milk"
T001219,"Croissants,Muffins,Frozen_Vegetables,Detergent,Apples,Pork,Ice_Cream,Paper_Towels"
T001220,"Soap,Lettuce,Bagels,Pork,Crackers,Milk,Shampoo"
T001221,"Bagels,Cream"
T001222,"Sugar,Cream,Detergent,Croissants,Ice_Cream,Beef,Cheese,Deodorant,Apples,Pork"
T001223,"Ice_Cream,Chocolate_Syrup,Shampoo,Chocolate,Turkey,Bread,Tea,Bagels,Chicken,Tomatoes"
T001224,"Milk,Muffins,Shampoo,Pork"
T001225,"Cheese,Pasta,Beef,Cream,Tea,Paper_Towels"
T001226,"Muffins,Bananas,Soda,Cookies,Toothpaste"
T001227,"Soda,Yogurt,Croissants,Oranges,Chocolate"
T001228,"Tomato_Sauce,Cheese,Yogurt,Pork"
T001229,"Fish,Deodorant,Frozen_Pizza,Shampoo"
T001230,"Frozen_Pizza,Shampoo,Frozen_Dinners,Tomatoes,Lettuce,Chocolate,Frozen_Vegetables,Ice_Cream"
T001231,"Cream,Coffee,Bread,Frozen_Pizza,Fish,Frozen_Vegetables"
T001232,"Milk,Muffins,Juice,Pork,Bread,Frozen_Dinners,Water,Cookies"
T001233,"Trash_Bags,Cookies,Toothpaste,Tea,Bread,Bagels,Chips,Dish_Soap"
T001234,"Shampoo,Juice,Nuts,Deodorant,Water,Trash_Bags"
T001235,"Chicken,Rice,Pork,Juice,Beef"
T001236,"Turkey,Soap,Paper_Towels,Bagels,Cheese,Cream"
T001237,"Milk,Bananas,Bagels,Tea"
T001238,"Milk,Lettuce,Crackers,Bread,Cheese,Nuts"
T001239,"Pork,Paper_Towels,Donuts,Apples,Nuts,Cream,Tomatoes"
T001240,"Coffee,Sugar,Trash_Bags,Dish_Soap,Paper_Towels,Crackers"
T001241,"Tomatoes,Hamburger_Buns,Milk,Trash_Bags,Pork"
T001242,"Ice_Cream,Turkey,Muffins,Bananas"
T001243,"Salsa,Beer,Cheese,Frozen_Vegetables,Pork,Ice_Cream,Bagels"
T001244,"Toothpaste,Deodorant,Croissants,Chicken,Paper_Towels,Water"
T001245,"Cream,Chocolate,Soap"
T001246,"Chocolate,Ice_Cream,Frozen_Pizza,Juice,Cookies"
T001247,"Rice,Vegetables,Frozen_Dinners,Apples"
T001248,"Crackers,Bagels"
T001249,"Croissants,Water,Beef,Soap,Tomatoes"
T001250,"Cereal,Bananas,Paper_Towels,Crackers,Tomatoes"
T001251,"Shampoo,Chips,Crackers,Detergent,Pork"
T001252,"Toothpaste,Bagels,Donuts,Oranges,Butter,Detergent,Croissants,Nuts"
T001253,"Cream,Coffee,Ice_Cream,Frozen_Pizza,Trash_Bags,Detergent,Donuts"
T001254,"Bread,Butter,Cream,Water,Oranges,Lettuce,Chocolate,Turkey"
T001255,"Salsa,Chips,Frozen_Pizza,Beef,Croissants,Shampoo,Water,Cookies,Cheese,Butter"
T001256,"Donuts,Bananas,Apples"
T001257,"Butter,Bread,Soap,Coffee,Ice_Cream"
T001258,"Bagels,Paper_Towels,Ice_Cream,Bananas,Lettuce"
T001259,"Milk,Cereal,Muffins,Coffee,Cream"
T001260,"Lettuce,Beef,Hamburger_Buns,Frozen_Pizza,Water,Ice_Cream,Chips"
T001261,"Croissants,Bagels,Dish_Soap,Cheese,Milk,Bread"
T001262,"Ice_Cream,Chocolate_Syrup,Milk,Frozen_Dinners"
T001263,"Water,Butter,Toothpaste,Chicken,Oranges,Chocolate"
T001264,"Oranges,Chocolate,Frozen_Vegetables,Soap"
T001265,"Bagels,Oranges,Apples,Bread,Pork"
T001266,"Frozen_Vegetables,Beef,Pork,Bagels,Trash_Bags,Shampoo,Water"
T001267,"Sugar,Cream,Juice,Soap,Cheese,Croissants"
T001268,"Oranges,Detergent,Apples,Juice,Cookies"
T001269,"Fish,Beef,Paper_Towels,Frozen_Pizza,Cheese,Frozen_Vegetables,Dish_Soap,Coffee"
T001270,"Cheese,Tomato_Sauce,Chips,Water,Frozen_Vegetables,Coffee,Butter"
T001271,"Ice_Cream,Lettuce,Apples,Dish_Soap,Butter,Chicken,Chips"
T001272,"Rice,Vegetables,Chocolate"
T001273,"Chicken,Detergent,Yogurt,Lettuce,Juice"
T001274,"Frozen_Pizza,Trash_Bags,Chips,Tea"
T001275,"Crackers,Chicken,Beef,Frozen_Vegetables,Cookies,Shampoo"
T001276,"Lettuce,Turkey,Bananas,Water,Tomatoes"
T001277,"Fish,Soap,Beef,Yogurt,Detergent,Pork,Milk"
T001278,"Oranges,Detergent,Chicken,Lettuce"
T001279,"Cheese,Cream,Coffee"
T001280,"Chips,Salsa,Cookies,Nuts,Butter,Frozen_Vegetables,Soda"
T001281,"Paper_Towels,Frozen_Pizza,Cream,Detergent,Cookies,Chips"
T001282,"Peanut_Butter,Jelly,Toothpaste,Turkey"
T001283,"Cheese,Pork,Cookies"
T001284,"Ice_Cream,Bananas,Butter,Pork,Tomatoes"
T001285,"Frozen_Pizza,Croissants,Bananas,Milk"
T001286,"Hamburger_Buns,Tomatoes,Lettuce,Cream,Turkey,Frozen_Vegetables"
T001287,"Coffee,Cheese,Trash_Bags,Detergent,Ice_Cream"
T001288,"Bread,Coffee,Turkey,Toothpaste,Milk"
T001289,"Beef,Hamburger_Buns,Tomatoes,Bread,Trash_Bags,Chicken,Ice_Cream,Soap,Toothpaste"
T001290,"Croissants,Deodorant,Crackers,Chocolate,Trash_Bags,Ice_Cream,Coffee"
T001291,"Deodorant,Dish_Soap,Crackers,Chips"
T001292,"Rice,Vegetables,Fish,Bananas,Cream,Chocolate,Coffee,Deodorant"
T001293,"Hamburger_Buns,Tomatoes,Beef,Cheese,Juice,Cream,Trash_Bags"
T001294,"Juice,Trash_Bags,Chicken,Butter"
T001295,"Rice,Chicken,Turkey,Lettuce,Bagels,Dish_Soap,Shampoo,Tea"
T001296,"Butter,Chicken,Shampoo,Paper_Towels"
T001297,"Tea,Frozen_Pizza,Chicken,Trash_Bags,Milk,Ice_Cream"
T001298,"Soda,Chips,Tomatoes,Frozen_Dinners,Nuts,Toothpaste"
T001299,"Oranges,Dish_Soap,Chocolate,Milk,Deodorant,Pork,Donuts"
T001300,"Milk,Lettuce,Soap,Nuts"
T001301,"Fish,Cream,Turkey"
T001302,"Donuts,Chicken,Crackers,Lettuce,Water,Trash_Bags"
T001303,"Chicken,Paper_Towels,Muffins"
T001304,"Ice_Cream,Nuts,Oranges,Bagels"
T001305,"Bagels,Yogurt"
T001306,"Detergent,Muffins,Bananas,Beef,Soda"
T001307,"Turkey,Ice_Cream"
T001308,"Detergent,Muffins,Coffee,Ice_Cream"
T001309,"Rice,Chicken,Bagels,Tea,Juice,Fish,Nuts"
T001310,"Muffins,Oranges"
T001311,"Bread,Crackers,Soap"
T001312,"Chips,Yogurt,Trash_Bags,Dish_Soap"
T001313,"Cheese,Tomato_Sauce,Oranges,Frozen_Dinners,Pork"
T001314,"Bread,Peanut_Butter,Toothpaste,Butter,Chocolate"
T001315,"Rice,Vegetables,Chocolate,Cream,Coffee,Apples,Fish"
T001316,"Ice_Cream,Chocolate_Syrup,Shampoo,Butter,Deodorant,Cheese,Trash_Bags,Chicken"
T001317,"Toothpaste,Frozen_Dinners,Shampoo"
T001318,"Rice,Chicken,Donuts,Paper_Towels,Frozen_Vegetables,Bread,Coffee,Chips"
T001319,"Cookies,Nuts,Toothpaste,Tea"
T001320,"Cream,Butter,Bread,Lettuce"
T001321,"Soda,Lettuce,Beef,Ice_Cream,Turkey,Tomatoes"
T001322,"Pork,Dish_Soap,Butter,Cheese,Tomatoes,Water,Juice"
T001323,"Detergent,Lettuce,Fish,Toothpaste,Donuts,Muffins,Soap"
T001324,"Frozen_Pizza,Milk,Juice"
T001325,"Bread,Butter,Chocolate,Deodorant,Lettuce,Cheese,Paper_Towels"
T001326,"Tomatoes,Beef,Butter,Cream,Cheese,Tea,Frozen_Dinners,Apples"
T001327,"Tea,Paper_Towels,Beef"
T001328,"Toothpaste,Detergent,Juice,Bagels,Nuts,Bananas,Pork"
T001329,"Bread,Butter,Fish,Yogurt,Frozen_Vegetables,Trash_Bags,Ice_Cream"
T001330,"Paper_Towels,Turkey,Tea,Ice_Cream,Frozen_Vegetables"
T001331,"Chocolate_Syrup,Ice_Cream,Cheese,Detergent,Frozen_Pizza,Soap,Nuts,Dish_Soap"
T001332,"Lettuce,Chicken,Turkey,Bananas"
T001333,"Hamburger_Buns,Beef,Tomatoes,Shampoo,Coffee,Dish_Soap,Turkey,Soda,Yogurt,Frozen_Pizza"
T001334,"Tea,Frozen_Dinners,Pork"
T001335,"Dip,Chips,Oranges,Frozen_Vegetables,Soap"
T001336,"Hamburger_Buns,Beef,Tomatoes,Chips,Cheese,Oranges,Shampoo,Ice_Cream,Crackers,Milk"
T001337,"Crackers,Milk"
T001338,"Coffee,Sugar,Butter,Frozen_Pizza,Croissants,Bread,Crackers,Paper_Towels"
T001339,"Tomatoes,Lettuce,Beef,Juice,Ice_Cream,Cookies"
T001340,"Chips,Bananas"
T001341,"Lettuce,Hamburger_Buns,Tomatoes,Frozen_Dinners,Chicken,Ice_Cream"
T001342,"Frozen_Dinners,Soda,Cookies,Cheese,Cream,Muffins,Oranges"
T001343,"Lettuce,Beef,Hamburger_Buns,Deodorant,Soda,Pork,Juice"
T001344,"Bread,Lettuce,Dish_Soap,Deodorant,Cheese,Bananas,Frozen_Vegetables"
T001345,"Tea,Chocolate,Toothpaste,Milk,Bread,Paper_Towels,Frozen_Vegetables"
T001346,"Juice,Soda"
T001347,"Butter,Dish_Soap,Donuts,Toothpaste"
T001348,"Cereal,Milk,Coffee,Turkey,Frozen_Dinners"
T001349,"Paper_Towels,Trash_Bags,Donuts,Soap"
T001350,"Butter,Bread,Oranges,Chicken,Muffins,Yogurt,Cookies,Deodorant,Shampoo,Pork"
T001351,"Rice,Vegetables,Cream,Dish_Soap,Tea,Trash_Bags,Nuts,Frozen_Dinners"
T001352,"Juice,Crackers,Shampoo,Chips,Chocolate,Dish_Soap,Detergent,Fish"
T001353,"Ice_Cream,Whipped_Cream,Bananas,Dish_Soap,Coffee"
T001354,"Ice_Cream,Turkey,Frozen_Pizza"
T001355,"Cream,Sugar,Apples,Shampoo"
T001356,"Jelly,Bread,Turkey,Milk,Coffee,Crackers"
T001357,"Crackers,Turkey,Ice_Cream,Tea,Pork,Nuts,Beef"
T001358,"Chicken,Cookies,Oranges,Turkey,Butter,Lettuce"
T001359,"Tea,Bread,Chocolate,Paper_Towels"
T001360,"Detergent,Frozen_Pizza,Shampoo,Soda,Trash_Bags,Milk,Cheese"
T001361,"Bananas,Apples,Beef,Lettuce,Yogurt,Butter"
T001362,"Deodorant,Butter,Water,Bananas,Dish_Soap,Tomatoes,Paper_Towels"
T001363,"Shampoo,Toothpaste,Chocolate,Bananas,Chicken,Crackers"
T001364,"Turkey,Chicken,Frozen_Vegetables,Cookies"
T001365,"Cream,Yogurt,Deodorant,Crackers,Nuts"
T001366,"Bread,Dish_Soap,Cookies"
T001367,"Bananas,Croissants,Cookies,Toothpaste,Nuts"
T001368,"Tomatoes,Milk,Chips,Soap,Soda,Beef,Bread"
T001369,"Peanut_Butter,Jelly,Milk,Apples,Ice_Cream,Water,Chocolate,Soap"
T001370,"Turkey,Lettuce"
T001371,"Lettuce,Yogurt,Butter,Apples,Frozen_Dinners"
T001372,"Frozen_Vegetables,Detergent"
T001373,"Frozen_Pizza,Tea,Beef,Shampoo,Pork,Toothpaste,Trash_Bags"
T001374,"Water,Crackers,Nuts,Apples,Trash_Bags,Deodorant"
T001375,"Coffee,Chocolate"
T001376,"Paper_Towels,Cheese"
T001377,"Water,Soap"
T001378,"Chocolate,Bananas,Frozen_Dinners,Turkey,Fish,Crackers,Chips,Toothpaste"
T001379,"Water,Yogurt,Bread,Beef,Dish_Soap,Deodorant,Shampoo"
T001380,"Milk,Bread,Turkey,Cheese"
T001381,"Frozen_Dinners,Frozen_Pizza,Tomatoes,Yogurt,Soda,Beef,Trash_Bags,Oranges"
T001382,"Water,Dish_Soap,Deodorant"
T001383,"Bananas,Cereal,Tea,Deodorant,Apples"
T001384,"Beef,Ice_Cream,Soap"
T001385,"Chicken,Vegetables,Bagels,Beef,Apples,Bread"
T001386,"Beef,Lettuce,Tomatoes,Tea,Water,Cookies"
T001387,"Peanut_Butter,Bread,Chocolate,Dish_Soap,Detergent,Cream,Yogurt,Croissants,Oranges"
T001388,"Soda,Frozen_Pizza"
T001389,"Chocolate_Syrup,Ice_Cream,Toothpaste,Detergent,Cookies,Chips,Bagels,Croissants"
T001390,"Donuts,Yogurt,Croissants,Detergent"
T001391,"Tomatoes,Lettuce,Turkey,Soda,Chicken,Cookies"
T001392,"Beef,Water,Yogurt,Bananas"
T001393,"Crackers,Soap,Dish_Soap,Ice_Cream,Bananas"
T001394,"Muffins,Frozen_Vegetables,Bagels,Toothpaste,Tea,Frozen_Pizza"
T001395,"Pork,Trash_Bags,Muffins,Oranges"
T001396,"Chicken,Turkey"
T001397,"Bread,Peanut_Butter,Cookies,Frozen_Vegetables,Tomatoes"
T001398,"Frozen_Vegetables,Milk,Lettuce"
T001399,"Beef,Juice,Paper_Towels"
T001400,"Salsa,Chips,Pork,Dish_Soap,Paper_Towels,Juice,Shampoo,Ice_Cream"
T001401,"Soap,Bananas,Lettuce,Ice_Cream,Coffee,Pork,Frozen_Dinners,Tea"
T001402,"Apples,Fish,Frozen_Pizza,Nuts,Bread,Turkey,Toothpaste"
T001403,"Toothpaste,Frozen_Dinners,Detergent,Lettuce,Frozen_Vegetables,Bananas"
T001404,"Butter,Chips,Muffins,Trash_Bags,Detergent,Bananas"
T001405,"Milk,Cheese,Bread,Juice,Frozen_Pizza,Yogurt,Deodorant,Shampoo"
T001406,"Milk,Cereal,Trash_Bags,Croissants,Cheese,Paper_Towels,Bread"
T001407,"Frozen_Pizza,Bananas"
T001408,"Ice_Cream,Apples,Nuts"
T001409,"Tea,Soda"
T001410,"Beef,Water,Soap"
T001411,"Soap,Turkey,Deodorant,Muffins,Beef"
T001412,"Cheese,Tomatoes,Detergent"
T001413,"Oranges,Detergent,Chocolate,Cream"
T001414,"Dish_Soap,Yogurt,Toothpaste,Frozen_Vegetables,Beef,Soap"
T001415,"Ice_Cream,Nuts,Coffee,Apples,Dish_Soap,Bread,Juice"
T001416,"Oranges,Pork,Cheese,Apples,Juice,Beef,Crackers"
T001417,"Dish_Soap,Frozen_Vegetables,Tomatoes,Beef,Cheese,Detergent,Chicken"
T001418,"Beer,Salsa,Shampoo,Bagels"
T001419,"Chocolate_Syrup,Whipped_Cream,Frozen_Dinners,Chocolate,Croissants,Dish_Soap,Shampoo,Trash_Bags"
T001420,"Muffins,Dish_Soap,Frozen_Dinners,Beef,Chicken,Deodorant,Donuts,Frozen_Pizza"
T001421,"Ice_Cream,Deodorant"
T001422,"Crackers,Turkey,Soap,Trash_Bags,Dish_Soap,Nuts,Donuts"
T001423,"Juice,Butter"
T001424,"Chocolate_Syrup,Ice_Cream,Tomatoes,Soap,Paper_Towels,Frozen_Dinners"
T001425,"Ice_Cream,Whipped_Cream,Oranges,Nuts,Cheese,Bagels,Croissants"
T001426,"Cream,Bagels"
T001427,"Chicken,Vegetables,Trash_Bags,Cheese,Ice_Cream,Apples,Detergent,Soda,Juice,Donuts"
T001428,"Lettuce,Milk,Beef"
T001429,"Frozen_Vegetables,Deodorant,Juice,Paper_Towels,Fish,Bagels"
T001430,"Frozen_Dinners,Frozen_Pizza,Croissants,Ice_Cream,Shampoo,Fish,Dish_Soap"
T001431,"Lettuce,Tomatoes,Chocolate"
T001432,"Juice,Croissants,Turkey,Yogurt,Paper_Towels,Nuts"
T001433,"Milk,Cereal,Shampoo,Bananas,Soda,Turkey,Beef,Apples"
T001434,"Toothpaste,Deodorant,Bagels,Detergent"
T001435,"Donuts,Soda"
T001436,"Lettuce,Bananas,Cream,Bagels"
T001437,"Shampoo,Cream,Trash_Bags"
T001438,"Tea,Frozen_Dinners,Frozen_Vegetables,Beef,Juice"
T001439,"Frozen_Pizza,Crackers,Nuts,Deodorant"
T001440,"Ice_Cream,Chocolate_Syrup,Cookies,Tomatoes,Milk"
T001441,"Chicken,Rice,Soap,Bananas,Cookies,Detergent,Milk,Fish"
T001442,"Trash_Bags,Frozen_Pizza,Croissants,Turkey,Nuts"
T001443,"Fish,Bread,Crackers,Toothpaste,Water,Yogurt,Bananas"
T001444,"Bananas,Fish,Yogurt,Cream,Crackers"
T001445,"Donuts,Frozen_Dinners,Shampoo,Milk"
T001446,"Donuts,Toothpaste"
T001447,"Soap,Dish_Soap,Fish,Butter,Yogurt,Coffee,Soda"
T001448,"Milk,Chicken,Dish_Soap,Paper_Towels,Juice,Tomatoes,Cream"
T001449,"Shampoo,Butter,Soap,Lettuce"
T001450,"Soap,Frozen_Pizza,Bread,Cheese,Frozen_Vegetables,Tomatoes,Chicken"
T001451,"Shampoo,Croissants,Frozen_Pizza,Lettuce,Ice_Cream,Chocolate,Bread"
T001452,"Tomatoes,Lettuce,Beef,Paper_Towels,Frozen_Vegetables,Cream,Water,Oranges,Yogurt,Bread,Frozen_Pizza"
T001453,"Soap,Cheese,Coffee"
T001454,"Pork,Deodorant,Juice,Dish_Soap"
T001455,"Tomatoes,Nuts,Toothpaste,Tea,Cream"
T001456,"Nuts,Turkey,Chicken,Soap,Dish_Soap,Detergent,Donuts"
T001457,"Bananas,Lettuce"
T001458,"Tomatoes,Turkey"
T001459,"Apples,Butter,Tomatoes"
T001460,"Muffins,Cheese,Tomatoes,Pork"
T001461,"Lettuce,Pork,Frozen_Vegetables,Butter,Ice_Cream,Bananas"
T001462,"Frozen_Dinners,Tea,Croissants,Frozen_Vegetables,Paper_Towels,Soda"
T001463,"Bread,Jelly,Nuts,Juice"
T001464,"Detergent,Yogurt"
T001465,"Bagels,Frozen_Pizza,Butter"
T001466,"Frozen_Pizza,Dish_Soap,Bagels,Paper_Towels"
T001467,"Bananas,Chips"
T001468,"Chicken,Vegetables,Fish,Bananas,Frozen_Vegetables"
T001469,"Yogurt,Fish"
T001470,"Chocolate_Syrup,Whipped_Cream,Croissants,Fish,Muffins,Oranges,Chocolate,Soap,Pork"
T001471,"Frozen_Vegetables,Detergent,Milk,Ice_Cream,Coffee"
T001472,"Paper_Towels,Coffee,Chicken,Toothpaste,Juice"
T001473,"Soda,Dip,Bread,Yogurt,Deodorant"
T001474,"Cheese,Muffins,Deodorant,Fish"
T001475,"Soda,Milk,Crackers"
T001476,"Apples,Shampoo,Cookies,Cheese"
T001477,"Soap,Toothpaste,Bagels,Yogurt"
T001478,"Paper_Towels,Beef"
T001479,"Lettuce,Soap,Shampoo,Chocolate,Paper_Towels"
T001480,"Butter,Cookies,Donuts,Dish_Soap,Bread,Juice"
T001481,"Turkey,Frozen_Dinners,Detergent"
T001482,"Croissants,Milk"
T001483,"Frozen_Pizza,Detergent,Ice_Cream,Frozen_Vegetables,Trash_Bags,Cheese"
T001484,"Cereal,Milk,Soap,Bagels,Lettuce,Ice_Cream,Chips"
T001485,"Croissants,Turkey,Milk,Nuts,Shampoo,Crackers"
T001486,"Crackers,Deodorant"
T001487,"Tomatoes,Crackers"
T001488,"Detergent,Tomatoes,Frozen_Pizza"
T001489,"Whipped_Cream,Ice_Cream,Milk,Soap,Pork,Frozen_Vegetables,Tea,Chicken"
T001490,"Ice_Cream,Frozen_Dinners,Deodorant"
T001491,"Chocolate,Chicken,Bananas,Frozen_Dinners,Soap,Frozen_Vegetables"
T001492,"Bread,Milk,Tea,Donuts,Toothpaste,Paper_Towels,Croissants,Oranges,Beef"
T001493,"Tomato_Sauce,Pasta,Detergent,Dish_Soap,Cream,Chips,Bread,Fish,Muffins,Chicken"
T001494,"Pasta,Tomato_Sauce,Butter,Toothpaste"
T001495,"Coffee,Sugar,Milk,Donuts"
T001496,"Coffee,Oranges,Chips"
T001497,"Lettuce,Pork,Tomatoes,Frozen_Pizza"
T001498,"Soap,Cheese,Croissants,Soda,Water"
T001499,"Deodorant,Soap,Frozen_Pizza,Frozen_Dinners,Beef,Ice_Cream"
T001500,"Ice_Cream,Bananas"
T001501,"Yogurt,Croissants,Donuts"
T001502,"Cookies,Milk,Muffins"
T001503,"Jelly,Peanut_Butter,Cheese,Beef,Croissants"
T001504,"Frozen_Pizza,Oranges,Croissants"
T001505,"Jelly,Bread,Soap,Juice,Dish_Soap,Trash_Bags,Ice_Cream"
T001506,"Apples,Nuts,Bagels,Detergent,Beef"
T001507,"Chicken,Turkey,Beef,Shampoo,Paper_Towels,Frozen_Dinners"
T001508,"Cheese,Tomato_Sauce,Chips,Yogurt,Dish_Soap,Frozen_Vegetables,Detergent,Muffins,Oranges"
T001509,"Trash_Bags,Dish_Soap,Frozen_Vegetables,Tomatoes"
T001510,"Croissants,Bananas"
T001511,"Cream,Nuts,Butter,Crackers,Croissants,Turkey,Chips,Ice_Cream"
T001512,"Ice_Cream,Soap,Beef,Deodorant,Frozen_Pizza,Frozen_Dinners,Tea"
T001513,"Beef,Chocolate,Apples,Water,Coffee"
T001514,"Coffee,Cream,Bananas,Bread,Apples,Shampoo,Oranges,Tea"
T001515,"Deodorant,Trash_Bags,Coffee,Bananas,Cream,Cheese,Pork,Shampoo"
T001516,"Salsa,Chips,Cookies,Bagels,Nuts"
T001517,"Shampoo,Ice_Cream,Milk,Frozen_Vegetables,Deodorant,Chocolate,Paper_Towels,Coffee"
T001518,"Shampoo,Bananas,Deodorant,Juice,Detergent,Apples,Chips"
T001519,"Deodorant,Toothpaste,Beef,Frozen_Pizza,Paper_Towels"
T001520,"Paper_Towels,Coffee,Chocolate,Juice,Crackers,Beef,Donuts"
T001521,"Yogurt,Crackers,Deodorant"
T001522,"Beef,Lettuce,Hamburger_Buns,Oranges,Cream,Deodorant,Frozen_Vegetables"
T001523,"Nuts,Dish_Soap,Soap"
T001524,"Tea,Water"
T001525,"Frozen_Dinners,Nuts,Turkey,Tomatoes,Crackers,Chocolate,Juice,Ice_Cream"
T001526,"Beef,Hamburger_Buns,Tomatoes,Coffee,Bananas"
T001527,"Milk,Cereal,Frozen_Dinners,Chocolate,Beef,Frozen_Pizza,Donuts,Paper_Towels,Deodorant"
T001528,"Cream,Coffee,Bread,Beef,Muffins,Tea,Water,Paper_Towels"
T001529,"Water,Coffee"
T001530,"Cheese,Water,Ice_Cream,Tomatoes"
T001531,"Beef,Chocolate,Detergent,Trash_Bags,Cheese,Shampoo,Chips,Muffins"
T001532,"Dish_Soap,Frozen_Vegetables,Beef,Frozen_Pizza"
T001533,"Chips,Salsa,Apples,Toothpaste,Frozen_Pizza,Ice_Cream,Frozen_Dinners"
T001534,"Whipped_Cream,Ice_Cream,Bagels,Paper_Towels,Tea,Chicken"
T001535,"Beef,Frozen_Pizza,Shampoo,Cookies,Tomatoes"
T001536,"Fish,Cheese,Lettuce,Cream"
T001537,"Oranges,Crackers,Frozen_Dinners"
T001538,"Chocolate,Beef"
T001539,"Detergent,Frozen_Dinners,Soap,Soda,Chocolate,Juice,Oranges"
T001540,"Lettuce,Bagels,Fish,Pork,Tea,Tomatoes,Croissants"
T001541,"Toothpaste,Ice_Cream,Frozen_Vegetables"
T001542,"Tomatoes,Soap,Cream"
T001543,"Donuts,Chips,Bananas,Butter"
T001544,"Jelly,Bread,Milk,Fish,Tea,Donuts,Detergent,Chips"
T001545,"Cookies,Milk,Toothpaste,Cream,Beef"
T001546,"Chicken,Rice,Soda,Lettuce,Dish_Soap,Bagels,Chocolate"
T001547,"Shampoo,Frozen_Pizza,Bread,Dish_Soap,Water,Bagels"
T001548,"Pork,Crackers,Juice,Apples,Milk,Oranges,Butter"
T001549,"Cereal,Bananas,Detergent,Croissants,Milk,Ice_Cream,Chips"
T001550,"Beer,Salsa,Tea,Trash_Bags"
T001551,"Chicken,Rice,Cheese,Chocolate,Frozen_Vegetables,Frozen_Pizza,Turkey"
T001552,"Chicken,Nuts"
T001553,"Beef,Dish_Soap"
T001554,"Chocolate,Nuts,Cream,Bread,Ice_Cream"
T001555,"Chicken,Rice,Toothpaste,Frozen_Pizza,Cream,Soap,Pork,Tea,Cookies,Croissants"
T001556,"Muffins,Pork,Ice_Cream,Butter,Donuts"
T001557,"Butter,Croissants,Bagels,Cookies"
T001558,"Coffee,Paper_Towels,Trash_Bags,Apples,Chocolate"
T001559,"Muffins,Lettuce,Nuts,Toothpaste"
T001560,"Paper_Towels,Oranges,Fish,Pork,Coffee"
T001561,"Bread,Peanut_Butter,Crackers,Shampoo"
T001562,"Pork,Tea,Dish_Soap"
T001563,"Frozen_Pizza,Apples,Tea,Paper_Towels,Deodorant,Ice_Cream,Coffee,Croissants"
T001564,"Shampoo,Soda,Deodorant"
T001565,"Cheese,Pasta,Nuts,Shampoo"
T001566,"Sugar,Coffee,Toothpaste,Shampoo"
T001567,"Pasta,Cheese,Cookies,Turkey,Butter"
T001568,"Apples,Butter,Ice_Cream,Detergent,Soap"
T001569,"Tomatoes,Soda,Shampoo"
T001570,"Cheese,Donuts,Paper_Towels,Shampoo,Bagels"
T001571,"Oranges,Detergent,Lettuce,Juice"
T001572,"Donuts,Butter,Bagels"
T001573,"Yogurt,Fish,Deodorant"
T001574,"Paper_Towels,Milk,Lettuce"
T001575,"Lettuce,Deodorant,Frozen_Pizza,Tea,Beef,Nuts"
T001576,"Dish_Soap,Coffee"
T001577,"Coffee,Cream,Butter,Water,Turkey,Frozen_Pizza,Tea"
T001578,"Apples,Butter,Beef,Tomatoes,Lettuce,Soda,Oranges"
T001579,"Paper_Towels,Bagels,Detergent,Shampoo,Nuts,Milk,Yogurt,Lettuce"
T001580,"Frozen_Dinners,Pork,Frozen_Vegetables,Tea"
T001581,"Frozen_Pizza,Tea,Yogurt,Nuts"
T001582,"Frozen_Dinners,Apples,Pork,Frozen_Pizza"
T001583,"Beef,Lettuce,Tomatoes,Water,Cheese,Deodorant,Detergent,Yogurt,Crackers"
T001584,"Muffins,Beef,Bagels"
T001585,"Whipped_Cream,Ice_Cream,Pork,Bread,Shampoo,Deodorant,Muffins,Chocolate,Croissants"
T001586,"Bagels,Apples,Toothpaste,Fish"
T001587,"Dip,Soda,Oranges,Detergent,Donuts,Trash_Bags"
T001588,"Croissants,Shampoo,Chicken,Trash_Bags,Frozen_Dinners,Cheese,Coffee"
T001589,"Tea,Detergent,Milk"
T001590,"Milk,Bread,Oranges,Beef"
T001591,"Salsa,Beer,Bread,Juice,Bagels"
T001592,"Crackers,Milk,Cookies"
T001593,"Donuts,Frozen_Dinners"
T001594,"Chips,Crackers,Croissants,Cheese,Butter"
T001595,"Pasta,Tomato_Sauce,Shampoo,Tomatoes,Milk,Bananas,Trash_Bags"
T001596,"Chocolate_Syrup,Ice_Cream,Paper_Towels,Fish,Croissants,Yogurt,Shampoo,Frozen_Vegetables,Trash_Bags,Milk"
T001597,"Muffins,Chips,Cookies,Water,Frozen_Dinners"
T001598,"Tea,Juice,Frozen_Dinners,Lettuce,Bananas"
T001599,"Cheese,Pasta,Frozen_Dinners,Bagels,Yogurt"
T001600,"Pork,Juice"
T001601,"Tomatoes,Hamburger_Buns,Lettuce,Bagels,Detergent"
T001602,"Milk,Bread,Chocolate,Toothpaste,Apples,Donuts,Soda,Deodorant,Shampoo,Trash_Bags"
T001603,"Toothpaste,Turkey,Detergent,Trash_Bags,Croissants"
T001604,"Vegetables,Rice,Cheese,Fish,Yogurt,Toothpaste,Ice_Cream,Muffins"
T001605,"Pork,Frozen_Vegetables"
T001606,"Pork,Paper_Towels,Deodorant,Tomatoes"
T001607,"Butter,Frozen_Dinners,Soap,Apples"
T001608,"Soap,Frozen_Dinners,Coffee,Lettuce,Paper_Towels,Cheese"
T001609,"Cookies,Crackers,Trash_Bags,Apples"
T001610,"Yogurt,Croissants,Tea,Milk,Chocolate"
T001611,"Rice,Chicken,Trash_Bags,Dish_Soap,Deodorant,Frozen_Vegetables,Nuts"
T001612,"Butter,Bananas,Chicken,Chips,Muffins"
T001613,"Pork,Ice_Cream,Crackers,Frozen_Vegetables,Beef"
T001614,"Bread,Peanut_Butter,Soda,Yogurt,Crackers"
T001615,"Chocolate_Syrup,Ice_Cream,Shampoo,Chips,Milk,Cheese,Cream,Frozen_Dinners,Deodorant,Frozen_Pizza"
T001616,"Bagels,Frozen_Pizza,Oranges,Frozen_Dinners,Juice,Chocolate,Chips"
T001617,"Butter,Paper_Towels,Tea"
T001618,"Milk,Bread,Frozen_Dinners,Soap,Cookies"
T001619,"Deodorant,Bagels,Toothpaste,Coffee,Fish,Water"
T001620,"Oranges,Frozen_Vegetables,Crackers"
T001621,"Peanut_Butter,Jelly,Toothpaste,Nuts"
T001622,"Coffee,Sugar,Cream,Tomatoes,Shampoo"
T001623,"Hamburger_Buns,Beef,Tomatoes,Chicken,Apples,Soap"
T001624,"Pork,Soda,Nuts,Butter,Oranges"
T001625,"Bread,Peanut_Butter,Shampoo,Ice_Cream,Fish,Chips"
T001626,"Juice,Ice_Cream,Lettuce,Tea"
T001627,"Bananas,Juice,Muffins,Water,Paper_Towels,Fish"
T001628,"Bagels,Nuts,Chicken,Bananas,Cheese"
T001629,"Frozen_Vegetables,Cheese"
T001630,"Apples,Toothpaste,Tea,Turkey,Pork"
T001631,"Pasta,Cheese,Cream,Beef"
T001632,"Soda,Beef,Coffee,Chicken"
T001633,"Chicken,Toothpaste,Frozen_Pizza"
T001634,"Chicken,Lettuce,Fish,Chips"
T001635,"Pasta,Cheese,Detergent,Tomatoes,Pork,Shampoo,Croissants"
T001636,"Chicken,Detergent,Soda,Cream,Fish,Frozen_Pizza"
T001637,"Cheese,Pasta,Toothpaste,Dish_Soap,Soap,Frozen_Dinners"
T001638,"Beer,Chips,Coffee,Frozen_Pizza"
T001639,"Rice,Vegetables,Dish_Soap,Turkey,Trash_Bags,Bread"
T001640,"Crackers,Bread"
T001641,"Bread,Cookies,Donuts,Chicken"
T001642,"Rice,Vegetables,Trash_Bags,Paper_Towels"
T001643,"Bananas,Frozen_Dinners,Croissants,Muffins,Soap"
T001644,"Pasta,Cheese,Tea,Bagels"
T001645,"Beef,Tomatoes,Lettuce,Turkey,Pork"
T001646,"Tea,Fish,Detergent,Coffee,Shampoo,Tomatoes"
T001647,"Oranges,Donuts,Frozen_Dinners,Soap,Butter,Turkey,Toothpaste"
T001648,"Tomato_Sauce,Pasta,Frozen_Dinners,Tomatoes,Cookies,Croissants,Lettuce,Cream,Juice"
T001649,"Cheese,Pasta,Pork,Soda,Donuts,Detergent"
T001650,"Croissants,Beef"
T001651,"Shampoo,Ice_Cream,Bread,Lettuce,Donuts,Pork"
T001652,"Bagels,Deodorant,Nuts,Cheese"
T001653,"Detergent,Frozen_Dinners,Soda"
T001654,"Trash_Bags,Nuts,Shampoo"
T001655,"Crackers,Ice_Cream"
T001656,"Salsa,Beer,Apples,Paper_Towels,Milk,Tomatoes,Frozen_Pizza"
T001657,"Croissants,Frozen_Dinners,Nuts,Cheese,Beef,Tea,Chips"
T001658,"Tea,Toothpaste,Muffins,Chocolate,Soda,Frozen_Dinners,Cookies"
T001659,"Chips,Beer,Muffins,Deodorant,Frozen_Pizza,Coffee,Frozen_Vegetables,Butter"
T001660,"Frozen_Pizza,Coffee,Tomatoes,Yogurt,Trash_Bags,Shampoo,Chocolate"
T001661,"Dish_Soap,Lettuce,Chocolate"
T001662,"Apples,Fish"
T001663,"Donuts,Frozen_Pizza,Chips"
T001664,"Dip,Soda,Muffins,Ice_Cream,Chocolate,Croissants,Tea,Soap"
T001665,"Detergent,Chips,Butter"
T001666,"Tomatoes,Fish,Butter,Dish_Soap"
T001667,"Soda,Trash_Bags,Lettuce"
T001668,"Trash_Bags,Juice,Cookies,Cheese,Nuts,Chips,Paper_Towels,Bread"
T001669,"Oranges,Muffins,Soap,Nuts,Milk,Soda,Chocolate,Beef"
T001670,"Donuts,Toothpaste"
T001671,"Lettuce,Hamburger_Buns,Tomatoes,Soda,Toothpaste,Turkey,Detergent"
T001672,"Cheese,Bananas"
T001673,"Sugar,Coffee,Frozen_Vegetables,Soda,Ice_Cream,Beef"
T001674,"Chocolate_Syrup,Ice_Cream,Detergent,Crackers,Soda,Bagels,Oranges"
T001675,"Lettuce,Soda,Bagels,Frozen_Pizza,Muffins"
T001676,"Trash_Bags,Turkey,Chips,Tomatoes,Soap,Bananas,Toothpaste"
T001677,"Frozen_Pizza,Chips,Ice_Cream,Yogurt,Toothpaste,Water"
T001678,"Butter,Muffins,Toothpaste,Soda,Tea,Dish_Soap"
T001679,"Bread,Peanut_Butter,Frozen_Vegetables,Tea"
T001680,"Croissants,Chicken,Cookies,Turkey,Toothpaste,Soda,Cheese"
T001681,"Tea,Bread,Fish"
T001682,"Paper_Towels,Ice_Cream"
T001683,"Cookies,Crackers,Tomatoes,Soap,Chips,Oranges"
T001684,"Tea,Toothpaste"
T001685,"Chocolate,Crackers,Cookies,Shampoo,Butter"
T001686,"Frozen_Vegetables,Croissants"
T001687,"Tea,Butter,Lettuce,Turkey,Donuts"
T001688,"Detergent,Soda,Paper_Towels,Beef"
T001689,"Pasta,Cheese,Donuts,Dish_Soap,Frozen_Pizza,Lettuce,Bagels,Chocolate"
T001690,"Ice_Cream,Deodorant,Coffee"
T001691,"Dip,Soda,Bread,Paper_Towels,Soap"
T001692,"Bagels,Butter"
T001693,"Rice,Vegetables,Trash_Bags,Yogurt,Coffee,Soda"
T001694,"Chocolate_Syrup,Whipped_Cream,Nuts,Yogurt,Detergent"
T001695,"Bagels,Pork"
T001696,"Whipped_Cream,Ice_Cream,Butter,Soap,Oranges,Beef,Frozen_Dinners,Nuts,Crackers,Tomatoes"
T001697,"Ice_Cream,Chocolate_Syrup,Turkey,Shampoo,Fish,Bagels,Yogurt"
T001698,"Cookies,Butter,Bread,Croissants,Shampoo,Tomatoes,Cheese"
T001699,"Dish_Soap,Tomatoes,Soda,Lettuce,Coffee,Chocolate,Trash_Bags"
T001700,"Ice_Cream,Chocolate_Syrup,Tomatoes,Dish_Soap,Bagels"
T001701,"Shampoo,Muffins"
T001702,"Beef,Dish_Soap,Ice_Cream,Croissants,Donuts"
T001703,"Milk,Frozen_Vegetables,Tea,Chips"
T001704,"Muffins,Soda,Bananas,Chocolate,Bread,Frozen_Pizza"
T001705,"Tomatoes,Cheese,Chips,Soap"
T001706,"Chips,Beef,Paper_Towels,Ice_Cream"
T001707,"Pork,Lettuce"
T001708,"Muffins,Butter,Chocolate,Cookies,Soap,Croissants,Detergent"
T001709,"Oranges,Water"
T001710,"Milk,Bananas,Turkey,Fish,Bread"
T001711,"Cookies,Deodorant,Oranges,Crackers,Ice_Cream"
T001712,"Crackers,Toothpaste,Cream,Water,Chicken"
T001713,"Frozen_Vegetables,Nuts,Tomatoes"
T001714,"Ice_Cream,Soap"
T001715,"Turkey,Soap,Cream,Pork,Chicken,Beef,Frozen_Pizza,Shampoo"
T001716,"Nuts,Coffee,Apples,Bananas,Dish_Soap,Chicken,Bagels,Chips"
T001717,"Donuts,Yogurt,Butter,Chicken,Coffee"
T001718,"Bread,Chips,Chicken,Cream"
T001719,"Tomatoes,Beef,Toothpaste,Shampoo"
T001720,"Detergent,Juice,Bagels"
T001721,"Coffee,Bagels"
T001722,"Salsa,Chips,Cookies,Soda,Toothpaste,Coffee"
T001723,"Turkey,Oranges,Cookies,Nuts,Detergent"
T001724,"Crackers,Cheese,Beef"
T001725,"Beef,Cheese,Turkey,Apples,Paper_Towels"
T001726,"Water,Toothpaste,Crackers,Croissants"
T001727,"Cheese,Tomato_Sauce,Crackers,Tomatoes,Bananas,Soda,Frozen_Pizza"
T001728,"Chips,Tomatoes,Butter,Crackers"
T001729,"Juice,Chocolate,Oranges"
T001730,"Apples,Milk,Chocolate,Water,Soap,Ice_Cream"
T001731,"Toothpaste,Dish_Soap,Tea,Ice_Cream,Pork,Cookies,Frozen_Dinners,Beef"
T001732,"Fish,Trash_Bags,Toothpaste"
T001733,"Chicken,Oranges"
T001734,"Detergent,Water,Coffee,Butter,Turkey,Tea,Cookies"
T001735,"Bananas,Beef,Soap"
T001736,"Sugar,Coffee,Chicken,Ice_Cream,Donuts,Frozen_Pizza,Fish"
T001737,"Dish_Soap,Bananas,Fish"
T001738,"Soda,Chips,Juice,Deodorant,Apples,Dish_Soap,Paper_Towels"
T001739,"Crackers,Soda,Detergent,Paper_Towels,Yogurt"
T001740,"Butter,Dish_Soap"
T001741,"Ice_Cream,Oranges,Muffins"
T001742,"Butter,Crackers,Detergent,Chips,Dish_Soap"
T001743,"Frozen_Dinners,Soap"
T001744,"Vegetables,Rice,Donuts,Nuts,Frozen_Vegetables,Coffee"
T001745,"Cheese,Pasta,Beef,Croissants,Water,Bagels,Frozen_Dinners,Yogurt,Toothpaste,Fish"
T001746,"Bagels,Frozen_Vegetables,Bread,Dish_Soap,Frozen_Pizza,Tomatoes"
T001747,"Cookies,Chicken,Pork,Donuts,Tomatoes"
T001748,"Bananas,Tomatoes,Deodorant,Cream,Croissants,Lettuce"
T001749,"Frozen_Dinners,Fish,Detergent,Soda,Beef"
T001750,"Chicken,Rice,Detergent,Toothpaste,Bananas,Dish_Soap,Tea"
T001751,"Milk,Butter,Nuts,Detergent"
T001752,"Muffins,Water,Coffee,Lettuce"
T001753,"Cream,Dish_Soap,Chocolate,Fish,Bread"
T001754,"Milk,Cereal,Toothpaste"
T001755,"Chips,Donuts,Deodorant,Soap,Crackers,Trash_Bags"
T001756,"Toothpaste,Cheese,Soap"
T001757,"Yogurt,Frozen_Dinners,Cheese,Cookies"
T001758,"Bananas,Milk,Cream,Ice_Cream"
T001759,"Croissants,Shampoo,Cookies,Yogurt"
T001760,"Deodorant,Butter,Soda"
T001761,"Frozen_Pizza,Tomatoes,Soap"
T001762,"Juice,Butter,Shampoo,Oranges"
T001763,"Frozen_Dinners,Chocolate,Chips,Cream,Butter,Donuts,Soap,Coffee"
T001764,"Muffins,Butter,Deodorant,Fish,Donuts"
T001765,"Dish_Soap,Ice_Cream,Donuts"
T001766,"Cookies,Butter,Yogurt,Donuts,Toothpaste,Beef"
T001767,"Milk,Cereal,Oranges,Cookies"
T001768,"Cheese,Butter,Water,Croissants,Muffins,Chips"
T001769,"Beef,Frozen_Vegetables"
T001770,"Trash_Bags,Juice,Oranges,Turkey,Chicken"
T001771,"Pork,Croissants,Crackers,Nuts,Frozen_Dinners"
T001772,"Croissants,Chicken,Crackers,Shampoo,Coffee,Deodorant"
T001773,"Coffee,Sugar,Paper_Towels,Nuts,Beef,Frozen_Dinners,Bananas"
T001774,"Turkey,Tomatoes,Crackers,Fish,Butter,Dish_Soap,Croissants"
T001775,"Shampoo,Frozen_Vegetables,Pork,Deodorant,Tea"
T001776,"Apples,Dish_Soap,Frozen_Dinners"
T001777,"Pork,Milk,Tomatoes,Chocolate"
T001778,"Nuts,Toothpaste,Tomatoes"
T001779,"Muffins,Chicken,Pork,Water,Nuts"
T001780,"Tomatoes,Cookies,Pork"
T001781,"Frozen_Pizza,Toothpaste,Apples,Beef,Ice_Cream,Coffee"
T001782,"Tomatoes,Beef,Frozen_Pizza,Bread,Soap"
T001783,"Yogurt,Pork,Soda,Frozen_Pizza,Bananas,Ice_Cream,Cream,Frozen_Vegetables"
T001784,"Frozen_Pizza,Ice_Cream,Milk,Chicken,Chocolate,Oranges,Croissants"
T001785,"Cookies,Bread,Bagels,Dish_Soap,Crackers,Yogurt"
T001786,"Soda,Cheese,Turkey"
T001787,"Paper_Towels,Dish_Soap,Tomatoes"
T001788,"Chips,Salsa,Tea,Ice_Cream"
T001789,"Chips,Detergent,Butter,Tomatoes"
T001790,"Frozen_Vegetables,Cheese"
T001791,"Frozen_Dinners,Coffee,Beef,Pork"
T001792,"Soap,Toothpaste,Soda,Turkey,Chicken"
T001793,"Bananas,Dish_Soap,Tomatoes,Cheese,Chocolate,Shampoo,Cream"
T001794,"Cheese,Bananas,Frozen_Pizza,Bread,Frozen_Vegetables"
T001795,"Chicken,Juice,Bread,Turkey,Coffee"
T001796,"Tomato_Sauce,Cheese,Crackers,Croissants,Dish_Soap,Water,Deodorant"
T001797,"Chicken,Chips,Paper_Towels"
T001798,"Milk,Bread,Trash_Bags,Cookies"
T001799,"Sugar,Coffee,Milk,Detergent,Apples,Deodorant,Bananas,Tomatoes"
T001800,"Rice,Chicken,Fish,Tomatoes,Toothpaste,Cheese,Oranges"
T001801,"Cheese,Tea,Bananas,Soap,Cookies,Soda"
T001802,"Milk,Donuts"
T001803,"Whipped_Cream,Ice_Cream,Muffins,Coffee,Soda,Donuts,Frozen_Dinners,Toothpaste"
T001804,"Cheese,Pasta,Croissants,Oranges,Frozen_Dinners,Shampoo,Dish_Soap,Yogurt"
T001805,"Soda,Muffins"
T001806,"Peanut_Butter,Bread,Beef"
T001807,"Tomatoes,Hamburger_Buns,Beef,Cream,Frozen_Dinners,Trash_Bags,Deodorant,Water,Cheese"
T001808,"Ice_Cream,Bananas"
T001809,"Cheese,Nuts,Juice,Shampoo,Deodorant,Fish"
T001810,"Deodorant,Apples,Cheese,Bread"
T001811,"Muffins,Lettuce,Beef,Crackers,Yogurt,Deodorant,Apples"
T001812,"Chips,Yogurt"
T001813,"Shampoo,Butter,Cookies,Soda"
T001814,"Lettuce,Crackers,Coffee,Trash_Bags,Chicken,Detergent,Cheese"
T001815,"Chips,Soda,Frozen_Dinners,Turkey,Bread,Yogurt,Cookies,Muffins"
T001816,"Lettuce,Bagels,Ice_Cream,Coffee,Nuts,Frozen_Pizza"
T001817,"Trash_Bags,Detergent"
T001818,"Bread,Peanut_Butter,Deodorant,Turkey,Dish_Soap"
T001819,"Chips,Beer,Milk,Bananas,Frozen_Vegetables,Turkey,Lettuce,Soap,Muffins"
T001820,"Cookies,Frozen_Pizza,Soap"
T001821,"Beef,Chicken,Coffee"
T001822,"Tomatoes,Paper_Towels,Toothpaste,Juice"
T001823,"Paper_Towels,Tea,Water,Dish_Soap,Chips,Coffee"
T001824,"Cereal,Milk,Bagels,Water,Cream,Croissants,Turkey,Chicken,Donuts"
T001825,"Frozen_Vegetables,Detergent,Bananas,Soda"
T001826,"Frozen_Pizza,Dish_Soap,Shampoo,Cream"
T001827,"Butter,Milk,Ice_Cream,Frozen_Pizza,Oranges,Croissants"
T001828,"Frozen_Dinners,Soda,Juice,Ice_Cream"
T001829,"Yogurt,Water,Croissants,Oranges,Toothpaste,Tea,Juice"
T001830,"Chips,Dip,Croissants,Apples,Shampoo,Crackers,Paper_Towels"
T001831,"Dish_Soap,Toothpaste,Lettuce,Deodorant"
T001832,"Tomatoes,Frozen_Dinners,Cream,Shampoo,Ice_Cream,Cheese,Crackers,Juice"
T001833,"Paper_Towels,Frozen_Pizza,Tea,Juice,Apples,Deodorant,Cheese"
T001834,"Shampoo,Donuts,Muffins,Detergent,Frozen_Vegetables,Chocolate"
T001835,"Frozen_Dinners,Trash_Bags"
T001836,"Salsa,Chips,Muffins,Fish,Trash_Bags,Chocolate,Frozen_Dinners,Lettuce,Apples"
T001837,"Lettuce,Tomatoes,Crackers,Chicken,Bagels,Beef,Nuts,Chips,Soap"
T001838,"Cheese,Soda,Paper_Towels,Cream,Butter,Beef,Chicken"
T001839,"Lettuce,Water,Donuts,Detergent,Croissants,Apples,Bagels,Turkey"
T001840,"Paper_Towels,Ice_Cream,Frozen_Pizza,Dish_Soap,Oranges,Yogurt,Shampoo"
T001841,"Water,Tea,Yogurt,Chips,Shampoo,Turkey"
T001842,"Turkey,Butter,Shampoo,Beef,Fish,Croissants"
T001843,"Water,Croissants,Tomatoes"
T001844,"Butter,Apples,Tomatoes"
T001845,"Milk,Tea,Toothpaste,Shampoo"
T001846,"Dish_Soap,Crackers,Bananas,Ice_Cream"
T001847,"Vegetables,Chicken,Fish,Crackers,Ice_Cream,Bagels"
T001848,"Tomatoes,Bagels,Ice_Cream,Soap"
T001849,"Frozen_Pizza,Frozen_Vegetables,Bananas"
T001850,"Chicken,Vegetables,Cream,Nuts,Deodorant,Oranges,Frozen_Dinners"
T001851,"Salsa,Chips,Ice_Cream,Donuts,Muffins,Shampoo,Soda,Detergent"
T001852,"Bagels,Milk,Nuts"
T001853,"Water,Cookies,Crackers,Cheese"
T001854,"Soap,Beef,Nuts"
T001855,"Dish_Soap,Bagels,Turkey,Yogurt,Pork,Bananas,Cheese"
T001856,"Pork,Muffins,Detergent,Bread,Frozen_Vegetables,Chicken,Frozen_Pizza"
T001857,"Water,Muffins,Soda,Turkey,Frozen_Pizza,Soap"
T001858,"Bread,Ice_Cream,Frozen_Dinners"
T001859,"Shampoo,Water,Dish_Soap"
T001860,"Paper_Towels,Dish_Soap"
T001861,"Soda,Dip,Nuts,Toothpaste,Frozen_Pizza,Detergent,Bread,Donuts,Oranges"
T001862,"Beef,Hamburger_Buns,Lettuce,Bagels,Yogurt,Juice,Nuts,Cookies,Cream"
T001863,"Apples,Tomatoes"
T001864,"Pork,Shampoo,Oranges,Cream,Soda,Bananas,Dish_Soap"
T001865,"Coffee,Soap,Water,Beef,Juice,Yogurt,Frozen_Vegetables"
T001866,"Donuts,Tomatoes"
T001867,"Shampoo,Cookies,Croissants,Cheese"
T001868,"Muffins,Tomatoes,Chocolate,Dish_Soap"
T001869,"Detergent,Muffins,Fish"
T001870,"Crackers,Croissants,Juice,Water,Deodorant,Trash_Bags,Chicken"
T001871,"Butter,Oranges,Donuts,Pork,Dish_Soap,Ice_Cream,Chips"
T001872,"Bananas,Cheese,Frozen_Dinners"
T001873,"Vegetables,Chicken,Nuts,Lettuce,Trash_Bags,Soda,Apples,Chocolate,Fish"
T001874,"Jelly,Bread,Frozen_Vegetables,Lettuce"
T001875,"Tomato_Sauce,Cheese,Dish_Soap,Frozen_Pizza,Fish,Chips,Coffee,Tomatoes,Tea"
T001876,"Chicken,Rice,Turkey,Toothpaste,Water,Coffee,Nuts"
T001877,"Paper_Towels,Dish_Soap"
T001878,"Milk,Chocolate,Fish,Dish_Soap"
T001879,"Oranges,Frozen_Vegetables,Tomatoes,Bagels,Dish_Soap,Frozen_Pizza,Detergent"
T001880,"Hamburger_Buns,Beef,Tomatoes,Pork,Bread,Detergent,Nuts,Fish,Frozen_Dinners"
T001881,"Bananas,Cereal,Ice_Cream,Apples,Dish_Soap"
T001882,"Jelly,Peanut_Butter,Frozen_Vegetables,Milk,Frozen_Pizza,Bread,Pork"
T001883,"Detergent,Pork,Water,Beef,Coffee,Nuts,Shampoo"
T001884,"Frozen_Vegetables,Muffins,Bananas,Cream,Turkey"
T001885,"Ice_Cream,Deodorant,Bread"
T001886,"Shampoo,Trash_Bags,Cream,Water,Chicken"
T001887,"Cream,Oranges,Soap,Deodorant,Bagels,Apples,Tea"
T001888,"Chocolate,Frozen_Dinners,Frozen_Pizza,Fish,Oranges,Dish_Soap,Nuts"
T001889,"Chicken,Bread,Dish_Soap,Muffins,Ice_Cream,Crackers"
T001890,"Coffee,Cream,Deodorant,Tea"
T001891,"Deodorant,Croissants,Coffee"
T001892,"Bananas,Milk,Lettuce,Cream,Soap,Frozen_Vegetables,Turkey,Juice"
T001893,"Cream,Croissants,Deodorant,Frozen_Dinners,Tomatoes,Bread,Oranges,Chocolate"
T001894,"Frozen_Vegetables,Coffee"
T001895,"Tomatoes,Juice,Lettuce,Cookies,Trash_Bags,Butter,Detergent"
T001896,"Cheese,Milk"
T001897,"Nuts,Milk,Butter,Beef,Chocolate,Turkey"
T001898,"Chips,Frozen_Vegetables,Frozen_Pizza,Cheese,Frozen_Dinners,Donuts,Chocolate,Bagels"
T001899,"Bread,Jelly,Crackers,Detergent,Fish,Milk,Frozen_Pizza,Turkey,Cookies"
T001900,"Butter,Crackers"
T001901,"Ice_Cream,Whipped_Cream,Shampoo,Nuts,Coffee"
T001902,"Pasta,Tomato_Sauce,Fish,Yogurt,Dish_Soap"
T001903,"Shampoo,Detergent"
T001904,"Dish_Soap,Turkey,Cheese,Frozen_Vegetables,Water,Soda"
T001905,"Tea,Toothpaste,Chocolate,Cream"
T001906,"Coffee,Donuts,Paper_Towels,Cream,Bagels,Muffins"
T001907,"Crackers,Dish_Soap"
T001908,"Donuts,Bread,Paper_Towels,Frozen_Vegetables"
T001909,"Milk,Cheese,Tomatoes,Butter,Frozen_Pizza"
T001910,"Paper_Towels,Frozen_Vegetables,Frozen_Pizza,Butter,Cookies,Soap"
T001911,"Chocolate,Dish_Soap,Chips"
T001912,"Chicken,Toothpaste"
T001913,"Detergent,Chocolate,Soap,Bananas"
T001914,"Salsa,Beer,Shampoo,Muffins,Bananas,Coffee"
T001915,"Cheese,Tomato_Sauce,Toothpaste,Butter,Donuts"
T001916,"Bananas,Tomatoes,Yogurt"
T001917,"Soap,Pork,Deodorant,Bagels,Paper_Towels"
T001918,"Turkey,Tea,Water"
T001919,"Peanut_Butter,Jelly,Juice,Soap,Frozen_Dinners,Crackers,Donuts,Beef,Chicken"
T001920,"Oranges,Bagels,Yogurt,Chips,Frozen_Dinners,Soda,Dish_Soap"
T001921,"Milk,Cereal,Crackers,Muffins,Cheese,Cream,Chips"
T001922,"Bagels,Butter,Chocolate,Soap,Juice,Cookies"
T001923,"Cream,Coffee,Detergent,Dish_Soap,Paper_Towels"
T001924,"Frozen_Vegetables,Bananas,Soap,Croissants"
T001925,"Chocolate,Frozen_Vegetables,Muffins"
T001926,"Bagels,Detergent,Donuts,Cream,Shampoo,Beef,Frozen_Pizza"
T001927,"Cheese,Toothpaste,Cookies,Nuts,Beef,Croissants"
T001928,"Ice_Cream,Chocolate_Syrup,Frozen_Vegetables,Deodorant,Tea,Lettuce,Soap,Fish,Dish_Soap,Pork"
T001929,"Peanut_Butter,Jelly,Croissants,Frozen_Dinners,Milk"
T001930,"Detergent,Shampoo,Chicken,Yogurt,Juice,Frozen_Pizza"
T001931,"Croissants,Frozen_Pizza,Beef,Frozen_Dinners,Oranges,Milk,Detergent,Chips"
T001932,"Bagels,Trash_Bags,Yogurt,Pork,Chips"
T001933,"Tomatoes,Lettuce,Hamburger_Buns,Crackers,Chips,Turkey,Muffins,Nuts"
T001934,"Bread,Bananas,Beef"
T001935,"Soda,Cheese,Nuts,Detergent"
T001936,"Lettuce,Hamburger_Buns,Tomatoes,Bananas,Muffins,Detergent,Yogurt"
T001937,"Cheese,Coffee,Nuts,Paper_Towels,Bagels,Croissants"
T001938,"Cream,Cookies,Oranges,Water,Tomatoes,Chips,Cheese"
T001939,"Butter,Croissants,Bagels,Detergent,Trash_Bags"
T001940,"Yogurt,Toothpaste,Fish"
T001941,"Bananas,Cereal,Dish_Soap,Cream,Chicken"
T001942,"Hamburger_Buns,Beef,Tomatoes,Bread,Cream,Cookies,Frozen_Vegetables,Pork,Nuts,Deodorant"
T001943,"Whipped_Cream,Ice_Cream,Paper_Towels,Chicken,Lettuce,Crackers,Bread,Tea,Detergent"
T001944,"Pasta,Tomato_Sauce,Croissants,Bread,Butter,Bananas,Detergent,Milk,Frozen_Vegetables,Juice"
T001945,"Milk,Frozen_Pizza,Detergent,Oranges,Croissants,Frozen_Vegetables,Frozen_Dinners,Toothpaste"
T001946,"Toothpaste,Deodorant,Yogurt"
T001947,"Pasta,Cheese,Croissants,Tea"
T001948,"Yogurt,Frozen_Pizza,Soap,Cream"
T001949,"Soda,Turkey,Ice_Cream,Chips,Frozen_Vegetables"
T001950,"Butter,Cookies,Nuts,Trash_Bags,Deodorant"
T001951,"Vegetables,Rice,Donuts,Milk,Ice_Cream,Tomatoes,Frozen_Vegetables,Bread"
T001952,"Toothpaste,Cheese,Cookies"
T001953,"Shampoo,Yogurt,Cheese,Frozen_Dinners"
T001954,"Deodorant,Shampoo,Cheese,Crackers,Lettuce,Beef,Bagels"
T001955,"Beef,Hamburger_Buns,Soap,Frozen_Pizza,Oranges,Tomatoes,Bagels,Chicken"
T001956,"Juice,Oranges,Ice_Cream,Frozen_Dinners,Chips"
T001957,"Bread,Butter,Chocolate,Bagels,Frozen_Pizza,Deodorant"
T001958,"Coffee,Paper_Towels,Detergent"
T001959,"Turkey,Cheese,Chocolate,Soda"
T001960,"Pork,Water,Chicken,Trash_Bags"
T001961,"Dish_Soap,Detergent,Oranges,Ice_Cream"
T001962,"Yogurt,Toothpaste,Coffee,Frozen_Vegetables"
T001963,"Cereal,Bananas,Water,Chocolate,Frozen_Pizza,Beef,Trash_Bags,Yogurt,Croissants"
T001964,"Chips,Dip,Fish,Coffee,Lettuce,Cheese,Soda"
T001965,"Bananas,Cereal,Ice_Cream,Soap,Donuts"
T001966,"Soap,Bagels,Shampoo,Trash_Bags,Pork,Toothpaste,Tomatoes,Paper_Towels"
T001967,"Chocolate_Syrup,Whipped_Cream,Cookies,Bagels"
T001968,"Chocolate,Deodorant,Ice_Cream,Crackers,Apples,Tea"
T001969,"Bananas,Oranges,Muffins,Deodorant"
T001970,"Croissants,Muffins,Pork,Soap,Dish_Soap,Paper_Towels"
T001971,"Cookies,Lettuce,Detergent,Juice,Yogurt"
T001972,"Milk,Bananas,Frozen_Vegetables,Chicken"
T001973,"Jelly,Bread,Yogurt,Oranges,Crackers"
T001974,"Trash_Bags,Croissants,Shampoo,Juice,Muffins,Apples"
T001975,"Beef,Pork,Muffins,Donuts,Paper_Towels"
T001976,"Bananas,Milk,Trash_Bags,Pork,Paper_Towels,Muffins,Dish_Soap,Toothpaste"
T001977,"Butter,Milk,Tomatoes,Frozen_Dinners,Beef,Dish_Soap"
T001978,"Dip,Soda,Bagels,Fish,Coffee,Pork,Chips,Juice"
T001979,"Lettuce,Hamburger_Buns,Donuts,Tea,Juice,Cream"
T001980,"Trash_Bags,Dish_Soap,Fish,Cream"
T001981,"Bananas,Cereal,Chips,Chicken,Coffee"
T001982,"Butter,Turkey,Coffee,Shampoo,Frozen_Vegetables,Tomatoes"
T001983,"Ice_Cream,Detergent,Juice,Oranges,Chicken,Pork"
T001984,"Chicken,Rice,Ice_Cream,Paper_Towels,Cream,Donuts,Water,Shampoo,Frozen_Vegetables,Apples"
T001985,"Cream,Coffee,Cheese,Yogurt"
T001986,"Beef,Muffins,Juice,Cookies"
T001987,"Soda,Soap,Cookies,Shampoo"
T001988,"Crackers,Dish_Soap,Frozen_Vegetables,Soap"
T001989,"Bread,Peanut_Butter,Frozen_Pizza,Turkey,Beef,Lettuce,Crackers,Chocolate"
T001990,"Lettuce,Beef,Hamburger_Buns,Ice_Cream,Cream,Juice,Turkey,Milk,Coffee"
T001991,"Fish,Tea,Bagels"
T001992,"Dish_Soap,Coffee,Frozen_Vegetables,Trash_Bags"
T001993,"Salsa,Chips,Crackers,Deodorant,Soap"
T001994,"Chips,Dip,Detergent,Chicken,Fish,Pork,Beef,Tea,Ice_Cream"
T001995,"Milk,Crackers,Apples,Donuts,Oranges"
T001996,"Dip,Chips,Cheese,Dish_Soap,Paper_Towels"
T001997,"Toothpaste,Bagels,Muffins"
T001998,"Chips,Trash_Bags,Cheese,Frozen_Pizza"
T001999,"Cheese,Pasta,Dish_Soap,Juice"
T002000,"Juice,Bananas"
T002001,"Soda,Chips,Chocolate,Tea,Cheese,Frozen_Pizza,Paper_Towels,Lettuce"
T002002,"Milk,Bread,Ice_Cream,Deodorant,Cheese,Frozen_Pizza,Lettuce,Beef"
T002003,"Peanut_Butter,Jelly,Juice,Chicken,Frozen_Dinners"
T002004,"Frozen_Pizza,Deodorant,Muffins"
T002005,"Juice,Cream,Deodorant,Lettuce,Bagels"
T002006,"Chicken,Milk,Apples"
T002007,"Chocolate,Tomatoes,Lettuce"
T002008,"Cream,Shampoo,Oranges,Lettuce,Tea,Chocolate"
T002009,"Lettuce,Cream"
T002010,"Tomato_Sauce,Cheese,Butter,Cream,Soap,Frozen_Vegetables"
T002011,"Cookies,Fish,Lettuce,Turkey,Deodorant,Apples"
T002012,"Apples,Deodorant,Soap,Frozen_Pizza,Bread"
T002013,"Lettuce,Hamburger_Buns,Tomatoes,Soda,Ice_Cream,Oranges,Paper_Towels"
T002014,"Bread,Bagels,Nuts,Trash_Bags"
T002015,"Cheese,Pasta,Chocolate,Lettuce,Bread,Ice_Cream,Frozen_Dinners"
T002016,"Chicken,Bananas,Soap,Water,Frozen_Vegetables,Nuts,Chocolate"
T002017,"Chips,Water,Fish,Nuts,Trash_Bags"
T002018,"Frozen_Vegetables,Trash_Bags,Ice_Cream,Donuts,Bananas"
T002019,"Bananas,Frozen_Vegetables,Muffins,Toothpaste"
T002020,"Bread,Milk,Paper_Towels,Tomatoes,Turkey,Toothpaste,Pork"
T002021,"Hamburger_Buns,Beef,Toothpaste,Nuts,Chocolate"
T002022,"Trash_Bags,Frozen_Dinners,Cream"
T002023,"Soda,Frozen_Vegetables,Soap,Bagels,Juice"
T002024,"Cream,Sugar,Bananas,Soda,Coffee,Soap,Chocolate,Chicken"
T002025,"Pork,Apples,Frozen_Pizza,Chicken,Oranges,Toothpaste,Muffins"
T002026,"Frozen_Pizza,Paper_Towels,Croissants,Chocolate"
T002027,"Ice_Cream,Whipped_Cream,Paper_Towels,Toothpaste,Cookies"
T002028,"Crackers,Turkey"
T002029,"Tomato_Sauce,Pasta,Butter,Fish,Ice_Cream,Apples,Tea,Bananas,Deodorant,Cream"
T002030,"Frozen_Pizza,Toothpaste,Butter,Tea"
T002031,"Coffee,Cream,Yogurt,Cookies"
T002032,"Chips,Soda,Beef,Fish,Bagels,Crackers,Toothpaste,Milk"
T002033,"Shampoo,Cookies"
T002034,"Cream,Frozen_Pizza,Pork"
T002035,"Chocolate,Detergent,Beef,Deodorant,Chips,Shampoo,Soap"
T002036,"Croissants,Frozen_Pizza,Toothpaste,Juice,Tomatoes"
T002037,"Bananas,Milk,Butter,Fish,Cheese,Paper_Towels,Toothpaste,Yogurt"
T002038,"Bread,Jelly,Turkey,Tea,Paper_Towels"
T002039,"Shampoo,Lettuce,Detergent,Turkey,Bread,Nuts,Dish_Soap"
T002040,"Chips,Salsa,Frozen_Dinners,Soap"
T002041,"Lettuce,Croissants,Soap,Yogurt"
T002042,"Beef,Paper_Towels,Soap,Apples"
T002043,"Bananas,Ice_Cream"
T002044,"Cream,Sugar,Muffins,Tea,Beef,Bagels,Frozen_Pizza,Cheese,Fish"
T002045,"Apples,Dish_Soap,Ice_Cream,Nuts,Frozen_Dinners,Turkey"
T002046,"Tea,Coffee,Oranges,Muffins"
T002047,"Milk,Toothpaste"
T002048,"Milk,Bananas,Crackers,Donuts,Toothpaste,Dish_Soap,Coffee,Frozen_Pizza,Ice_Cream"
T002049,"Muffins,Oranges,Cream,Water"
T002050,"Coffee,Cream,Apples,Beef,Frozen_Pizza,Bananas,Oranges"
T002051,"Rice,Chicken,Toothpaste,Trash_Bags,Soda"
T002052,"Turkey,Cookies,Chocolate,Milk"
T002053,"Bagels,Cookies"
T002054,"Cream,Frozen_Dinners,Bagels,Oranges,Ice_Cream,Chips"
T002055,"Butter,Dish_Soap,Chips,Chicken,Shampoo,Yogurt,Fish,Soda"
T002056,"Ice_Cream,Bread,Tomatoes,Deodorant,Soda,Toothpaste"
T002057,"Pork,Coffee,Nuts,Oranges,Bread,Fish,Shampoo"
T002058,"Muffins,Bananas,Frozen_Vegetables"
T002059,"Dish_Soap,Deodorant,Trash_Bags,Soda,Frozen_Vegetables,Milk"
T002060,"Pork,Coffee,Ice_Cream,Butter,Deodorant,Detergent,Soda"
T002061,"Jelly,Bread,Turkey,Apples,Tomatoes,Cream,Water,Muffins"
T002062,"Tomatoes,Hamburger_Buns,Soda,Croissants,Chicken,Toothpaste,Nuts,Butter,Chips"
T002063,"Turkey,Frozen_Vegetables,Water,Detergent,Chips,Muffins,Trash_Bags"
T002064,"Tomatoes,Donuts,Lettuce,Fish"
T002065,"Chocolate_Syrup,Whipped_Cream,Butter,Coffee,Water,Nuts,Juice,Toothpaste,Frozen_Vegetables"
T002066,"Milk,Bread,Shampoo,Tea,Frozen_Dinners,Cream,Yogurt,Fish"
T002067,"Croissants,Bagels,Cookies,Coffee,Cream"
T002068,"Tomato_Sauce,Pasta,Beef,Apples,Soda"
T002069,"Frozen_Dinners,Soap,Deodorant,Oranges"
T002070,"Tomatoes,Yogurt,Toothpaste"
T002071,"Soda,Dip,Cream,Trash_Bags,Frozen_Pizza,Water"
T002072,"Ice_Cream,Chips,Chocolate,Deodorant,Apples,Cheese,Trash_Bags,Bread"
T002073,"Detergent,Soda,Dish_Soap,Cream,Lettuce"
T002074,"Jelly,Bread,Frozen_Dinners,Deodorant,Bananas,Croissants,Pork"
T002075,"Muffins,Fish,Cream,Chicken,Ice_Cream,Paper_Towels,Oranges"
T002076,"Frozen_Vegetables,Tea,Chocolate,Paper_Towels,Donuts,Cookies,Chips"
T002077,"Shampoo,Milk,Crackers"
T002078,"Milk,Soap,Bread,Dish_Soap,Water"
T002079,"Croissants,Detergent,Toothpaste,Water,Tomatoes,Pork"
T002080,"Coffee,Sugar,Deodorant,Dish_Soap,Bananas,Milk"
T002081,"Coffee,Cream,Chocolate,Chips,Milk"
T002082,"Crackers,Bagels,Ice_Cream,Cream,Soda,Beef"
T002083,"Juice,Crackers,Frozen_Vegetables"
T002084,"Nuts,Lettuce"
T002085,"Coffee,Frozen_Pizza,Lettuce,Toothpaste,Yogurt,Trash_Bags"
T002086,"Jelly,Peanut_Butter,Trash_Bags,Cookies"
T002087,"Detergent,Shampoo,Dish_Soap,Toothpaste,Milk,Beef"
T002088,"Cheese,Tomato_Sauce,Chocolate,Dish_Soap,Nuts,Paper_Towels,Milk,Juice"
T002089,"Chocolate,Soda,Oranges,Milk,Tea,Bananas,Cookies,Donuts"
T002090,"Juice,Turkey,Trash_Bags,Shampoo"
T002091,"Chocolate,Shampoo,Fish,Bagels,Chips,Frozen_Vegetables"
T002092,"Cream,Toothpaste,Soap,Muffins,Bread,Cookies,Oranges"
T002093,"Cheese,Chicken,Milk,Oranges,Fish,Paper_Towels,Crackers"
T002094,"Dish_Soap,Tomatoes,Cream,Toothpaste"
T002095,"Coffee,Cream,Cheese,Tomatoes,Soda,Trash_Bags,Pork,Bagels,Water"
T002096,"Chicken,Soap,Chips,Yogurt,Cream"
T002097,"Ice_Cream,Whipped_Cream,Lettuce,Beef,Frozen_Vegetables,Dish_Soap"
T002098,"Yogurt,Cheese,Dish_Soap,Ice_Cream,Frozen_Pizza,Donuts,Pork,Tomatoes"
T002099,"Deodorant,Frozen_Pizza"
T002100,"Pork,Soap,Bread,Cream,Beef"
T002101,"Soap,Soda,Beef,Dish_Soap,Yogurt,Detergent,Paper_Towels"
T002102,"Juice,Chips,Dish_Soap,Chocolate,Milk"
T002103,"Juice,Ice_Cream,Soda,Croissants,Apples"
T002104,"Croissants,Cookies,Trash_Bags,Bananas,Butter,Pork,Donuts"
T002105,"Frozen_Dinners,Bananas,Lettuce,Ice_Cream"
T002106,"Chicken,Trash_Bags,Dish_Soap,Yogurt,Deodorant,Frozen_Vegetables,Chips"
T002107,"Fish,Cream,Cheese,Frozen_Dinners,Beef"
T002108,"Fish,Shampoo"
T002109,"Donuts,Dish_Soap,Soda,Crackers,Tomatoes,Oranges"
T002110,"Turkey,Lettuce,Ice_Cream"
T002111,"Chips,Bagels,Tea,Deodorant,Turkey,Muffins"
T002112,"Milk,Donuts,Croissants,Nuts,Soap,Yogurt,Coffee"
T002113,"Chicken,Rice,Chips,Coffee,Butter,Croissants"
T002114,"Beef,Yogurt,Chips,Paper_Towels,Juice,Cookies"
T002115,"Chips,Ice_Cream,Cookies,Paper_Towels,Soap,Pork,Nuts,Turkey"
T002116,"Chips,Dip,Frozen_Pizza,Dish_Soap,Lettuce,Detergent,Pork,Beef"
T002117,"Bread,Water,Beef,Deodorant"
T002118,"Tomatoes,Cookies,Apples,Butter,Tea,Cheese,Chicken"
T002119,"Water,Frozen_Dinners"
T002120,"Bread,Jelly,Toothpaste,Bagels,Cookies,Soap,Frozen_Dinners,Lettuce,Chocolate"
T002121,"Soda,Toothpaste,Detergent,Dish_Soap,Milk"
T002122,"Paper_Towels,Chocolate,Trash_Bags,Bagels,Croissants,Muffins"
T002123,"Beef,Lettuce,Ice_Cream,Apples,Cookies,Chips,Turkey"
T002124,"Hamburger_Buns,Lettuce,Beef,Toothpaste,Cookies"
T002125,"Chips,Soda,Tomatoes,Apples,Bread,Yogurt"
T002126,"Deodorant,Soda,Water,Muffins,Yogurt"
T002127,"Cheese,Paper_Towels,Soap,Frozen_Dinners,Bread,Chicken"
T002128,"Beef,Water"
T002129,"Paper_Towels,Trash_Bags,Cream,Ice_Cream,Bread,Coffee"
T002130,"Beer,Chips,Crackers,Frozen_Vegetables,Paper_Towels,Milk,Pork"
T002131,"Bread,Butter,Frozen_Pizza,Pork,Soap,Frozen_Vegetables"
T002132,"Oranges,Bananas"
T002133,"Salsa,Beer,Turkey,Detergent,Apples,Paper_Towels,Cream"
T002134,"Ice_Cream,Chocolate_Syrup,Cream,Juice"
T002135,"Ice_Cream,Donuts,Toothpaste,Milk,Oranges,Croissants,Bagels"
T002136,"Bread,Milk,Ice_Cream"
T002137,"Trash_Bags,Coffee,Shampoo,Bagels,Bananas"
T002138,"Chicken,Rice,Bread,Coffee"
T002139,"Coffee,Frozen_Vegetables,Bananas,Apples,Ice_Cream,Soap,Trash_Bags"
T002140,"Shampoo,Frozen_Vegetables,Yogurt,Chocolate,Apples"
T002141,"Crackers,Chips,Turkey,Oranges,Detergent"
T002142,"Soap,Tea,Croissants,Shampoo,Apples,Chips"
T002143,"Tea,Turkey,Paper_Towels,Soda,Ice_Cream,Cheese"
T002144,"Bananas,Cereal,Croissants,Frozen_Dinners"
T002145,"Chips,Soda,Deodorant,Coffee,Dish_Soap,Oranges,Fish,Muffins,Detergent,Crackers"
T002146,"Frozen_Dinners,Nuts,Toothpaste"
T002147,"Bananas,Chicken"
T002148,"Bread,Detergent,Toothpaste,Chips,Lettuce,Chocolate"
T002149,"Beef,Soda,Muffins,Frozen_Pizza,Shampoo,Toothpaste,Ice_Cream,Milk"
T002150,"Beef,Tomatoes,Hamburger_Buns,Apples,Butter,Bagels"
T002151,"Oranges,Turkey"
T002152,"Frozen_Dinners,Apples,Lettuce,Frozen_Vegetables,Deodorant,Chicken"
T002153,"Trash_Bags,Butter,Frozen_Pizza,Frozen_Vegetables,Toothpaste,Chicken,Cream,Cookies"
T002154,"Detergent,Paper_Towels,Soap,Frozen_Vegetables"
T002155,"Cream,Tomatoes"
T002156,"Dip,Soda,Bananas,Muffins,Apples,Tea,Bagels"
T002157,"Apples,Tea,Fish,Ice_Cream,Nuts,Pork"
T002158,"Frozen_Vegetables,Detergent,Tomatoes,Apples,Fish,Cookies,Oranges"
T002159,"Soda,Chips,Water,Shampoo,Frozen_Vegetables,Cookies"
T002160,"Toothpaste,Water,Paper_Towels,Crackers"
T002161,"Butter,Milk,Muffins,Shampoo,Paper_Towels,Nuts"
T002162,"Cookies,Milk,Oranges,Yogurt"
T002163,"Frozen_Vegetables,Chips"
T002164,"Vegetables,Chicken,Oranges,Fish,Pork,Tea,Toothpaste,Croissants,Coffee"
T002165,"Coffee,Oranges"
T002166,"Chicken,Rice,Donuts,Ice_Cream,Cheese,Turkey,Butter,Cookies,Crackers"
T002167,"Apples,Pork,Chocolate,Detergent,Ice_Cream"
T002168,"Sugar,Coffee,Cheese,Crackers,Shampoo"
T002169,"Chicken,Yogurt,Milk"
T002170,"Dish_Soap,Deodorant,Pork,Ice_Cream,Beef"
T002171,"Turkey,Soap,Nuts"
T002172,"Water,Crackers,Chips,Juice,Cheese"
T002173,"Nuts,Toothpaste"
T002174,"Donuts,Nuts,Detergent,Lettuce,Bagels,Tomatoes,Juice"
T002175,"Paper_Towels,Bread"
T002176,"Crackers,Bananas,Toothpaste,Cheese,Oranges,Fish,Frozen_Dinners"
T002177,"Croissants,Frozen_Pizza"
T002178,"Cookies,Bananas,Cheese,Detergent,Turkey"
T002179,"Water,Milk,Soap"
T002180,"Frozen_Vegetables,Lettuce,Milk,Croissants,Frozen_Dinners"
T002181,"Beef,Pork,Bread,Chips,Chocolate,Paper_Towels,Ice_Cream,Cream"
T002182,"Deodorant,Shampoo,Milk,Fish,Cream,Frozen_Pizza,Yogurt,Turkey"
T002183,"Butter,Lettuce,Toothpaste,Chicken,Juice,Bread"
T002184,"Frozen_Vegetables,Shampoo,Oranges,Cookies,Chicken,Yogurt"
T002185,"Juice,Croissants,Cream,Soda,Ice_Cream,Water,Butter"
T002186,"Peanut_Butter,Bread,Milk,Croissants,Chocolate,Lettuce,Yogurt,Chips,Pork,Shampoo"
T002187,"Bread,Milk,Cream,Yogurt,Soap,Pork,Croissants,Cheese"
T002188,"Deodorant,Cream,Frozen_Pizza,Tea"
T002189,"Donuts,Soap,Bread,Shampoo,Chips,Chicken,Nuts"
T002190,"Shampoo,Cheese,Beef"
T002191,"Pork,Ice_Cream,Bananas"
T002192,"Cream,Coffee,Oranges,Paper_Towels,Tea,Apples"
T002193,"Dish_Soap,Shampoo,Butter"
T002194,"Juice,Pork,Tomatoes,Frozen_Pizza"
T002195,"Rice,Vegetables,Shampoo,Cheese"
T002196,"Cheese,Beef,Toothpaste,Coffee,Lettuce,Muffins"
T002197,"Cereal,Milk,Crackers,Deodorant,Frozen_Pizza,Paper_Towels,Oranges,Donuts,Detergent,Bananas"
T002198,"Water,Cookies,Chicken,Oranges,Nuts,Butter"
T002199,"Toothpaste,Shampoo,Lettuce,Croissants,Cream"
T002200,"Frozen_Vegetables,Pork,Trash_Bags,Juice,Detergent,Ice_Cream"
T002201,"Croissants,Turkey,Cream,Toothpaste,Yogurt,Butter"
T002202,"Whipped_Cream,Chocolate_Syrup,Frozen_Pizza,Fish,Croissants,Ice_Cream,Crackers"
T002203,"Cookies,Detergent,Croissants,Bananas,Soda"
T002204,"Chips,Salsa,Donuts,Bananas,Shampoo,Nuts,Trash_Bags,Soda"
T002205,"Detergent,Deodorant,Chips,Shampoo,Cookies"
T002206,"Soap,Fish"
T002207,"Rice,Vegetables,Crackers,Ice_Cream,Lettuce,Bread,Tomatoes,Soda"
T002208,"Butter,Cheese,Milk,Frozen_Pizza,Cookies,Pork"
T002209,"Deodorant,Donuts,Tea,Pork,Frozen_Vegetables,Frozen_Pizza,Cheese"
T002210,"Detergent,Muffins,Yogurt,Paper_Towels,Turkey,Apples,Oranges"
T002211,"Water,Cheese,Tea"
T002212,"Oranges,Donuts,Bananas,Trash_Bags,Ice_Cream,Shampoo,Bread"
T002213,"Tomato_Sauce,Pasta,Nuts,Croissants,Turkey"
T002214,"Soda,Yogurt,Cheese,Juice,Deodorant"
T002215,"Toothpaste,Nuts,Coffee"
T002216,"Sugar,Coffee,Fish,Cheese,Croissants,Frozen_Pizza"
T002217,"Fish,Frozen_Dinners,Croissants,Water,Chicken,Oranges"
T002218,"Peanut_Butter,Jelly,Cream,Toothpaste,Tea,Bananas,Apples"
T002219,"Donuts,Coffee,Bread,Croissants,Tea,Butter,Water"
T002220,"Milk,Cereal,Beef,Frozen_Dinners,Coffee"
T002221,"Turkey,Frozen_Vegetables,Chicken,Soap,Deodorant,Pork,Beef"
T002222,"Coffee,Frozen_Vegetables,Fish,Donuts,Beef,Trash_Bags,Detergent,Pork"
T002223,"Soap,Trash_Bags,Cheese,Muffins,Frozen_Pizza,Turkey,Oranges"
T002224,"Jelly,Peanut_Butter,Bread,Pork,Frozen_Dinners,Cream,Chips,Frozen_Vegetables,Juice"
T002225,"Crackers,Croissants,Butter,Frozen_Pizza"
T002226,"Cream,Lettuce,Frozen_Vegetables,Frozen_Pizza,Tea,Detergent,Toothpaste"
T002227,"Bananas,Milk,Cookies,Deodorant,Apples,Donuts,Cream,Water,Paper_Towels"
T002228,"Beef,Frozen_Dinners,Turkey,Shampoo,Detergent,Fish,Chips,Donuts"
T002229,"Frozen_Pizza,Dish_Soap"
T002230,"Crackers,Apples,Yogurt,Frozen_Vegetables"
T002231,"Bread,Peanut_Butter,Juice,Deodorant,Croissants,Cream,Lettuce,Fish"
T002232,"Ice_Cream,Chocolate_Syrup,Chocolate,Milk,Apples,Turkey,Frozen_Vegetables,Tomatoes,Toothpaste,Chicken"
T002233,"Turkey,Toothpaste"
T002234,"Fish,Pork,Shampoo,Frozen_Pizza"
T002235,"Whipped_Cream,Ice_Cream,Bagels,Frozen_Vegetables,Toothpaste,Lettuce,Deodorant,Detergent,Water,Crackers"
T002236,"Sugar,Cream,Nuts,Beef,Frozen_Pizza,Oranges,Bread"
T002237,"Nuts,Shampoo,Fish"
T002238,"Beer,Salsa,Muffins,Frozen_Dinners,Shampoo,Yogurt"
T002239,"Cheese,Shampoo,Soap,Chocolate,Bread"
T002240,"Apples,Nuts"
T002241,"Cream,Sugar,Turkey,Chicken,Frozen_Dinners,Frozen_Pizza,Detergent,Trash_Bags,Juice"
T002242,"Beer,Chips,Chicken,Turkey"
T002243,"Nuts,Bananas,Muffins,Soda,Dish_Soap,Frozen_Dinners,Donuts"
T002244,"Frozen_Pizza,Cheese,Chips,Beef,Detergent"
T002245,"Detergent,Turkey,Muffins,Apples,Trash_Bags,Juice"
T002246,"Cream,Coffee,Crackers,Oranges,Frozen_Dinners"
T002247,"Turkey,Dish_Soap,Chicken"
T002248,"Bananas,Frozen_Pizza,Oranges,Apples,Donuts,Water,Milk"
T002249,"Jelly,Peanut_Butter,Detergent,Pork"
T002250,"Chips,Bagels"
T002251,"Shampoo,Ice_Cream,Paper_Towels,Nuts"
T002252,"Lettuce,Frozen_Pizza,Shampoo,Water,Toothpaste"
T002253,"Deodorant,Trash_Bags,Muffins,Cookies,Detergent"
T002254,"Pork,Chicken,Paper_Towels,Fish,Turkey,Croissants"
T002255,"Jelly,Peanut_Butter,Oranges,Coffee"
T002256,"Crackers,Chicken,Shampoo,Frozen_Dinners,Bread"
T002257,"Fish,Coffee,Chicken,Croissants,Detergent,Trash_Bags"
T002258,"Tomato_Sauce,Cheese,Butter,Oranges,Deodorant,Soda,Cookies,Water,Frozen_Vegetables"
T002259,"Turkey,Paper_Towels,Fish,Water"
T002260,"Soap,Crackers,Bagels"
T002261,"Cream,Pork"
T002262,"Bread,Butter,Turkey,Crackers,Milk,Croissants,Shampoo,Donuts,Tomatoes"
T002263,"Coffee,Cream,Bananas,Croissants,Nuts,Dish_Soap,Butter"
T002264,"Shampoo,Coffee,Beef,Fish,Soda,Frozen_Dinners,Chicken,Deodorant"
T002265,"Toothpaste,Fish"
T002266,"Coffee,Frozen_Dinners,Apples,Beef,Butter,Shampoo,Tea"
T002267,"Frozen_Pizza,Yogurt,Soap"
T002268,"Donuts,Milk,Dish_Soap,Ice_Cream,Crackers,Croissants,Toothpaste,Turkey"
T002269,"Chicken,Tea,Soap"
T002270,"Coffee,Cream,Yogurt,Dish_Soap,Ice_Cream"
T002271,"Dip,Chips,Crackers,Paper_Towels,Bananas,Juice,Shampoo"
T002272,"Chocolate,Soda,Cookies,Beef,Bananas"
T002273,"Milk,Cereal,Tomatoes,Cookies,Soap"
T002274,"Bananas,Croissants,Dish_Soap"
T002275,"Shampoo,Bagels,Dish_Soap"
T002276,"Fish,Paper_Towels,Soap,Cheese,Chicken"
T002277,"Milk,Bananas,Chocolate,Tomatoes"
T002278,"Tea,Turkey"
T002279,"Cookies,Donuts,Deodorant,Juice,Soap,Croissants"
T002280,"Bread,Dish_Soap,Turkey"
T002281,"Oranges,Fish,Cookies,Chips,Ice_Cream"
T002282,"Butter,Bread,Soap,Chicken,Crackers,Milk,Detergent"
T002283,"Soda,Yogurt,Cookies,Frozen_Pizza"
T002284,"Cream,Coffee,Yogurt,Frozen_Vegetables,Soda,Bagels"
T002285,"Turkey,Butter,Deodorant"
T002286,"Lettuce,Butter,Apples,Oranges,Pork,Muffins,Croissants,Coffee"
T002287,"Tomatoes,Donuts,Frozen_Dinners,Soda,Soap,Cookies,Chocolate"
T002288,"Muffins,Milk,Frozen_Pizza,Croissants,Turkey,Chicken"
T002289,"Donuts,Detergent,Juice,Chicken,Crackers,Butter"
T002290,"Rice,Vegetables,Shampoo,Bread"
T002291,"Hamburger_Buns,Lettuce,Beef,Oranges,Croissants,Donuts,Ice_Cream,Cookies"
T002292,"Oranges,Paper_Towels,Detergent"
T002293,"Crackers,Pork,Butter,Soap,Apples,Bagels"
T002294,"Bread,Lettuce,Nuts,Crackers"
T002295,"Turkey,Trash_Bags,Croissants,Chocolate,Coffee,Shampoo,Nuts,Chicken"
T002296,"Whipped_Cream,Ice_Cream,Chicken,Coffee,Frozen_Dinners,Beef"
T002297,"Chicken,Oranges,Paper_Towels,Fish,Trash_Bags"
T002298,"Oranges,Detergent,Chicken,Milk,Ice_Cream,Crackers,Turkey"
T002299,"Coffee,Crackers,Fish,Toothpaste,Tea,Water,Cheese"
T002300,"Turkey,Chips,Deodorant"
T002301,"Cream,Trash_Bags,Chocolate,Juice"
T002302,"Frozen_Vegetables,Beef,Frozen_Pizza"
T002303,"Bread,Jelly,Cheese,Toothpaste,Deodorant,Cream,Soda,Juice,Frozen_Pizza,Pork"
T002304,"Yogurt,Dish_Soap,Detergent,Chocolate,Bread,Fish"
T002305,"Fish,Cookies"
T002306,"Chips,Beer,Cream,Frozen_Pizza"
T002307,"Croissants,Coffee,Apples,Crackers,Soap"
T002308,"Beef,Lettuce,Cream,Ice_Cream,Donuts"
T002309,"Dish_Soap,Bagels,Trash_Bags,Bananas"
T002310,"Dish_Soap,Tea,Frozen_Pizza,Tomatoes,Toothpaste,Chocolate,Yogurt"
T002311,"Yogurt,Crackers,Fish,Soap"
T002312,"Vegetables,Rice,Pork,Frozen_Pizza,Soda,Turkey,Soap,Chicken"
T002313,"Soda,Water,Fish,Pork"
T002314,"Dish_Soap,Crackers,Detergent,Shampoo,Turkey,Frozen_Vegetables,Cheese"
T002315,"Soda,Dip,Soap,Shampoo,Juice,Nuts,Dish_Soap,Tomatoes"
T002316,"Muffins,Coffee,Pork"
T002317,"Deodorant,Coffee,Bananas,Cookies,Apples,Water,Cream"
T002318,"Butter,Oranges,Fish,Frozen_Pizza,Cheese,Chicken,Apples"
T002319,"Soda,Chips,Yogurt,Bread,Tea,Cheese,Milk,Detergent,Croissants"
T002320,"Milk,Bread,Shampoo,Croissants,Beef,Muffins,Butter,Dish_Soap,Toothpaste"
T002321,"Yogurt,Cheese"
T002322,"Fish,Paper_Towels"
T002323,"Juice,Water,Lettuce,Shampoo,Beef,Chicken,Frozen_Dinners,Frozen_Pizza"
T002324,"Deodorant,Croissants,Detergent,Turkey"
T002325,"Bread,Pork,Frozen_Pizza,Juice"
T002326,"Soda,Apples,Cream,Milk,Turkey"
T002327,"Shampoo,Cream,Milk,Oranges"
T002328,"Fish,Cookies,Milk,Deodorant,Bananas,Bread,Trash_Bags"
T002329,"Chips,Beer,Beef,Shampoo"
T002330,"Toothpaste,Chicken,Detergent,Apples,Bread,Bagels"
T002331,"Toothpaste,Apples,Dish_Soap,Bananas,Oranges"
T002332,"Salsa,Beer,Ice_Cream,Chocolate"
T002333,"Toothpaste,Frozen_Pizza,Muffins,Water,Cream,Trash_Bags,Nuts,Croissants"
T002334,"Detergent,Paper_Towels,Turkey,Juice,Soap,Dish_Soap"
T002335,"Coffee,Frozen_Vegetables,Cream,Chicken,Cheese"
T002336,"Coffee,Yogurt,Shampoo"
T002337,"Frozen_Pizza,Nuts,Chips"
T002338,"Cheese,Pasta,Bagels,Yogurt"
T002339,"Oranges,Detergent,Pork,Chicken,Butter"
T002340,"Beef,Detergent,Butter,Soda,Water"
T002341,"Crackers,Soap,Detergent,Croissants,Ice_Cream"
T002342,"Frozen_Pizza,Milk,Oranges,Beef,Bread,Detergent,Croissants"
T002343,"Sugar,Cream,Fish,Bread"
T002344,"Frozen_Pizza,Bread,Chocolate,Beef"
T002345,"Cream,Fish,Oranges"
T002346,"Sugar,Cream,Lettuce,Frozen_Pizza"
T002347,"Bagels,Cookies,Toothpaste,Ice_Cream,Cream,Milk"
T002348,Frozen_Pizza
T002349,"Bananas,Milk,Butter,Soda,Frozen_Pizza,Ice_Cream,Soap"
T002350,"Cookies,Chips,Dish_Soap,Crackers,Donuts"
T002351,"Milk,Cereal,Toothpaste,Tea,Yogurt,Cream,Lettuce,Chicken"
T002352,"Croissants,Soap"
T002353,"Paper_Towels,Trash_Bags,Deodorant,Cream"
T002354,"Frozen_Dinners,Oranges,Ice_Cream,Chips,Fish,Butter"
T002355,"Frozen_Dinners,Donuts,Tea,Water,Tomatoes,Trash_Bags,Cheese"
T002356,"Detergent,Chips,Toothpaste,Crackers,Frozen_Dinners,Croissants,Tomatoes,Tea"
T002357,"Chocolate_Syrup,Ice_Cream,Bread,Lettuce,Cookies,Toothpaste,Frozen_Dinners,Yogurt,Water,Tea"
T002358,"Lettuce,Frozen_Pizza,Chicken,Pork,Ice_Cream,Oranges"
T002359,"Dish_Soap,Muffins,Frozen_Vegetables,Turkey,Trash_Bags,Cookies"
T002360,"Frozen_Vegetables,Bananas,Yogurt,Chocolate,Trash_Bags"
T002361,"Milk,Butter,Nuts,Chocolate,Trash_Bags,Frozen_Dinners,Soda"
T002362,"Sugar,Coffee,Turkey,Frozen_Pizza,Trash_Bags"
T002363,"Bread,Chips,Paper_Towels"
T002364,"Butter,Frozen_Dinners,Bagels,Soda,Paper_Towels"
T002365,"Deodorant,Cream,Ice_Cream"
T002366,"Salsa,Chips,Bagels,Beef,Toothpaste,Muffins,Soap,Crackers"
T002367,"Rice,Vegetables,Lettuce,Water,Dish_Soap,Pork"
T002368,"Bananas,Juice,Butter,Muffins,Turkey"
T002369,"Tomato_Sauce,Pasta,Crackers,Trash_Bags,Butter,Soda"
T002370,"Milk,Butter,Turkey,Frozen_Pizza"
T002371,"Chips,Croissants,Dish_Soap"
T002372,"Tomatoes,Hamburger_Buns,Lettuce,Bananas,Coffee"
T002373,"Tomatoes,Oranges,Trash_Bags"
T002374,"Water,Butter,Crackers,Tea,Oranges"
T002375,"Milk,Butter,Muffins,Bread,Frozen_Vegetables,Coffee,Cookies"
T002376,"Juice,Tea"
T002377,"Chips,Dip,Crackers,Detergent,Pork,Apples,Nuts,Tea"
T002378,"Yogurt,Muffins,Frozen_Dinners,Coffee,Beef,Milk,Frozen_Pizza,Cookies"
T002379,"Beef,Toothpaste,Chicken,Nuts,Chocolate,Pork,Coffee"
T002380,"Butter,Pork,Juice,Soap,Cookies,Paper_Towels,Water"
T002381,"Turkey,Cheese,Tomatoes,Tea"
T002382,"Detergent,Butter,Chips"
T002383,"Ice_Cream,Whipped_Cream,Dish_Soap,Beef"
T002384,"Chips,Coffee,Oranges,Cookies,Dish_Soap,Shampoo,Deodorant"
T002385,"Yogurt,Lettuce,Soap,Muffins,Bread"
T002386,"Trash_Bags,Tea,Oranges"
T002387,"Bread,Cookies,Tomatoes,Deodorant,Toothpaste,Donuts"
T002388,"Soda,Oranges,Donuts"
T002389,"Crackers,Chicken,Paper_Towels,Cookies"
T002390,"Cereal,Milk,Dish_Soap,Trash_Bags,Oranges,Yogurt,Juice,Cheese"
T002391,"Cheese,Crackers"
T002392,"Detergent,Bananas,Chips,Bagels,Turkey,Chicken"
T002393,"Nuts,Croissants,Trash_Bags,Chocolate,Oranges,Chicken,Toothpaste"
T002394,"Chips,Soda,Frozen_Dinners,Tea,Frozen_Pizza,Water"
T002395,"Muffins,Oranges,Chocolate"
T002396,"Milk,Nuts,Pork,Fish,Butter"
T002397,"Muffins,Bagels,Fish,Ice_Cream"
T002398,"Chips,Chocolate"
T002399,"Trash_Bags,Turkey,Deodorant,Yogurt,Water"
T002400,"Tomatoes,Apples,Milk,Dish_Soap"
T002401,"Dish_Soap,Crackers,Fish,Chocolate,Ice_Cream,Beef"
T002402,"Shampoo,Donuts,Lettuce,Toothpaste,Cream,Turkey,Oranges"
T002403,"Dish_Soap,Nuts,Muffins"
T002404,"Detergent,Frozen_Dinners,Juice,Chips,Trash_Bags,Nuts"
T002405,"Beer,Salsa,Muffins,Trash_Bags,Croissants,Frozen_Dinners,Beef,Ice_Cream,Cream"
T002406,"Whipped_Cream,Ice_Cream,Toothpaste,Cream,Crackers,Chicken"
T002407,"Chicken,Vegetables,Beef,Pork,Water,Deodorant,Turkey,Frozen_Pizza"
T002408,"Pork,Tea,Frozen_Vegetables,Detergent,Dish_Soap"
T002409,"Pork,Cream,Soap"
T002410,"Milk,Crackers,Paper_Towels,Yogurt,Frozen_Dinners,Tomatoes,Muffins,Frozen_Pizza"
T002411,"Fish,Pork,Bananas"
T002412,"Apples,Yogurt,Muffins"
T002413,"Shampoo,Frozen_Dinners,Soda,Deodorant"
T002414,"Dip,Soda,Chocolate,Shampoo,Paper_Towels,Croissants"
T002415,"Bread,Milk,Nuts,Tomatoes"
T002416,"Chocolate,Milk,Cheese,Chicken,Coffee,Bananas,Pork"
T002417,"Shampoo,Bread,Juice,Butter,Paper_Towels,Ice_Cream"
T002418,"Chocolate,Milk,Oranges"
T002419,"Bananas,Soap,Lettuce,Yogurt,Frozen_Dinners,Milk,Frozen_Pizza,Fish"
T002420,"Pork,Donuts,Milk,Water"
T002421,"Ice_Cream,Chocolate_Syrup,Croissants,Toothpaste,Crackers"
T002422,"Toothpaste,Butter,Tea,Bread,Donuts"
T002423,"Chicken,Beef"
T002424,"Trash_Bags,Paper_Towels,Deodorant"
T002425,"Bagels,Trash_Bags,Soap"
T002426,"Milk,Tea"
T002427,"Butter,Milk,Tea,Croissants,Shampoo,Bananas,Juice,Chicken,Soap,Apples"
T002428,"Milk,Bananas,Coffee,Shampoo,Cookies"
T002429,"Detergent,Nuts"
T002430,"Tomatoes,Lettuce,Beef,Bananas,Deodorant,Crackers"
T002431,"Bananas,Cereal,Bagels,Yogurt,Dish_Soap,Water,Lettuce,Cookies,Chips"
T002432,"Coffee,Tea,Yogurt,Water,Muffins"
T002433,"Chicken,Frozen_Vegetables"
T002434,"Trash_Bags,Toothpaste,Coffee,Ice_Cream,Frozen_Vegetables"
T002435,"Ice_Cream,Butter,Frozen_Dinners,Shampoo"
T002436,"Pork,Chips,Crackers,Detergent"
T002437,"Tea,Fish"
T002438,"Frozen_Pizza,Cookies,Ice_Cream,Paper_Towels,Donuts,Deodorant,Bagels"
T002439,"Chocolate_Syrup,Ice_Cream,Trash_Bags,Tomatoes,Turkey,Dish_Soap,Bread,Detergent"
T002440,"Trash_Bags,Bananas,Frozen_Dinners,Chicken"
T002441,"Chips,Salsa,Pork,Turkey,Donuts,Frozen_Vegetables,Frozen_Pizza"
T002442,"Cereal,Milk,Toothpaste,Cookies,Donuts"
T002443,"Lettuce,Beef,Toothpaste,Oranges,Frozen_Vegetables,Tea"
T002444,"Bagels,Ice_Cream,Toothpaste"
T002445,"Coffee,Sugar,Chips,Toothpaste,Deodorant,Muffins,Shampoo,Juice,Bagels"
T002446,"Chocolate,Soap,Dish_Soap,Cookies,Frozen_Vegetables,Coffee,Paper_Towels,Frozen_Dinners"
T002447,"Tomatoes,Pork,Trash_Bags,Frozen_Dinners"
T002448,"Jelly,Bread,Chips,Butter,Deodorant"
T002449,"Donuts,Butter"
T002450,"Paper_Towels,Yogurt,Croissants"
T002451,"Beer,Salsa,Soap,Milk,Dish_Soap,Apples,Bagels"
T002452,"Chicken,Vegetables,Ice_Cream,Detergent,Cookies"
T002453,"Beef,Tomatoes,Ice_Cream,Cream,Pork,Muffins"
T002454,"Cream,Trash_Bags,Cheese,Croissants"
T002455,"Tomatoes,Soda"
T002456,"Salsa,Beer,Donuts,Bagels,Coffee,Detergent,Croissants,Shampoo,Pork"
T002457,"Water,Yogurt"
T002458,"Butter,Milk,Juice,Ice_Cream,Tomatoes,Tea"
T002459,"Jelly,Peanut_Butter,Chips,Soap,Frozen_Vegetables,Cheese,Frozen_Dinners,Nuts,Cream,Dish_Soap"
T002460,"Toothpaste,Dish_Soap,Bananas,Muffins"
T002461,"Butter,Nuts,Chicken,Detergent,Crackers,Soap,Oranges"
T002462,"Crackers,Soda,Tea"
T002463,"Coffee,Turkey,Crackers,Deodorant,Chips,Trash_Bags"
T002464,"Nuts,Frozen_Vegetables"
T002465,"Frozen_Dinners,Crackers,Pork,Oranges,Soap"
T002466,"Ice_Cream,Muffins,Water,Paper_Towels,Deodorant,Turkey,Detergent"
T002467,"Bagels,Water,Croissants,Crackers,Toothpaste,Frozen_Vegetables"
T002468,"Cream,Coffee,Bananas,Tomatoes,Chicken,Butter,Oranges"
T002469,"Frozen_Dinners,Ice_Cream,Nuts"
T002470,"Frozen_Pizza,Milk,Turkey,Cream,Water,Fish,Frozen_Vegetables,Pork"
T002471,"Cookies,Apples,Cheese,Water"
T002472,"Bananas,Muffins,Shampoo,Ice_Cream,Frozen_Dinners"
T002473,"Tomatoes,Trash_Bags,Juice,Butter,Detergent,Dish_Soap,Beef"
T002474,"Chicken,Deodorant"
T002475,"Beef,Paper_Towels,Frozen_Pizza,Butter,Cream"
T002476,"Bread,Butter,Ice_Cream,Deodorant,Tomatoes,Chicken,Coffee"
T002477,"Toothpaste,Coffee,Shampoo"
T002478,"Chips,Turkey,Dish_Soap,Bread,Frozen_Vegetables"
T002479,"Cookies,Soda,Bread,Tea,Bagels,Frozen_Vegetables,Muffins"
T002480,"Soap,Apples,Croissants,Fish,Nuts,Frozen_Vegetables,Butter"
T002481,"Ice_Cream,Whipped_Cream,Fish,Frozen_Dinners"
T002482,"Milk,Cheese,Apples,Frozen_Dinners,Soap,Bagels,Oranges"
T002483,"Pork,Soap,Toothpaste,Bread,Cookies,Trash_Bags,Milk,Cheese"
T002484,"Soda,Dip,Dish_Soap,Donuts,Ice_Cream,Trash_Bags,Crackers"
T002485,"Bananas,Deodorant,Bagels,Croissants,Butter,Chocolate"
T002486,"Cream,Tomatoes,Fish"
T002487,"Beef,Frozen_Dinners,Donuts,Lettuce,Frozen_Vegetables,Dish_Soap,Yogurt"
T002488,"Dish_Soap,Tomatoes,Muffins,Ice_Cream,Nuts,Soda"
T002489,"Chocolate,Frozen_Pizza,Ice_Cream,Chips"
T002490,"Frozen_Dinners,Ice_Cream,Soap,Butter"
T002491,"Deodorant,Beef,Chips,Croissants,Shampoo,Bread"
T002492,"Donuts,Croissants,Lettuce,Pork"
T002493,"Jelly,Bread,Butter,Nuts,Cookies"
T002494,"Toothpaste,Chicken"
T002495,"Oranges,Cheese"
T002496,"Ice_Cream,Whipped_Cream,Bagels,Turkey,Frozen_Dinners,Coffee,Yogurt,Cream"
T002497,"Oranges,Bread,Water"
T002498,"Chicken,Rice,Butter,Chips,Milk"
T002499,"Salsa,Beer,Frozen_Pizza,Coffee,Soap,Lettuce,Ice_Cream,Paper_Towels"
T002500,"Cream,Apples,Detergent,Soap"
T002501,"Soda,Chips,Croissants,Beef,Chocolate,Bananas,Fish,Water"
T002502,"Soap,Tea,Toothpaste,Apples,Ice_Cream,Donuts,Paper_Towels"
T002503,"Pork,Cookies,Lettuce,Ice_Cream,Frozen_Pizza,Donuts,Cheese,Fish"
T002504,"Toothpaste,Bread,Dish_Soap,Muffins,Paper_Towels,Beef"
T002505,"Sugar,Cream,Chocolate,Beef,Fish"
T002506,"Pork,Tea,Apples,Toothpaste,Muffins,Ice_Cream"
T002507,"Soda,Dip,Apples,Frozen_Pizza,Donuts,Ice_Cream"
T002508,"Oranges,Cream,Donuts,Shampoo,Muffins,Lettuce"
T002509,"Cream,Water,Lettuce,Frozen_Pizza,Trash_Bags,Juice"
T002510,"Dip,Soda,Detergent,Croissants,Crackers,Toothpaste"
T002511,"Cookies,Croissants,Fish,Donuts,Oranges"
T002512,"Tomatoes,Turkey"
T002513,"Cheese,Donuts,Toothpaste,Beef,Deodorant,Paper_Towels"
T002514,"Milk,Frozen_Pizza,Chocolate,Turkey,Apples"
T002515,"Soda,Donuts"
T002516,"Chips,Crackers,Beef,Frozen_Vegetables,Nuts,Water,Croissants"
T002517,"Frozen_Pizza,Paper_Towels,Crackers"
T002518,"Whipped_Cream,Ice_Cream,Cream,Frozen_Dinners,Apples,Turkey,Donuts,Frozen_Vegetables"
T002519,"Frozen_Pizza,Frozen_Vegetables,Donuts"
T002520,"Cheese,Frozen_Vegetables"
T002521,"Oranges,Cream"
T002522,"Water,Dish_Soap,Chocolate,Ice_Cream"
T002523,"Crackers,Oranges,Tomatoes,Turkey,Butter,Donuts"
T002524,"Chicken,Yogurt,Tomatoes,Frozen_Pizza,Juice,Nuts"
T002525,"Ice_Cream,Chocolate_Syrup,Bread,Cookies"
T002526,"Pork,Soap,Donuts,Toothpaste,Bagels,Frozen_Dinners,Chocolate"
T002527,"Chocolate,Pork,Croissants"
T002528,"Trash_Bags,Butter"
T002529,"Soda,Beef,Deodorant"
T002530,"Fish,Tea"
T002531,"Croissants,Tomatoes"
T002532,"Tea,Detergent,Milk"
T002533,"Bread,Frozen_Pizza,Deodorant,Chocolate,Chips"
T002534,"Yogurt,Detergent,Tomatoes,Oranges"
T002535,"Apples,Pork,Bananas"
T002536,"Trash_Bags,Chocolate,Muffins,Shampoo,Ice_Cream"
T002537,"Oranges,Paper_Towels"
T002538,"Frozen_Pizza,Dish_Soap,Apples"
T002539,"Frozen_Pizza,Deodorant,Beef,Dish_Soap,Donuts,Juice,Yogurt"
T002540,"Beer,Salsa,Coffee,Bagels,Bananas,Deodorant,Turkey,Ice_Cream,Shampoo"
T002541,"Yogurt,Juice,Oranges,Tomatoes,Ice_Cream,Deodorant"
T002542,"Whipped_Cream,Chocolate_Syrup,Apples,Frozen_Dinners,Butter,Coffee"
T002543,"Bagels,Frozen_Dinners,Soap,Cream,Deodorant,Fish,Tomatoes,Nuts"
T002544,"Beef,Lettuce,Hamburger_Buns,Chocolate,Trash_Bags,Oranges,Ice_Cream,Pork"
T002545,"Apples,Soap,Bagels,Shampoo,Chips,Crackers"
T002546,"Milk,Ice_Cream,Trash_Bags,Bagels,Muffins,Soap,Tea"
T002547,"Yogurt,Juice"
T002548,"Frozen_Dinners,Fish,Tea"
T002549,"Shampoo,Cookies,Frozen_Pizza,Frozen_Dinners,Dish_Soap,Fish,Nuts,Bread"
T002550,"Donuts,Ice_Cream"
T002551,"Vegetables,Rice,Soap,Nuts"
T002552,"Soda,Dip,Yogurt,Frozen_Dinners,Lettuce,Toothpaste,Pork,Crackers,Trash_Bags"
T002553,"Chips,Dip,Tomatoes,Tea,Oranges,Toothpaste,Dish_Soap,Frozen_Pizza"
T002554,"Chips,Paper_Towels,Frozen_Pizza"
T002555,"Pork,Frozen_Dinners,Crackers,Donuts,Chips,Cream"
T002556,"Lettuce,Chicken,Frozen_Dinners,Oranges,Soap,Bread,Tea,Frozen_Vegetables"
T002557,"Chicken,Rice,Yogurt,Bagels,Donuts"
T002558,"Chocolate,Bread,Water,Ice_Cream,Apples,Soap"
T002559,"Cheese,Coffee,Chicken,Shampoo,Nuts,Frozen_Pizza,Deodorant"
T002560,"Toothpaste,Detergent"
T002561,"Beer,Salsa,Soda,Nuts,Fish,Lettuce,Deodorant"
T002562,"Chocolate,Frozen_Pizza,Donuts"
T002563,"Milk,Bananas,Muffins,Nuts,Beef,Coffee,Turkey,Frozen_Vegetables,Deodorant"
T002564,"Paper_Towels,Butter,Bagels,Soap,Detergent,Bananas"
T002565,"Shampoo,Water,Chocolate"
T002566,"Tomatoes,Chocolate,Water,Oranges,Ice_Cream,Yogurt"
T002567,"Dish_Soap,Frozen_Dinners,Donuts,Tomatoes,Chips,Cookies"
T002568,"Water,Toothpaste,Chicken,Pork,Frozen_Dinners,Paper_Towels"
T002569,"Trash_Bags,Nuts,Deodorant,Juice,Cream,Bagels,Chips"
T002570,"Juice,Frozen_Vegetables,Butter,Deodorant"
T002571,"Sugar,Cream,Frozen_Dinners,Milk,Lettuce,Shampoo,Oranges,Dish_Soap,Bread"
T002572,"Chips,Soap,Yogurt,Detergent,Donuts,Trash_Bags,Soda"
T002573,"Water,Bagels"
T002574,"Chicken,Butter,Frozen_Pizza,Shampoo,Beef"
T002575,"Beef,Lettuce,Frozen_Vegetables,Cheese,Water,Detergent"
T002576,"Fish,Detergent,Coffee,Nuts"
T002577,"Frozen_Vegetables,Toothpaste,Cheese,Chips,Nuts,Tea,Turkey"
T002578,"Butter,Toothpaste,Bread,Tea"
T002579,"Cream,Butter,Paper_Towels,Beef,Trash_Bags,Turkey,Frozen_Vegetables"
T002580,"Pasta,Tomato_Sauce,Trash_Bags,Toothpaste,Milk,Tomatoes,Frozen_Vegetables,Yogurt,Ice_Cream"
T002581,"Nuts,Cheese,Lettuce,Chips,Bananas"
T002582,"Beef,Tomatoes,Soap,Butter,Toothpaste,Trash_Bags,Juice,Frozen_Vegetables"
T002583,"Paper_Towels,Butter"
T002584,"Ice_Cream,Butter,Bagels,Trash_Bags"
T002585,"Butter,Milk,Cheese,Fish,Detergent,Tomatoes,Trash_Bags,Frozen_Vegetables"
T002586,"Dip,Soda,Butter,Cheese,Donuts"
T002587,"Crackers,Frozen_Pizza,Paper_Towels,Nuts,Dish_Soap,Bananas"
T002588,"Bread,Detergent,Soda,Water,Milk,Apples,Frozen_Pizza"
T002589,"Trash_Bags,Soap"
T002590,"Milk,Frozen_Pizza,Ice_Cream"
T002591,"Cream,Donuts,Detergent,Deodorant"
T002592,"Lettuce,Beef,Hamburger_Buns,Soap,Shampoo,Milk,Muffins"
T002593,"Oranges,Soda,Bagels"
T002594,"Cereal,Bananas,Paper_Towels,Butter,Soda,Deodorant"
T002595,"Ice_Cream,Apples,Trash_Bags,Frozen_Pizza,Soap,Beef"
T002596,"Chicken,Cookies,Lettuce,Cheese,Yogurt,Trash_Bags,Juice"
T002597,"Toothpaste,Tea,Cookies,Pork,Cream,Oranges,Deodorant"
T002598,"Deodorant,Shampoo,Coffee,Fish"
T002599,"Oranges,Bread,Chocolate,Frozen_Vegetables,Soda,Frozen_Dinners,Water"
T002600,"Soda,Dip,Tea,Detergent,Croissants,Paper_Towels,Frozen_Pizza,Muffins,Pork"
T002601,"Soap,Shampoo,Lettuce"
T002602,"Milk,Bread,Detergent,Dish_Soap"
T002603,"Frozen_Dinners,Chocolate,Soda,Chips,Cheese,Water"
T002604,"Coffee,Beef,Cream"
T002605,"Paper_Towels,Detergent,Dish_Soap,Trash_Bags,Deodorant,Crackers"
T002606,"Pork,Oranges,Bagels,Deodorant"
T002607,"Bread,Milk,Soap,Chicken,Trash_Bags,Crackers,Lettuce,Ice_Cream,Tea"
T002608,"Lettuce,Frozen_Vegetables,Water"
T002609,"Chocolate,Nuts"
T002610,"Cheese,Water,Cookies,Tomatoes,Yogurt,Toothpaste"
T002611,"Trash_Bags,Deodorant"
T002612,"Tomato_Sauce,Cheese,Trash_Bags,Bananas,Toothpaste,Detergent,Tea,Turkey"
T002613,"Whipped_Cream,Ice_Cream,Trash_Bags,Pork,Deodorant"
T002614,"Beer,Salsa,Milk,Toothpaste,Butter,Bananas,Croissants,Dish_Soap,Muffins,Bagels"
T002615,"Milk,Frozen_Pizza,Juice,Frozen_Vegetables,Coffee"
T002616,"Paper_Towels,Chips,Tomatoes,Trash_Bags"
T002617,"Dip,Soda,Fish,Croissants,Tea,Frozen_Dinners,Beef"
T002618,"Whipped_Cream,Ice_Cream,Butter,Trash_Bags"
T002619,"Rice,Vegetables,Frozen_Dinners,Frozen_Pizza,Bananas,Dish_Soap"
T002620,"Turkey,Donuts"
T002621,"Soda,Shampoo"
T002622,"Beer,Chips,Oranges,Yogurt,Tomatoes"
T002623,"Soap,Tea,Lettuce"
T002624,"Ice_Cream,Nuts,Pork,Frozen_Vegetables,Yogurt"
T002625,"Deodorant,Water,Bananas,Chips"
T002626,"Muffins,Trash_Bags,Shampoo,Cream,Croissants,Detergent"
T002627,"Coffee,Cream,Frozen_Pizza,Fish,Chicken,Croissants,Bagels,Muffins,Yogurt"
T002628,"Bananas,Milk,Yogurt,Bread,Ice_Cream,Deodorant,Cream,Oranges,Turkey"
T002629,"Water,Tomatoes"
T002630,"Juice,Dish_Soap,Nuts,Trash_Bags,Tomatoes"
T002631,"Soap,Trash_Bags"
T002632,"Croissants,Apples,Chocolate,Deodorant"
T002633,"Ice_Cream,Crackers"
T002634,"Yogurt,Chips,Juice,Bread,Nuts,Chocolate,Bagels,Shampoo"
T002635,"Yogurt,Ice_Cream,Oranges"
T002636,"Beef,Chocolate,Water,Butter,Chips,Fish,Soap,Ice_Cream"
T002637,"Fish,Bread,Nuts,Shampoo,Ice_Cream,Water,Croissants,Chips"
T002638,"Lettuce,Cream,Deodorant,Chicken,Turkey"
T002639,"Toothpaste,Frozen_Vegetables"
T002640,"Chicken,Rice,Chips,Turkey,Donuts,Frozen_Pizza,Dish_Soap,Lettuce,Fish,Juice"
T002641,"Chocolate,Milk"
T002642,"Soap,Milk,Bagels,Frozen_Pizza,Nuts,Muffins,Butter"
T002643,"Oranges,Cream,Lettuce,Cheese,Bread,Soap,Shampoo,Bananas"
T002644,"Milk,Beef,Turkey,Water,Coffee"
T002645,"Bread,Peanut_Butter,Detergent,Frozen_Vegetables,Trash_Bags,Turkey"
T002646,"Bananas,Soap,Deodorant,Cookies,Milk,Shampoo,Beef"
T002647,"Detergent,Frozen_Vegetables"
T002648,"Deodorant,Frozen_Pizza,Nuts,Bread,Cheese,Beef"
T002649,"Tomatoes,Lettuce,Frozen_Vegetables,Bread"
T002650,"Cereal,Bananas,Croissants,Deodorant,Donuts,Ice_Cream,Bread,Butter"
T002651,"Toothpaste,Ice_Cream,Chicken,Yogurt"
T002652,"Chips,Apples,Toothpaste,Frozen_Dinners,Oranges,Water"
T002653,"Peanut_Butter,Jelly,Juice,Turkey,Frozen_Vegetables,Tea"
T002654,"Soda,Yogurt"
T002655,"Trash_Bags,Beef,Tea"
T002656,"Pasta,Cheese,Bananas,Trash_Bags,Detergent,Croissants,Soap,Ice_Cream,Water,Frozen_Vegetables"
T002657,"Deodorant,Tea,Milk,Donuts,Pork,Beef"
T002658,"Ice_Cream,Butter"
T002659,"Fish,Soap,Ice_Cream,Coffee,Cheese"
T002660,"Muffins,Lettuce,Bagels,Cream,Bananas"
T002661,"Cream,Lettuce,Apples,Pork,Bananas,Muffins"
T002662,"Fish,Deodorant,Donuts"
T002663,"Cereal,Milk,Frozen_Dinners,Dish_Soap,Cheese,Donuts"
T002664,"Turkey,Bananas,Bagels,Beef,Soda,Ice_Cream,Deodorant,Frozen_Dinners"
T002665,"Dish_Soap,Water,Croissants"
T002666,"Nuts,Cream,Butter,Deodorant,Soda,Coffee"
T002667,"Frozen_Pizza,Fish,Soap"
T002668,"Tomatoes,Cookies"
T002669,"Beef,Croissants"
T002670,"Deodorant,Butter,Pork"
T002671,"Muffins,Frozen_Vegetables,Pork,Lettuce,Beef,Dish_Soap"
T002672,"Vegetables,Rice,Tea,Nuts,Frozen_Dinners"
T002673,"Bagels,Coffee"
T002674,"Trash_Bags,Dish_Soap,Toothpaste,Deodorant"
T002675,"Coffee,Cream,Bananas,Butter,Chocolate"
T002676,"Frozen_Dinners,Apples,Frozen_Vegetables,Tea,Ice_Cream,Turkey,Milk"
T002677,"Coffee,Bagels,Trash_Bags,Yogurt,Fish,Butter,Juice"
T002678,"Paper_Towels,Deodorant,Cheese,Donuts"
T002679,"Beef,Water,Pork,Frozen_Vegetables"
T002680,"Toothpaste,Croissants,Trash_Bags"
T002681,"Dip,Chips,Bread,Cream,Ice_Cream,Chocolate,Cookies"
T002682,"Soap,Pork,Oranges"
T002683,"Yogurt,Oranges,Cookies"
T002684,"Chocolate,Cream,Pork,Water,Paper_Towels,Butter"
T002685,"Chips,Shampoo,Paper_Towels,Cookies,Apples"
T002686,"Detergent,Soap,Ice_Cream"
T002687,"Dish_Soap,Juice,Trash_Bags,Frozen_Pizza,Fish,Cheese,Toothpaste,Muffins"
T002688,"Bananas,Frozen_Vegetables,Deodorant,Frozen_Pizza,Shampoo,Chicken"
T002689,"Deodorant,Lettuce,Coffee,Frozen_Dinners,Donuts,Dish_Soap"
T002690,"Coffee,Ice_Cream,Muffins"
T002691,"Crackers,Bread,Deodorant,Paper_Towels"
T002692,"Oranges,Ice_Cream,Frozen_Vegetables,Frozen_Pizza,Cookies,Deodorant,Shampoo"
T002693,"Bread,Cookies,Toothpaste,Water,Deodorant"
T002694,"Ice_Cream,Fish,Juice,Bananas,Soap,Turkey"
T002695,"Yogurt,Chocolate,Bananas,Trash_Bags,Milk,Donuts"
T002696,"Bagels,Soap,Crackers,Detergent,Frozen_Dinners,Ice_Cream"
T002697,"Soap,Pork,Dish_Soap,Coffee,Detergent"
T002698,"Chocolate,Donuts,Croissants,Deodorant,Lettuce"
T002699,"Shampoo,Cheese,Deodorant,Soda,Bread"
T002700,"Apples,Tomatoes,Soda,Toothpaste,Juice"
T002701,"Nuts,Fish,Juice,Chips,Donuts"
T002702,"Oranges,Bagels,Toothpaste,Coffee"
T002703,"Frozen_Pizza,Tomatoes,Milk,Toothpaste,Muffins"
T002704,"Nuts,Shampoo,Yogurt,Paper_Towels,Milk"
T002705,"Croissants,Apples,Milk"
T002706,"Beef,Tomatoes,Lettuce,Cheese,Frozen_Pizza,Yogurt"
T002707,"Beef,Soda,Tomatoes,Croissants,Trash_Bags,Crackers"
T002708,"Chips,Salsa,Beef,Chocolate,Crackers,Toothpaste,Bread,Coffee,Frozen_Dinners"
T002709,"Milk,Butter,Yogurt,Turkey,Coffee,Water,Chocolate,Ice_Cream,Croissants"
T002710,"Chicken,Rice,Soap,Ice_Cream,Juice,Soda,Bagels"
T002711,"Coffee,Sugar,Croissants,Pork"
T002712,"Frozen_Pizza,Deodorant,Shampoo,Chips,Chicken,Soap"
T002713,"Cheese,Tomato_Sauce,Trash_Bags,Soap,Chips,Deodorant,Soda"
T002714,"Bananas,Frozen_Vegetables,Frozen_Dinners,Ice_Cream,Frozen_Pizza"
T002715,"Frozen_Dinners,Bagels,Frozen_Pizza,Oranges"
T002716,"Salsa,Chips,Frozen_Dinners,Juice,Cookies"
T002717,"Croissants,Fish"
T002718,"Water,Frozen_Vegetables,Oranges,Juice,Donuts,Toothpaste"
T002719,"Yogurt,Soap"
T002720,"Cream,Coffee,Frozen_Pizza,Soap"
T002721,"Dish_Soap,Pork,Paper_Towels,Frozen_Dinners,Muffins,Croissants"
T002722,"Chicken,Vegetables,Toothpaste,Ice_Cream,Chocolate,Tomatoes,Chips"
T002723,"Cookies,Cream,Muffins,Frozen_Vegetables,Detergent,Donuts"
T002724,"Trash_Bags,Butter,Croissants"
T002725,"Fish,Beef,Apples,Frozen_Pizza,Cookies,Paper_Towels"
T002726,"Tomatoes,Coffee,Beef,Donuts,Paper_Towels"
T002727,"Croissants,Crackers,Tea,Coffee"
T002728,"Butter,Oranges,Tomatoes,Chips,Pork,Lettuce,Detergent,Shampoo"
T002729,"Milk,Bananas,Toothpaste"
T002730,"Cheese,Tomato_Sauce,Tomatoes,Juice,Frozen_Pizza,Lettuce,Ice_Cream,Yogurt"
T002731,"Ice_Cream,Deodorant,Trash_Bags,Muffins"
T002732,"Donuts,Shampoo,Paper_Towels,Coffee,Apples,Detergent"
T002733,"Tomatoes,Lettuce,Hamburger_Buns,Cookies,Detergent,Chocolate,Water,Turkey,Coffee,Muffins"
T002734,"Lettuce,Deodorant,Trash_Bags,Frozen_Dinners,Oranges,Water"
T002735,"Coffee,Bread,Turkey"
T002736,"Paper_Towels,Lettuce,Trash_Bags,Cookies,Butter"
T002737,"Soap,Cream,Tea,Chicken,Lettuce,Oranges,Nuts"
T002738,"Dip,Soda,Bagels,Bananas,Pork,Dish_Soap"
T002739,"Dip,Soda,Croissants,Paper_Towels,Trash_Bags"
T002740,"Pasta,Cheese,Frozen_Pizza,Beef,Lettuce"
T002741,"Beef,Lettuce,Hamburger_Buns,Toothpaste,Soda"
T002742,"Toothpaste,Bagels,Trash_Bags,Juice,Bread"
T002743,"Chicken,Vegetables,Cheese,Chocolate,Frozen_Pizza,Trash_Bags,Oranges,Chips,Detergent,Paper_Towels"
T002744,"Bagels,Soda,Lettuce,Cheese,Frozen_Dinners"
T002745,"Coffee,Sugar,Cookies,Muffins,Beef"
T002746,"Crackers,Oranges"
T002747,"Chips,Tomatoes,Tea,Soap"
T002748,"Chocolate,Donuts,Beef,Paper_Towels,Soda"
T002749,"Nuts,Trash_Bags,Turkey"
T002750,"Bread,Detergent,Cookies,Paper_Towels,Water,Frozen_Vegetables"
T002751,"Yogurt,Croissants,Frozen_Pizza,Toothpaste,Ice_Cream,Oranges,Soap,Fish"
T002752,"Tea,Tomatoes,Crackers,Ice_Cream"
T002753,"Milk,Bananas,Chocolate,Apples"
T002754,"Chips,Soda,Ice_Cream,Yogurt,Milk,Toothpaste,Frozen_Vegetables"
T002755,"Toothpaste,Turkey,Donuts,Coffee,Dish_Soap"
T002756,"Frozen_Pizza,Frozen_Vegetables"
T002757,"Butter,Nuts,Soda"
T002758,"Frozen_Dinners,Deodorant,Coffee"
T002759,"Ice_Cream,Milk,Detergent,Crackers"
T002760,"Chicken,Rice,Trash_Bags,Yogurt,Frozen_Vegetables,Frozen_Pizza,Frozen_Dinners"
T002761,"Beer,Chips,Toothpaste,Bananas,Trash_Bags,Cookies,Tea,Nuts"
T002762,"Tomatoes,Coffee"
T002763,"Muffins,Oranges,Toothpaste,Cheese,Deodorant,Butter"
T002764,"Chocolate,Oranges,Turkey,Coffee"
T002765,"Peanut_Butter,Jelly,Trash_Bags,Dish_Soap,Frozen_Pizza"
T002766,"Butter,Donuts,Oranges,Dish_Soap,Crackers,Bananas"
T002767,"Tomatoes,Hamburger_Buns,Beef,Milk,Water,Donuts"
T002768,"Chicken,Rice,Frozen_Vegetables,Lettuce,Bread,Ice_Cream,Soap,Yogurt"
T002769,"Soap,Donuts,Crackers,Paper_Towels,Toothpaste"
T002770,"Trash_Bags,Frozen_Pizza,Cream,Lettuce,Tomatoes,Milk,Soap,Paper_Towels"
T002771,"Bread,Milk,Coffee,Tomatoes"
T002772,"Juice,Cheese,Cream"
T002773,"Lettuce,Hamburger_Buns,Bread,Muffins"
T002774,"Nuts,Lettuce,Frozen_Vegetables,Apples,Butter"
T002775,"Cream,Coffee,Turkey,Tomatoes"
T002776,"Shampoo,Detergent,Deodorant,Ice_Cream"
T002777,"Bananas,Frozen_Vegetables"
T002778,"Beef,Lettuce,Hamburger_Buns,Turkey,Paper_Towels,Bananas"
T002779,"Frozen_Dinners,Bananas,Soap,Detergent,Croissants,Turkey,Crackers"
T002780,"Pork,Ice_Cream,Bananas,Detergent"
T002781,"Whipped_Cream,Chocolate_Syrup,Coffee,Chicken,Water,Soap,Pork"
T002782,"Bread,Butter,Trash_Bags,Deodorant,Dish_Soap,Shampoo"
T002783,"Yogurt,Water,Turkey,Crackers,Fish"
T002784,"Turkey,Nuts,Frozen_Dinners,Chips,Cheese,Yogurt"
T002785,"Rice,Vegetables,Paper_Towels,Cheese"
T002786,"Bananas,Cereal,Croissants,Chicken,Toothpaste,Nuts,Apples,Crackers,Donuts,Frozen_Pizza"
T002787,"Bananas,Milk,Detergent,Yogurt"
T002788,"Croissants,Butter,Cheese,Frozen_Dinners,Water"
T002789,"Chocolate,Dish_Soap,Frozen_Pizza"
T002790,"Beef,Hamburger_Buns,Lettuce,Turkey,Toothpaste,Deodorant,Chips,Trash_Bags,Frozen_Pizza,Cookies,Fish"
T002791,"Bread,Butter,Bagels,Deodorant"
T002792,"Milk,Bananas,Chocolate,Soap,Detergent"
T002793,"Trash_Bags,Oranges,Frozen_Dinners,Frozen_Pizza,Lettuce,Milk,Cookies,Cheese"
T002794,"Peanut_Butter,Bread,Cookies,Coffee,Donuts,Shampoo,Trash_Bags,Butter,Soda"
T002795,"Milk,Bananas,Tea,Fish,Beef,Deodorant,Donuts"
T002796,"Sugar,Cream,Butter,Frozen_Dinners,Water,Toothpaste,Fish"
T002797,"Yogurt,Paper_Towels,Tomatoes,Fish,Toothpaste,Frozen_Vegetables"
T002798,"Juice,Turkey,Tea,Muffins,Detergent"
T002799,"Juice,Soap,Bread,Butter,Dish_Soap,Trash_Bags,Frozen_Vegetables"
T002800,"Rice,Chicken,Bagels,Butter,Soda,Juice,Trash_Bags,Frozen_Dinners,Dish_Soap"
T002801,"Bananas,Lettuce"
T002802,"Paper_Towels,Ice_Cream,Nuts,Milk"
T002803,"Frozen_Dinners,Donuts"
T002804,"Beef,Lettuce,Tomatoes,Water,Detergent"
T002805,"Cookies,Butter,Juice,Water,Deodorant,Tomatoes,Dish_Soap"
T002806,"Beef,Soap,Toothpaste,Water"
T002807,"Croissants,Tea,Deodorant,Toothpaste,Nuts"
T002808,"Pasta,Tomato_Sauce,Muffins,Shampoo"
T002809,"Pasta,Tomato_Sauce,Cream,Turkey,Frozen_Pizza,Soda,Tomatoes"
T002810,"Paper_Towels,Frozen_Vegetables,Juice,Donuts,Chips"
T002811,Trash_Bags
T002812,"Paper_Towels,Chocolate,Bagels"
T002813,"Soda,Chips,Frozen_Pizza,Shampoo,Crackers,Beef,Soap,Yogurt,Water"
T002814,"Whipped_Cream,Chocolate_Syrup,Tea,Ice_Cream"
T002815,"Deodorant,Apples,Nuts,Chicken"
T002816,"Chips,Salsa,Paper_Towels,Fish,Yogurt,Cookies,Turkey"
T002817,"Ice_Cream,Toothpaste,Crackers,Juice,Soap,Frozen_Dinners"
T002818,"Milk,Bread,Trash_Bags,Yogurt"
T002819,"Lettuce,Donuts,Soap"
T002820,"Milk,Bread,Frozen_Vegetables,Shampoo"
T002821,"Butter,Water,Bananas,Soap,Donuts,Milk,Deodorant"
T002822,"Oranges,Deodorant,Beef,Shampoo,Butter,Chips"
T002823,"Butter,Bread,Bagels,Coffee,Soap,Tomatoes,Cookies,Pork"
T002824,"Butter,Frozen_Vegetables"
T002825,"Cereal,Bananas,Butter,Water,Apples"
T002826,"Croissants,Trash_Bags"
T002827,"Tomato_Sauce,Cheese,Shampoo,Tomatoes,Bagels,Beef,Deodorant,Donuts"
T002828,"Tomato_Sauce,Pasta,Chocolate,Pork,Ice_Cream,Lettuce,Coffee,Frozen_Vegetables"
T002829,"Peanut_Butter,Bread,Tomatoes,Frozen_Pizza,Bananas,Soap"
T002830,"Frozen_Pizza,Lettuce,Frozen_Vegetables,Chips,Water,Bread"
T002831,"Frozen_Dinners,Crackers,Chocolate,Nuts,Cream,Turkey,Frozen_Vegetables"
T002832,"Cheese,Pasta,Pork,Paper_Towels,Cookies,Chicken,Juice,Oranges"
T002833,"Donuts,Butter,Oranges,Crackers"
T002834,"Rice,Chicken,Water,Crackers"
T002835,"Frozen_Vegetables,Muffins,Bagels,Beef,Chocolate,Cream,Frozen_Pizza,Soap"
T002836,"Crackers,Bananas,Soap,Cookies"
T002837,"Whipped_Cream,Chocolate_Syrup,Donuts,Butter,Ice_Cream,Toothpaste,Coffee"
T002838,Frozen_Vegetables
T002839,"Cheese,Tomato_Sauce,Butter,Frozen_Dinners,Pork"
T002840,"Frozen_Pizza,Milk,Chocolate"
T002841,"Crackers,Detergent,Deodorant,Muffins,Dish_Soap,Tomatoes"
T002842,"Butter,Bread,Tea,Deodorant,Frozen_Vegetables,Chicken,Juice"
T002843,"Chicken,Tomatoes,Water"
T002844,"Soap,Toothpaste,Paper_Towels"
T002845,"Yogurt,Oranges,Pork"
T002846,"Fish,Bagels,Bread"
T002847,"Frozen_Pizza,Bananas,Soap"
T002848,"Frozen_Vegetables,Water,Cookies,Coffee"
T002849,"Butter,Milk,Toothpaste,Ice_Cream,Turkey,Chips,Cheese,Frozen_Pizza,Paper_Towels,Cookies"
T002850,"Frozen_Pizza,Beef,Croissants"
T002851,"Cream,Coffee,Lettuce,Frozen_Dinners,Yogurt,Soda"
T002852,"Bread,Peanut_Butter,Milk,Yogurt,Chicken,Pork,Turkey,Soda,Crackers"
T002853,"Paper_Towels,Pork,Oranges,Nuts,Butter,Trash_Bags,Bread"
T002854,"Chicken,Vegetables,Turkey,Frozen_Pizza,Beef,Soap,Muffins,Tomatoes"
T002855,"Beer,Chips,Chocolate,Toothpaste,Trash_Bags,Oranges"
T002856,"Detergent,Frozen_Vegetables"
T002857,"Nuts,Trash_Bags"
T002858,"Soap,Bread"
T002859,"Fish,Beef,Paper_Towels,Deodorant,Lettuce,Frozen_Vegetables,Soap"
T002860,"Pork,Soap,Detergent,Trash_Bags,Chips,Frozen_Dinners"
T002861,"Crackers,Frozen_Vegetables,Detergent,Paper_Towels,Chocolate,Cheese,Frozen_Pizza"
T002862,"Soap,Beef,Lettuce,Milk,Water,Chicken,Chocolate"
T002863,"Fish,Chocolate,Cream,Chips,Shampoo"
T002864,"Apples,Muffins,Nuts,Coffee"
T002865,"Bananas,Cereal,Donuts,Turkey,Tomatoes"
T002866,"Crackers,Paper_Towels,Cheese,Bananas,Tomatoes"
T002867,"Chips,Salsa,Chocolate,Frozen_Dinners,Beef,Water,Ice_Cream,Milk,Frozen_Vegetables,Tea"
T002868,"Frozen_Dinners,Trash_Bags"
T002869,"Bread,Peanut_Butter,Deodorant,Dish_Soap,Shampoo,Cream,Yogurt"
T002870,"Butter,Shampoo,Ice_Cream,Soap"
T002871,"Milk,Butter,Turkey,Ice_Cream"
T002872,"Tomatoes,Donuts"
T002873,"Coffee,Sugar,Milk,Muffins,Cookies,Paper_Towels,Chicken"
T002874,"Milk,Bread,Chicken,Oranges,Donuts,Bagels"
T002875,"Dish_Soap,Butter,Donuts,Cheese,Muffins,Bread,Bagels"
T002876,"Hamburger_Buns,Beef,Tomatoes,Fish,Yogurt,Cookies,Dish_Soap,Lettuce"
T002877,"Tomatoes,Bananas,Nuts,Pork,Frozen_Pizza,Muffins,Soda"
T002878,"Water,Donuts,Bagels"
T002879,"Butter,Soap"
T002880,"Paper_Towels,Ice_Cream,Cheese,Milk,Butter,Turkey"
T002881,"Cereal,Milk,Dish_Soap,Cheese,Cookies,Yogurt,Lettuce,Coffee"
T002882,"Cookies,Yogurt"
T002883,"Detergent,Fish,Toothpaste,Cookies"
T002884,"Pork,Deodorant,Frozen_Pizza,Bread,Turkey,Crackers,Bananas"
T002885,"Pork,Yogurt,Bananas,Ice_Cream,Fish,Soap,Tomatoes"
T002886,"Cream,Chicken,Frozen_Vegetables,Bananas,Soda,Apples,Chocolate"
T002887,"Tea,Toothpaste,Deodorant"
T002888,"Tomato_Sauce,Pasta,Beef,Tomatoes,Paper_Towels"
T002889,"Chips,Soda,Trash_Bags,Tea,Frozen_Pizza"
T002890,"Whipped_Cream,Chocolate_Syrup,Trash_Bags,Tomatoes,Chicken,Dish_Soap"
T002891,"Cookies,Crackers,Apples,Fish,Butter,Oranges,Lettuce,Bagels"
T002892,"Tea,Detergent,Ice_Cream"
T002893,"Soap,Beef,Cheese,Bread,Chicken"
T002894,"Bread,Soda,Frozen_Vegetables,Bananas"
T002895,"Water,Milk,Trash_Bags,Ice_Cream,Turkey,Juice"
T002896,"Dish_Soap,Bagels,Muffins"
T002897,"Crackers,Cookies,Bagels"
T002898,"Ice_Cream,Chips"
T002899,"Ice_Cream,Shampoo,Donuts"
T002900,"Chicken,Cream,Detergent,Frozen_Pizza,Juice,Ice_Cream,Muffins,Oranges"
T002901,"Detergent,Tea"
T002902,"Chips,Beer,Nuts,Donuts,Paper_Towels"
T002903,"Dish_Soap,Soda,Bananas,Shampoo,Lettuce"
T002904,"Deodorant,Turkey,Juice,Soap,Paper_Towels,Nuts"
T002905,"Ice_Cream,Chocolate_Syrup,Cream,Bagels,Soap,Juice,Turkey,Beef,Bread"
T002906,"Toothpaste,Fish,Oranges,Turkey"
T002907,"Butter,Bread,Water,Frozen_Pizza,Bananas"
T002908,"Coffee,Deodorant,Donuts,Fish,Water"
T002909,"Tomato_Sauce,Cheese,Nuts,Muffins,Tea,Toothpaste,Trash_Bags,Butter,Milk"
T002910,"Trash_Bags,Beef,Frozen_Vegetables,Fish,Apples"
T002911,"Cream,Cheese,Bananas,Nuts,Crackers,Ice_Cream,Pork"
T002912,"Beef,Lettuce,Hamburger_Buns,Croissants,Apples"
T002913,"Ice_Cream,Chocolate_Syrup,Soda,Juice,Muffins,Dish_Soap,Shampoo,Bananas,Paper_Towels"
T002914,"Nuts,Yogurt,Detergent"
T002915,"Detergent,Chocolate,Fish,Trash_Bags,Croissants,Frozen_Vegetables"
T002916,"Ice_Cream,Turkey,Crackers,Beef,Croissants,Chocolate"
T002917,"Cheese,Turkey,Shampoo,Toothpaste,Chocolate,Pork"
T002918,"Pork,Coffee,Paper_Towels,Bagels,Chicken,Cookies"
T002919,"Butter,Milk,Shampoo,Tea,Detergent,Tomatoes,Bagels"
T002920,"Dish_Soap,Croissants"
T002921,"Crackers,Cookies,Croissants"
T002922,"Cheese,Beef,Apples,Oranges"
T002923,"Chocolate_Syrup,Whipped_Cream,Bread,Nuts,Juice,Crackers"
T002924,"Donuts,Bread,Detergent"
T002925,"Donuts,Crackers"
T002926,"Pasta,Tomato_Sauce,Cookies,Donuts,Milk,Deodorant,Tea"
T002927,"Cereal,Bananas,Crackers,Juice,Yogurt,Shampoo,Butter,Ice_Cream"
T002928,"Nuts,Deodorant,Trash_Bags"
T002929,"Pork,Bread,Detergent"
T002930,"Pasta,Tomato_Sauce,Lettuce,Soap,Bread,Deodorant,Frozen_Pizza,Chicken,Frozen_Dinners"
T002931,"Dish_Soap,Lettuce,Cookies,Bananas"
T002932,"Pasta,Cheese,Ice_Cream,Detergent,Dish_Soap,Shampoo,Croissants,Bananas,Oranges"
T002933,"Cheese,Lettuce,Cream,Turkey"
T002934,"Cereal,Milk,Croissants,Frozen_Dinners"
T002935,"Soda,Fish,Yogurt"
T002936,"Coffee,Soap"
T002937,"Soda,Muffins"
T002938,"Apples,Cream,Dish_Soap,Chocolate"
T002939,"Bagels,Frozen_Vegetables,Soda"
T002940,"Toothpaste,Coffee,Juice,Apples,Bagels,Croissants"
T002941,"Ice_Cream,Chocolate_Syrup,Water,Tea"
T002942,"Chocolate_Syrup,Ice_Cream,Oranges,Yogurt,Bagels,Coffee,Apples"
T002943,"Bread,Butter,Croissants,Muffins,Tea,Cream,Coffee"
T002944,"Frozen_Dinners,Cheese,Donuts,Soap"
T002945,"Jelly,Bread,Paper_Towels,Shampoo,Nuts,Apples"
T002946,"Chocolate,Oranges,Trash_Bags,Bananas,Coffee"
T002947,"Bread,Peanut_Butter,Water,Juice,Croissants,Trash_Bags,Cheese,Dish_Soap"
T002948,"Butter,Tea,Dish_Soap,Juice,Cheese,Tomatoes"
T002949,"Pork,Frozen_Vegetables,Bread,Chips,Crackers"
T002950,"Chips,Croissants,Beef,Chicken,Muffins"
T002951,"Pork,Donuts,Juice,Oranges,Chips,Bagels,Lettuce"
T002952,"Chips,Soda,Water,Soap"
T002953,"Detergent,Donuts,Paper_Towels,Nuts"
T002954,"Bananas,Apples,Shampoo,Cookies,Turkey,Coffee"
T002955,"Shampoo,Trash_Bags,Cream,Butter,Chips,Croissants,Cookies"
T002956,"Tomato_Sauce,Pasta,Dish_Soap,Butter,Oranges,Yogurt,Bread,Beef,Toothpaste,Cheese"
T002957,"Detergent,Butter,Cheese,Bagels,Muffins,Shampoo,Donuts"
T002958,"Sugar,Cream,Shampoo,Water,Frozen_Vegetables,Muffins,Frozen_Pizza,Cheese,Dish_Soap,Chicken"
T002959,"Milk,Bananas,Ice_Cream,Bread,Water,Butter,Toothpaste,Tea"
T002960,"Donuts,Juice"
T002961,"Whipped_Cream,Ice_Cream,Beef,Soda,Chips"
T002962,"Detergent,Tea,Paper_Towels,Ice_Cream,Shampoo,Frozen_Vegetables"
T002963,"Hamburger_Buns,Tomatoes,Beef,Muffins,Detergent,Toothpaste,Donuts"
T002964,"Beef,Trash_Bags,Water,Bread,Paper_Towels,Crackers,Deodorant"
T002965,"Whipped_Cream,Ice_Cream,Chicken,Deodorant,Muffins"
T002966,"Tomatoes,Trash_Bags,Turkey"
T002967,"Milk,Detergent,Beef,Frozen_Pizza,Frozen_Vegetables,Chips"
T002968,"Jelly,Peanut_Butter,Ice_Cream,Beef,Nuts,Juice,Cheese,Deodorant"
T002969,"Frozen_Pizza,Milk,Tea,Croissants"
T002970,"Pasta,Cheese,Toothpaste,Bagels,Tomatoes,Croissants,Paper_Towels,Trash_Bags,Beef"
T002971,"Pork,Butter,Frozen_Dinners,Frozen_Vegetables,Trash_Bags,Frozen_Pizza,Juice"
T002972,"Lettuce,Frozen_Pizza,Turkey,Butter,Ice_Cream"
T002973,"Fish,Toothpaste,Dish_Soap,Paper_Towels,Shampoo,Chocolate"
T002974,"Paper_Towels,Chocolate,Muffins,Yogurt"
T002975,"Beef,Deodorant,Yogurt,Tea"
T002976,"Tomato_Sauce,Cheese,Soap,Cookies"
T002977,"Trash_Bags,Oranges,Crackers,Coffee,Cream,Detergent"
T002978,"Beef,Crackers,Bananas,Yogurt,Detergent,Fish"
T002979,"Muffins,Cheese,Soap"
T002980,"Bread,Jelly,Muffins,Nuts,Bananas,Croissants,Water,Crackers,Frozen_Vegetables,Coffee"
T002981,"Cookies,Coffee,Turkey,Apples"
T002982,"Bread,Milk,Chocolate,Oranges,Lettuce,Soap"
T002983,"Rice,Chicken,Pork,Crackers,Bananas,Detergent,Apples,Chips"
T002984,"Frozen_Vegetables,Milk"
T002985,"Yogurt,Muffins,Soda,Shampoo,Toothpaste,Cookies"
T002986,"Trash_Bags,Lettuce,Water,Toothpaste,Cookies,Pork,Tea"
T002987,"Beer,Salsa,Paper_Towels,Fish,Chips,Ice_Cream"
T002988,"Bananas,Butter,Lettuce,Bagels"
T002989,"Beef,Juice,Croissants,Detergent"
T002990,"Trash_Bags,Soap,Juice,Chicken,Lettuce"
T002991,"Beer,Salsa,Bread,Fish,Ice_Cream,Milk,Shampoo,Tea,Chips"
T002992,"Yogurt,Chocolate,Cookies"
T002993,"Dish_Soap,Cheese,Coffee,Bread,Crackers,Bagels"
T002994,"Chicken,Cheese,Lettuce"
T002995,"Bread,Soap,Bagels"
T002996,"Frozen_Pizza,Chicken"
T002997,"Bananas,Cereal,Soda,Apples,Paper_Towels,Cheese,Beef"
T002998,"Tomato_Sauce,Cheese,Tomatoes,Muffins,Pork,Chocolate,Beef,Soap,Water,Frozen_Dinners"
T002999,"Soap,Water,Toothpaste,Oranges,Deodorant"
T003000,"Crackers,Shampoo,Nuts,Soap"
T003001,"Bagels,Soap"
T003002,"Cream,Coffee,Chips,Muffins,Soap,Dish_Soap,Butter"
T003003,"Butter,Detergent,Crackers,Bananas,Fish"
T003004,"Tomatoes,Bread,Crackers,Chips"
T003005,"Beef,Tomatoes"
T003006,"Paper_Towels,Chicken,Yogurt,Chocolate"
T003007,"Fish,Detergent"
T003008,"Cheese,Dish_Soap,Soap,Frozen_Vegetables,Turkey,Frozen_Pizza"
T003009,"Shampoo,Bananas,Deodorant"
T003010,"Frozen_Pizza,Juice,Donuts"
T003011,"Paper_Towels,Coffee,Milk"
T003012,"Dish_Soap,Apples"
T003013,"Ice_Cream,Whipped_Cream,Trash_Bags,Bananas,Soap,Bread,Turkey,Frozen_Dinners"
T003014,"Turkey,Pork,Crackers,Frozen_Dinners,Frozen_Pizza,Ice_Cream,Cheese,Chicken"
T003015,"Dish_Soap,Cheese,Bananas,Oranges,Frozen_Vegetables"
T003016,"Crackers,Tomatoes,Cream,Deodorant,Chips"
T003017,"Dip,Soda,Shampoo,Turkey,Chips,Milk,Oranges,Toothpaste,Frozen_Pizza"
T003018,"Tomatoes,Beef,Lettuce,Tea,Soap,Juice,Toothpaste,Detergent"
T003019,"Paper_Towels,Chocolate,Bread,Beef,Lettuce,Crackers"
T003020,"Tomatoes,Frozen_Pizza"
T003021,"Soap,Coffee,Yogurt,Cookies,Soda,Deodorant,Frozen_Pizza"
T003022,"Chips,Ice_Cream,Bananas,Trash_Bags,Soap,Nuts,Juice"
T003023,"Cheese,Pasta,Paper_Towels,Chicken,Tea,Soda,Soap"
T003024,"Chips,Fish,Paper_Towels"
T003025,"Dish_Soap,Juice,Soap,Frozen_Dinners,Bread"
T003026,"Beef,Bread,Yogurt,Nuts,Tea,Frozen_Pizza"
T003027,"Cookies,Tea,Muffins"
T003028,"Frozen_Pizza,Coffee,Nuts,Soda"
T003029,"Whipped_Cream,Ice_Cream,Cream,Donuts,Yogurt,Butter,Milk"
T003030,"Nuts,Milk,Muffins"
T003031,"Pork,Detergent,Muffins,Soap,Ice_Cream"
T003032,"Lettuce,Tea,Chips,Dish_Soap,Bagels,Detergent,Frozen_Pizza"
T003033,"Rice,Chicken,Tea,Trash_Bags,Ice_Cream,Detergent,Toothpaste,Muffins"
T003034,"Lettuce,Crackers"
T003035,"Cereal,Milk,Yogurt,Cookies"
T003036,"Frozen_Pizza,Butter,Water,Trash_Bags,Ice_Cream"
T003037,"Fish,Tea,Cookies,Bread,Turkey,Ice_Cream"
T003038,"Vegetables,Chicken,Detergent,Muffins,Cookies,Cream"
T003039,"Bread,Milk,Juice,Cookies"
T003040,"Tomatoes,Toothpaste,Milk,Bread,Tea,Lettuce"
T003041,"Cheese,Tomato_Sauce,Trash_Bags,Dish_Soap,Bananas,Muffins,Tea"
T003042,"Soap,Frozen_Dinners,Lettuce,Bread,Trash_Bags,Deodorant"
T003043,"Donuts,Muffins,Chicken,Bread,Fish,Bagels"
T003044,"Soda,Donuts,Frozen_Dinners,Butter"
T003045,"Jelly,Peanut_Butter,Turkey,Frozen_Dinners,Shampoo,Milk,Trash_Bags,Coffee"
T003046,"Bananas,Nuts,Juice,Butter,Ice_Cream,Coffee"
T003047,"Chocolate,Milk,Nuts"
T003048,"Deodorant,Donuts,Toothpaste,Tomatoes,Croissants"
T003049,"Frozen_Vegetables,Detergent"
T003050,"Cheese,Tomato_Sauce,Paper_Towels,Lettuce,Turkey"
T003051,"Juice,Cream"
T003052,"Bananas,Frozen_Pizza,Toothpaste,Apples,Detergent,Nuts"
T003053,"Oranges,Yogurt,Shampoo,Tea,Chips,Chocolate"
T003054,"Dish_Soap,Detergent"
T003055,"Muffins,Dish_Soap"
T003056,"Donuts,Fish,Bagels,Soap"
T003057,"Chocolate_Syrup,Whipped_Cream,Lettuce,Ice_Cream,Bagels,Chips,Paper_Towels,Juice,Frozen_Dinners"
T003058,"Shampoo,Soap,Muffins,Toothpaste"
T003059,"Bananas,Shampoo,Crackers,Soap,Water"
T003060,"Chips,Salsa,Tomatoes,Fish,Ice_Cream"
T003061,"Frozen_Dinners,Cheese,Shampoo,Chocolate"
T003062,"Sugar,Cream,Milk,Soap,Soda,Chocolate"
T003063,"Detergent,Frozen_Vegetables,Chips,Water,Frozen_Dinners,Fish"
T003064,"Peanut_Butter,Bread,Apples,Milk,Donuts,Lettuce,Butter"
T003065,"Frozen_Dinners,Crackers,Chocolate,Milk"
T003066,"Bagels,Trash_Bags,Muffins"
T003067,"Chips,Salsa,Toothpaste,Frozen_Dinners"
T003068,"Frozen_Vegetables,Bananas,Detergent,Frozen_Pizza,Cheese"
T003069,"Frozen_Pizza,Nuts"
T003070,"Ice_Cream,Whipped_Cream,Coffee,Deodorant,Bread"
T003071,"Dish_Soap,Apples,Toothpaste,Frozen_Dinners,Donuts"
T003072,"Bread,Jelly,Tomatoes,Frozen_Vegetables,Yogurt"
T003073,"Deodorant,Detergent,Fish,Milk,Cream"
T003074,"Lettuce,Crackers,Soda"
T003075,"Apples,Yogurt,Lettuce,Dish_Soap,Croissants"
T003076,"Bagels,Bread,Dish_Soap,Shampoo,Trash_Bags"
T003077,"Paper_Towels,Trash_Bags,Dish_Soap,Soda,Frozen_Dinners,Turkey,Croissants,Tomatoes"
T003078,"Deodorant,Turkey,Toothpaste,Cheese,Nuts,Donuts,Trash_Bags,Shampoo"
T003079,"Donuts,Lettuce,Crackers"
T003080,"Toothpaste,Detergent"
T003081,"Donuts,Oranges,Toothpaste,Trash_Bags,Frozen_Pizza,Muffins"
T003082,"Pork,Deodorant,Soap,Oranges,Bananas,Paper_Towels"
T003083,"Tomatoes,Water,Cream,Fish"
T003084,"Bagels,Oranges,Frozen_Pizza"
T003085,"Lettuce,Tomatoes,Hamburger_Buns,Shampoo,Fish,Croissants,Frozen_Vegetables"
T003086,"Cream,Trash_Bags,Tomatoes,Bananas,Pork,Yogurt"
T003087,"Ice_Cream,Whipped_Cream,Chicken,Apples,Milk,Frozen_Dinners"
T003088,"Peanut_Butter,Bread,Cookies,Soda,Chocolate,Deodorant,Water,Apples,Paper_Towels"
T003089,"Vegetables,Chicken,Butter,Tea"
T003090,"Crackers,Toothpaste,Bagels,Pork"
T003091,"Cream,Toothpaste"
T003092,"Shampoo,Dish_Soap,Tomatoes,Trash_Bags"
T003093,"Paper_Towels,Toothpaste,Turkey,Milk,Frozen_Dinners"
T003094,"Lettuce,Frozen_Pizza,Soap,Chicken"
T003095,"Dish_Soap,Deodorant,Oranges,Frozen_Pizza,Butter"
T003096,"Trash_Bags,Bananas,Muffins,Coffee"
T003097,"Donuts,Chocolate,Croissants,Cookies,Turkey"
T003098,"Peanut_Butter,Jelly,Lettuce,Bread,Turkey,Soda,Chocolate"
T003099,"Salsa,Beer,Shampoo,Bread,Cookies,Water"
T003100,"Frozen_Vegetables,Ice_Cream,Nuts,Bread,Chips,Tomatoes"
T003101,"Lettuce,Tomatoes,Hamburger_Buns,Muffins,Cheese"
T003102,"Tomatoes,Beef,Hamburger_Buns,Dish_Soap,Turkey,Cookies"
T003103,"Chicken,Pork,Apples,Bananas,Cookies,Nuts,Toothpaste"
T003104,"Paper_Towels,Turkey,Yogurt,Coffee,Beef,Chicken,Milk"
T003105,"Crackers,Oranges"
T003106,"Trash_Bags,Bananas,Nuts,Shampoo"
T003107,"Jelly,Peanut_Butter,Toothpaste,Butter,Croissants"
T003108,"Deodorant,Chips,Shampoo,Coffee,Milk,Ice_Cream,Croissants"
T003109,"Bread,Butter,Soap,Oranges,Tea"
T003110,"Pork,Cheese,Bagels,Beef,Tomatoes,Tea"
T003111,"Detergent,Deodorant,Muffins,Bagels,Cream,Juice,Donuts,Trash_Bags"
T003112,"Salsa,Beer,Cream,Bread,Nuts,Shampoo,Soap,Frozen_Vegetables"
T003113,"Chicken,Turkey"
T003114,"Cookies,Toothpaste,Tomatoes"
T003115,"Muffins,Chocolate,Dish_Soap"
T003116,"Cream,Milk,Frozen_Dinners,Chicken,Nuts,Paper_Towels,Dish_Soap"
T003117,"Chips,Cookies,Toothpaste,Tomatoes,Juice,Frozen_Pizza,Deodorant"
T003118,"Jelly,Bread,Frozen_Vegetables,Tea"
T003119,"Apples,Tea,Bagels,Cream,Chips"
T003120,"Ice_Cream,Nuts"
T003121,"Chocolate,Cookies,Nuts,Toothpaste,Bagels,Muffins,Tea"
T003122,"Toothpaste,Shampoo,Water"
T003123,"Pork,Cream,Nuts,Paper_Towels,Coffee"
T003124,"Ice_Cream,Chocolate_Syrup,Coffee,Detergent,Turkey"
T003125,"Detergent,Cookies,Yogurt"
T003126,"Ice_Cream,Frozen_Dinners,Yogurt,Water,Trash_Bags,Muffins,Chips"
T003127,"Soap,Tomatoes,Milk,Turkey"
T003128,"Dish_Soap,Ice_Cream,Oranges,Donuts"
T003129,"Whipped_Cream,Chocolate_Syrup,Cream,Frozen_Vegetables"
T003130,"Bagels,Water,Milk,Tea,Soda,Croissants"
T003131,"Tomatoes,Hamburger_Buns,Toothpaste,Cheese"
T003132,"Ice_Cream,Beef,Nuts,Yogurt,Oranges,Soda"
T003133,"Oranges,Fish,Chips,Soda,Soap,Frozen_Dinners"
T003134,"Yogurt,Tea,Water"
T003135,"Tomato_Sauce,Pasta,Trash_Bags,Cheese,Beef,Deodorant,Butter,Chips,Apples"
T003136,"Dip,Soda,Coffee,Nuts,Yogurt,Frozen_Dinners,Juice,Oranges,Ice_Cream,Chicken"
T003137,"Beef,Lettuce"
T003138,"Chips,Salsa,Detergent,Nuts,Juice,Ice_Cream,Frozen_Vegetables,Croissants,Chocolate,Crackers"
T003139,"Apples,Trash_Bags,Nuts"
T003140,"Soda,Paper_Towels,Oranges,Soap,Fish,Turkey,Nuts"
T003141,"Toothpaste,Dish_Soap,Chocolate,Frozen_Vegetables,Soap,Tomatoes,Bananas"
T003142,"Chips,Beer,Beef,Apples,Tea,Paper_Towels,Milk,Water"
T003143,"Chips,Beer,Frozen_Dinners,Croissants,Coffee,Paper_Towels,Bananas,Frozen_Pizza,Chocolate"
T003144,"Crackers,Ice_Cream"
T003145,"Sugar,Coffee,Cookies,Bagels,Deodorant,Pork,Milk,Yogurt,Beef"
T003146,"Deodorant,Crackers"
T003147,"Juice,Fish,Donuts,Trash_Bags,Apples,Milk,Tea"
T003148,"Croissants,Water"
T003149,"Whipped_Cream,Chocolate_Syrup,Toothpaste,Cream,Donuts,Paper_Towels"
T003150,"Milk,Butter,Pork,Detergent,Ice_Cream,Croissants,Paper_Towels,Lettuce,Turkey"
T003151,"Chips,Shampoo,Beef,Frozen_Vegetables,Tomatoes,Detergent,Paper_Towels"
T003152,"Soap,Shampoo"
T003153,"Apples,Toothpaste,Water,Tea,Dish_Soap,Paper_Towels"
T003154,"Oranges,Shampoo"
T003155,"Nuts,Apples,Ice_Cream,Coffee,Deodorant"
T003156,"Tomatoes,Hamburger_Buns,Beef,Croissants,Bananas,Water,Cheese,Chocolate,Paper_Towels,Toothpaste"
T003157,"Frozen_Dinners,Lettuce,Pork"
T003158,"Jelly,Bread,Cheese,Chicken,Tea,Oranges,Coffee,Dish_Soap,Water"
T003159,"Paper_Towels,Deodorant"
T003160,"Chocolate,Beef,Toothpaste"
T003161,"Vegetables,Chicken,Yogurt,Nuts,Deodorant,Ice_Cream,Dish_Soap"
T003162,"Tomatoes,Lettuce,Hamburger_Buns,Croissants,Ice_Cream,Yogurt,Fish,Bread"
T003163,"Oranges,Yogurt,Bread,Ice_Cream,Coffee"
T003164,"Turkey,Soap,Apples,Beef,Fish,Water"
T003165,"Bananas,Pork,Deodorant"
T003166,"Pasta,Cheese,Frozen_Vegetables,Frozen_Dinners,Ice_Cream"
T003167,"Donuts,Turkey,Juice,Beef,Cheese,Bananas"
T003168,"Ice_Cream,Chocolate_Syrup,Milk,Frozen_Pizza,Tea,Shampoo,Butter,Fish,Dish_Soap,Trash_Bags"
T003169,"Trash_Bags,Turkey,Chicken,Frozen_Dinners,Crackers"
T003170,"Pork,Muffins,Chips,Bread,Paper_Towels,Soda,Nuts"
T003171,"Frozen_Vegetables,Oranges,Shampoo,Juice,Apples"
T003172,"Milk,Frozen_Dinners,Muffins,Oranges,Bananas"
T003173,"Chocolate,Frozen_Pizza,Coffee,Butter,Lettuce,Frozen_Vegetables"
T003174,"Shampoo,Detergent,Turkey,Chicken"
T003175,"Bananas,Bread,Chicken,Milk,Nuts"
T003176,"Paper_Towels,Frozen_Dinners,Bread,Frozen_Vegetables,Muffins"
T003177,"Tomato_Sauce,Pasta,Nuts,Water,Chocolate,Bread,Pork"
T003178,"Soda,Fish,Soap"
T003179,"Tomato_Sauce,Pasta,Toothpaste,Chocolate,Juice,Muffins,Detergent,Chicken,Bread"
T003180,"Coffee,Shampoo"
T003181,"Toothpaste,Cheese"
T003182,"Tomatoes,Hamburger_Buns,Lettuce,Turkey,Bagels,Cheese"
T003183,"Frozen_Dinners,Beef"
T003184,"Tomato_Sauce,Pasta,Coffee,Toothpaste"
T003185,"Chicken,Coffee,Oranges,Ice_Cream,Frozen_Pizza,Soda,Tea"
T003186,"Milk,Deodorant,Fish,Ice_Cream,Tomatoes"
T003187,"Cream,Apples"
T003188,"Beer,Salsa,Frozen_Dinners,Pork,Deodorant,Paper_Towels,Milk,Donuts,Croissants"
T003189,"Vegetables,Rice,Water,Toothpaste,Juice,Frozen_Pizza,Nuts"
T003190,"Milk,Beef,Soda,Toothpaste,Muffins"
T003191,"Croissants,Frozen_Dinners,Cheese,Bagels"
T003192,"Deodorant,Cookies,Milk"
T003193,"Yogurt,Chicken,Shampoo,Donuts"
T003194,"Lettuce,Hamburger_Buns,Tomatoes,Donuts,Soda,Chips,Chicken"
T003195,"Chips,Salsa,Ice_Cream,Chicken,Butter,Cookies"
T003196,"Dish_Soap,Lettuce,Deodorant,Apples,Crackers,Tea"
T003197,"Peanut_Butter,Bread,Deodorant,Water,Chips,Crackers,Tea,Ice_Cream,Lettuce"
T003198,"Cream,Milk,Bagels,Trash_Bags,Muffins,Deodorant"
T003199,"Oranges,Detergent,Cheese,Turkey,Crackers,Dish_Soap,Shampoo"
T003200,"Cream,Frozen_Vegetables,Toothpaste"
T003201,"Pasta,Cheese,Fish,Frozen_Vegetables,Lettuce,Deodorant,Milk"
T003202,"Chips,Nuts,Soap,Soda,Apples"
T003203,"Bananas,Cream"
T003204,"Chicken,Butter,Tea,Coffee,Pork,Apples,Water"
T003205,"Soda,Bananas,Cookies,Yogurt"
T003206,"Soap,Fish,Juice,Deodorant,Bread"
T003207,"Milk,Fish,Beef"
T003208,"Juice,Beef"
T003209,"Bread,Peanut_Butter,Paper_Towels,Nuts,Crackers,Donuts,Lettuce,Toothpaste"
T003210,"Chips,Toothpaste,Milk,Detergent"
T003211,"Chocolate,Frozen_Vegetables,Water,Crackers"
T003212,"Toothpaste,Milk,Tea,Lettuce,Soap,Tomatoes,Nuts"
T003213,"Beef,Chicken"
T003214,"Ice_Cream,Water,Paper_Towels,Butter,Tomatoes,Juice"
T003215,"Crackers,Paper_Towels"
T003216,"Tomato_Sauce,Cheese,Crackers"
T003217,"Pasta,Tomato_Sauce,Detergent,Yogurt,Shampoo,Soda,Cookies,Lettuce"
T003218,"Coffee,Chips,Tea,Crackers,Milk,Croissants,Chocolate,Shampoo"
T003219,"Detergent,Pork,Chips,Cheese,Milk,Chicken,Dish_Soap"
T003220,"Juice,Bagels,Crackers,Paper_Towels"
T003221,"Ice_Cream,Frozen_Dinners,Oranges,Muffins,Deodorant"
T003222,"Cookies,Donuts,Ice_Cream,Apples,Paper_Towels,Croissants"
T003223,"Pasta,Cheese,Donuts,Chocolate,Detergent,Butter,Ice_Cream,Bagels"
T003224,"Trash_Bags,Frozen_Vegetables"
T003225,"Beef,Oranges,Cheese,Trash_Bags,Cream,Fish,Tomatoes"
T003226,"Pork,Deodorant,Croissants,Soda,Juice,Milk,Frozen_Vegetables"
T003227,"Chocolate_Syrup,Ice_Cream,Apples,Frozen_Pizza,Trash_Bags"
T003228,"Water,Frozen_Dinners,Bagels,Donuts,Tea"
T003229,"Lettuce,Paper_Towels,Fish,Chips,Frozen_Pizza,Deodorant"
T003230,"Soda,Chips,Lettuce,Beef,Pork"
T003231,"Soap,Pork,Soda,Paper_Towels,Donuts,Tomatoes,Nuts"
T003232,"Deodorant,Water,Soap,Shampoo,Tomatoes,Lettuce"
T003233,"Deodorant,Bread"
T003234,"Chips,Beer,Deodorant,Chocolate,Soap,Bananas,Cheese,Crackers,Bread,Croissants"
T003235,"Pork,Chicken"
T003236,"Cheese,Tomato_Sauce,Paper_Towels,Ice_Cream,Chocolate,Chicken,Muffins,Beef,Milk,Soda"
T003237,"Frozen_Pizza,Chicken,Milk"
T003238,"Nuts,Detergent,Soap"
T003239,"Tomatoes,Beef,Lettuce,Shampoo,Muffins,Milk,Fish"
T003240,"Croissants,Milk,Dish_Soap,Trash_Bags"
T003241,"Milk,Bread,Soda,Cream,Yogurt,Ice_Cream"
T003242,"Chicken,Bagels,Frozen_Pizza,Juice"
T003243,"Muffins,Soap,Dish_Soap,Juice"
T003244,"Soda,Yogurt,Water,Chicken,Donuts,Milk,Crackers"
T003245,"Tea,Frozen_Pizza,Croissants,Deodorant,Soda,Bananas,Tomatoes"
T003246,"Turkey,Frozen_Dinners,Chicken,Detergent,Ice_Cream,Apples"
T003247,"Chips,Salsa,Apples,Cream,Cheese,Bananas,Frozen_Pizza,Shampoo,Muffins,Crackers"
T003248,"Pork,Deodorant,Bananas,Soda,Cookies,Apples"
T003249,"Rice,Chicken,Fish,Frozen_Dinners,Crackers,Toothpaste,Frozen_Pizza"
T003250,"Coffee,Soap"
T003251,"Detergent,Shampoo,Nuts"
T003252,"Yogurt,Trash_Bags,Lettuce,Bagels,Detergent,Shampoo,Cookies"
T003253,"Water,Butter,Bread,Milk"
T003254,"Coffee,Cream,Frozen_Pizza,Detergent,Beef,Chips,Chocolate,Trash_Bags"
T003255,"Chips,Soda,Water,Lettuce,Chocolate,Bread,Crackers,Frozen_Pizza"
T003256,"Dish_Soap,Water,Donuts"
T003257,"Chips,Dip,Water,Coffee,Dish_Soap,Ice_Cream"
T003258,"Croissants,Apples,Yogurt,Bagels,Turkey"
T003259,"Juice,Frozen_Dinners"
T003260,"Frozen_Pizza,Croissants,Apples"
T003261,"Vegetables,Chicken,Lettuce,Turkey,Coffee,Croissants,Chocolate"
T003262,"Nuts,Oranges,Soap"
T003263,"Yogurt,Soda,Dish_Soap,Cheese,Croissants,Nuts,Frozen_Vegetables"
T003264,"Fish,Crackers,Muffins,Dish_Soap,Turkey,Chicken,Paper_Towels"
T003265,"Ice_Cream,Chocolate_Syrup,Lettuce,Frozen_Pizza,Chips,Tea,Shampoo"
T003266,"Muffins,Tea,Deodorant"
T003267,"Cream,Sugar,Frozen_Dinners,Detergent"
T003268,"Ice_Cream,Nuts,Shampoo,Crackers,Oranges,Yogurt,Donuts,Soda"
T003269,"Muffins,Crackers,Frozen_Vegetables,Juice,Butter"
T003270,"Bagels,Fish,Muffins,Paper_Towels,Ice_Cream,Cheese,Bananas,Milk"
T003271,"Tomatoes,Cheese"
T003272,"Hamburger_Buns,Tomatoes,Beef,Pork,Milk,Soap"
T003273,"Frozen_Vegetables,Donuts,Bread,Chocolate,Apples,Ice_Cream,Cheese"
T003274,"Bread,Peanut_Butter,Toothpaste,Nuts,Apples,Deodorant"
T003275,"Tomatoes,Lettuce,Frozen_Pizza,Paper_Towels,Milk"
T003276,"Pork,Frozen_Pizza"
T003277,"Chicken,Rice,Yogurt,Pork"
T003278,"Vegetables,Rice,Paper_Towels,Cheese,Trash_Bags,Frozen_Pizza,Milk"
T003279,"Muffins,Shampoo"
T003280,"Ice_Cream,Coffee,Soap,Trash_Bags,Yogurt,Turkey,Crackers"
T003281,"Oranges,Nuts,Turkey,Paper_Towels"
T003282,"Cream,Coffee,Soda,Frozen_Vegetables,Chicken,Shampoo,Cookies,Crackers,Apples"
T003283,"Rice,Vegetables,Cheese,Shampoo,Trash_Bags,Nuts,Juice,Lettuce,Beef"
T003284,"Bagels,Milk,Apples,Paper_Towels,Deodorant,Muffins,Toothpaste"
T003285,"Milk,Soda,Beef,Nuts,Deodorant,Toothpaste,Tomatoes"
T003286,"Vegetables,Rice,Dish_Soap,Trash_Bags,Toothpaste,Water,Chocolate,Tea,Deodorant"
T003287,"Cream,Sugar,Shampoo,Nuts,Lettuce"
T003288,"Pasta,Cheese,Tea,Tomatoes"
T003289,"Bread,Bagels,Donuts,Muffins,Lettuce,Nuts,Apples"
T003290,"Bagels,Cheese,Chicken,Yogurt,Donuts,Apples,Shampoo,Milk"
T003291,"Soda,Shampoo,Chocolate"
T003292,"Toothpaste,Cream,Beef,Ice_Cream,Bananas,Paper_Towels,Tomatoes"
T003293,"Chips,Beer,Cream,Tomatoes"
T003294,"Soda,Ice_Cream,Cream,Crackers,Water"
T003295,"Pasta,Tomato_Sauce,Paper_Towels,Tea"
T003296,"Oranges,Toothpaste,Deodorant,Cookies,Butter,Bagels,Chocolate,Cream"
T003297,"Trash_Bags,Croissants,Paper_Towels,Tomatoes,Detergent,Donuts,Cheese,Chocolate"
T003298,"Vegetables,Rice,Croissants,Chicken,Bananas,Tomatoes,Frozen_Pizza,Soap"
T003299,"Bread,Turkey,Chocolate,Fish,Yogurt,Milk,Chips,Deodorant"
T003300,"Frozen_Vegetables,Lettuce,Coffee,Chocolate,Soap"
T003301,"Vegetables,Chicken,Milk,Oranges,Water"
T003302,"Shampoo,Trash_Bags,Muffins,Juice,Soap"
T003303,"Deodorant,Fish,Bananas,Donuts"
T003304,"Vegetables,Chicken,Shampoo"
T003305,"Rice,Chicken,Oranges,Turkey,Shampoo,Butter"
T003306,"Coffee,Pork"
T003307,"Milk,Bread,Water,Muffins,Deodorant,Frozen_Dinners"
T003308,"Chicken,Vegetables,Muffins,Turkey,Soda,Water,Coffee"
T003309,"Beef,Lettuce,Tomatoes,Detergent,Coffee,Dish_Soap"
T003310,"Detergent,Pork,Crackers,Milk,Butter"
T003311,"Detergent,Chicken"
T003312,"Ice_Cream,Whipped_Cream,Bagels,Oranges"
T003313,"Bananas,Milk,Chicken,Trash_Bags,Ice_Cream"
T003314,"Coffee,Frozen_Pizza,Juice,Bread,Frozen_Dinners,Beef,Butter"
T003315,"Shampoo,Bagels,Dish_Soap,Muffins,Chicken,Chips"
T003316,"Croissants,Butter,Muffins,Yogurt,Trash_Bags"
T003317,"Bread,Butter,Toothpaste,Dish_Soap,Bagels"
T003318,"Beef,Donuts,Tea,Detergent,Oranges,Paper_Towels"
T003319,"Turkey,Milk,Chips,Toothpaste,Beef,Paper_Towels"
T003320,"Chocolate,Paper_Towels,Ice_Cream,Trash_Bags,Frozen_Pizza,Detergent,Chips"
T003321,"Detergent,Ice_Cream,Lettuce,Juice,Milk,Shampoo,Trash_Bags,Chocolate"
T003322,"Yogurt,Pork"
T003323,"Peanut_Butter,Jelly,Dish_Soap,Oranges,Deodorant,Soda,Milk,Soap,Juice"
T003324,"Chips,Dip,Shampoo,Frozen_Pizza,Fish"
T003325,"Beef,Tomatoes,Hamburger_Buns,Cream,Frozen_Pizza,Apples"
T003326,"Milk,Butter,Dish_Soap,Frozen_Dinners,Bread,Muffins,Chicken"
T003327,"Ice_Cream,Whipped_Cream,Apples,Detergent,Cream,Croissants"
T003328,"Chocolate,Dish_Soap,Frozen_Vegetables,Cheese,Cream"
T003329,"Water,Yogurt,Croissants,Bananas"
T003330,"Soap,Frozen_Pizza,Beef,Apples,Frozen_Vegetables"
T003331,"Chips,Soda,Water,Crackers,Ice_Cream,Detergent"
T003332,"Frozen_Vegetables,Crackers,Nuts,Frozen_Dinners,Beef,Tea"
T003333,"Apples,Milk,Butter,Nuts"
T003334,"Jelly,Bread,Muffins,Trash_Bags,Frozen_Pizza,Chocolate,Bagels,Shampoo"
T003335,"Lettuce,Beef,Butter,Ice_Cream,Chips,Soap,Frozen_Vegetables,Bagels"
T003336,"Bananas,Cereal,Cookies,Dish_Soap"
T003337,"Bananas,Yogurt,Nuts,Frozen_Dinners,Trash_Bags,Chocolate,Bagels"
T003338,"Cream,Sugar,Apples,Donuts,Water,Soap,Frozen_Vegetables"
T003339,"Frozen_Pizza,Detergent"
T003340,"Peanut_Butter,Bread,Tomatoes,Chocolate,Oranges,Detergent,Chips,Paper_Towels,Frozen_Vegetables"
T003341,"Cheese,Donuts,Water,Butter"
T003342,"Pork,Lettuce,Tea,Butter,Crackers,Frozen_Vegetables,Chocolate"
T003343,"Ice_Cream,Chocolate_Syrup,Frozen_Pizza,Bagels,Chocolate,Yogurt"
T003344,"Bagels,Shampoo,Bananas,Toothpaste"
T003345,"Turkey,Deodorant,Oranges,Croissants"
T003346,"Bagels,Dish_Soap,Deodorant,Soap,Donuts,Fish,Turkey"
T003347,"Yogurt,Ice_Cream,Soda,Soap,Pork"
T003348,"Chips,Soda,Cookies,Apples"
T003349,"Detergent,Ice_Cream,Shampoo,Muffins,Paper_Towels"
T003350,"Yogurt,Dish_Soap,Chicken,Oranges,Frozen_Dinners,Chips"
T003351,"Nuts,Dish_Soap,Cheese"
T003352,"Bread,Butter,Lettuce,Nuts,Soap,Bagels,Frozen_Pizza,Pork,Paper_Towels,Cream"
T003353,"Milk,Bananas,Cream,Oranges,Fish"
T003354,"Chips,Soda,Lettuce,Juice,Butter,Toothpaste"
T003355,"Bananas,Turkey,Water,Frozen_Dinners,Croissants,Paper_Towels"
T003356,"Deodorant,Tomatoes,Cookies,Frozen_Dinners,Lettuce,Crackers,Soda,Ice_Cream"
T003357,"Frozen_Dinners,Cookies,Crackers,Oranges,Toothpaste,Frozen_Vegetables,Cream"
T003358,"Tomatoes,Bananas,Ice_Cream,Fish"
T003359,"Salsa,Beer,Chicken,Water,Trash_Bags"
T003360,"Pork,Cheese,Donuts"
T003361,"Dip,Soda,Dish_Soap,Apples,Chocolate"
T003362,"Bananas,Shampoo"
T003363,"Tomato_Sauce,Cheese,Frozen_Pizza,Muffins,Bread"
T003364,"Turkey,Chocolate,Water"
T003365,"Soda,Chips,Yogurt,Detergent,Lettuce,Tea"
T003366,"Turkey,Paper_Towels,Frozen_Vegetables,Chicken,Frozen_Dinners,Ice_Cream"
T003367,"Tomatoes,Deodorant,Cream,Trash_Bags,Beef,Soda"
T003368,"Cheese,Nuts,Pork,Beef,Ice_Cream,Paper_Towels,Donuts"
T003369,"Salsa,Chips,Chocolate,Turkey,Shampoo,Lettuce,Juice,Crackers"
T003370,"Peanut_Butter,Bread,Turkey,Soda,Oranges,Tea,Toothpaste,Frozen_Dinners"
T003371,"Soap,Soda,Trash_Bags,Cream"
T003372,"Pasta,Cheese,Soap,Croissants"
T003373,"Salsa,Chips,Muffins,Deodorant,Tomatoes"
T003374,"Cream,Coffee,Crackers,Oranges,Paper_Towels"
T003375,"Turkey,Frozen_Pizza,Cream,Shampoo,Frozen_Dinners"
T003376,"Milk,Bread,Juice,Frozen_Vegetables,Fish,Toothpaste"
T003377,"Dip,Chips,Crackers,Chicken,Fish,Pork,Bagels"
T003378,"Tomatoes,Butter,Trash_Bags,Frozen_Vegetables"
T003379,"Paper_Towels,Shampoo,Tea"
T003380,"Beef,Lettuce,Oranges,Chocolate,Apples,Milk,Cheese"
T003381,"Tomatoes,Yogurt,Soap,Deodorant,Dish_Soap,Bananas"
T003382,"Water,Fish,Toothpaste"
T003383,"Bread,Butter,Ice_Cream,Chocolate,Trash_Bags"
T003384,"Dish_Soap,Frozen_Pizza"
T003385,"Soap,Donuts,Lettuce,Toothpaste,Coffee,Dish_Soap,Chocolate,Yogurt"
T003386,"Turkey,Yogurt,Chips,Fish,Pork,Cookies,Cream,Bread"
T003387,"Detergent,Chicken,Paper_Towels"
T003388,"Chips,Beer,Oranges,Frozen_Pizza,Cheese,Nuts,Frozen_Vegetables"
T003389,"Bread,Jelly,Milk,Trash_Bags,Muffins"
T003390,"Coffee,Chicken,Chips,Trash_Bags,Ice_Cream,Tea,Muffins,Bananas"
T003391,"Muffins,Frozen_Vegetables,Water,Detergent,Frozen_Pizza,Nuts,Toothpaste"
T003392,"Frozen_Dinners,Bread,Ice_Cream"
T003393,"Chips,Soda,Butter,Frozen_Vegetables,Juice,Tomatoes,Trash_Bags,Donuts,Frozen_Pizza,Toothpaste"
T003394,"Butter,Bread,Beef,Tea,Frozen_Pizza,Bananas,Nuts"
T003395,"Cream,Trash_Bags,Soap,Soda,Oranges,Croissants"
T003396,"Beer,Chips,Ice_Cream,Frozen_Dinners,Cream,Juice"
T003397,"Tea,Milk,Coffee,Tomatoes,Apples"
T003398,"Chips,Beer,Paper_Towels,Soap,Frozen_Pizza,Yogurt"
T003399,"Juice,Oranges"
T003400,"Donuts,Chips,Yogurt"
T003401,"Frozen_Dinners,Donuts"
T003402,"Frozen_Dinners,Tomatoes"
T003403,"Bagels,Cream,Fish"
T003404,"Coffee,Cream,Lettuce,Shampoo,Pork"
T003405,"Milk,Cereal,Lettuce,Muffins,Bananas,Soda,Beef"
T003406,"Butter,Bread,Chocolate,Donuts,Lettuce,Frozen_Vegetables,Apples,Turkey,Deodorant"
T003407,"Soap,Croissants"
T003408,"Dip,Chips,Dish_Soap,Trash_Bags,Fish,Cheese"
T003409,"Frozen_Vegetables,Crackers,Detergent,Frozen_Pizza,Tomatoes,Soap"
T003410,"Soap,Dish_Soap,Shampoo"
T003411,"Shampoo,Cream,Frozen_Vegetables,Dish_Soap,Ice_Cream"
T003412,"Cream,Bananas,Milk,Butter"
T003413,"Soda,Dip,Deodorant,Cheese,Paper_Towels,Yogurt,Cream"
T003414,"Tomatoes,Lettuce,Frozen_Pizza,Juice,Muffins,Frozen_Vegetables"
T003415,"Shampoo,Trash_Bags,Water,Fish,Toothpaste,Oranges"
T003416,"Frozen_Dinners,Milk,Dish_Soap"
T003417,"Juice,Frozen_Dinners,Soap,Tea,Fish,Yogurt"
T003418,"Soda,Tomatoes,Donuts"
T003419,"Nuts,Donuts,Crackers,Toothpaste"
T003420,"Fish,Toothpaste,Water,Cream"
T003421,"Turkey,Tomatoes"
T003422,"Bagels,Shampoo"
T003423,"Frozen_Dinners,Frozen_Pizza,Donuts,Tomatoes,Trash_Bags,Tea,Detergent"
T003424,"Ice_Cream,Chocolate_Syrup,Bagels,Frozen_Pizza,Trash_Bags,Frozen_Dinners,Cookies"
T003425,"Yogurt,Cheese,Paper_Towels,Bagels,Soap"
T003426,"Tea,Donuts,Tomatoes,Paper_Towels,Chips"
T003427,"Tea,Croissants,Cookies"
T003428,"Chips,Water,Pork,Turkey,Yogurt"
T003429,"Soap,Shampoo,Pork,Frozen_Pizza,Apples"
T003430,"Milk,Cream,Pork"
T003431,"Toothpaste,Oranges"
T003432,"Detergent,Oranges,Trash_Bags,Beef,Donuts,Nuts,Cream"
T003433,"Rice,Chicken,Shampoo,Frozen_Dinners,Lettuce,Cookies,Dish_Soap"
T003434,"Beer,Chips,Trash_Bags,Nuts"
T003435,"Chips,Deodorant,Fish,Trash_Bags,Paper_Towels,Ice_Cream"
T003436,"Chips,Dip,Ice_Cream,Paper_Towels,Tomatoes,Cookies"
T003437,"Oranges,Tomatoes,Croissants,Tea,Yogurt,Frozen_Pizza,Cream,Deodorant"
T003438,"Lettuce,Cheese,Oranges,Chips"
T003439,"Bread,Fish,Crackers,Lettuce,Juice"
T003440,"Paper_Towels,Coffee,Fish,Nuts,Soap,Bagels"
T003441,"Tomatoes,Lettuce,Beef,Shampoo,Donuts,Turkey,Muffins,Ice_Cream,Soap"
T003442,"Chicken,Chips,Coffee,Turkey"
T003443,"Paper_Towels,Soda,Muffins,Tomatoes"
T003444,"Butter,Bread,Yogurt,Pork,Chips,Nuts"
T003445,"Soda,Chicken,Ice_Cream,Chocolate"
T003446,"Toothpaste,Fish,Trash_Bags,Detergent"
T003447,"Milk,Frozen_Vegetables"
T003448,"Ice_Cream,Bagels,Chicken,Toothpaste,Soda"
T003449,"Beer,Chips,Cookies,Crackers,Yogurt,Oranges,Cheese"
T003450,"Milk,Detergent"
T003451,"Chicken,Vegetables,Croissants,Coffee,Frozen_Dinners,Bagels,Toothpaste,Fish,Soap,Turkey"
T003452,"Tomatoes,Juice,Soda,Paper_Towels,Tea,Croissants"
T003453,"Yogurt,Dish_Soap,Trash_Bags"
T003454,"Vegetables,Rice,Pork,Frozen_Dinners,Soda,Ice_Cream,Frozen_Vegetables,Donuts,Dish_Soap,Butter"
T003455,"Beef,Tomatoes,Hamburger_Buns,Ice_Cream,Apples,Cookies"
T003456,"Lettuce,Donuts"
T003457,"Lettuce,Chips,Ice_Cream,Cheese"
T003458,"Peanut_Butter,Bread,Juice,Apples,Bananas,Detergent,Fish,Yogurt"
T003459,"Muffins,Detergent,Crackers,Paper_Towels,Frozen_Vegetables,Soda"
T003460,"Oranges,Chips"
T003461,"Beef,Hamburger_Buns,Soap,Bananas,Shampoo"
T003462,"Tomatoes,Oranges,Soap,Yogurt,Chocolate"
T003463,"Juice,Apples,Milk,Shampoo,Paper_Towels,Ice_Cream,Bananas"
T003464,"Hamburger_Buns,Tomatoes,Nuts,Bananas,Cookies,Chocolate,Soda"
T003465,"Cheese,Dish_Soap,Tea,Chicken,Ice_Cream,Coffee"
T003466,"Chicken,Rice,Juice,Turkey,Deodorant,Cheese,Shampoo,Frozen_Dinners,Dish_Soap,Lettuce"
T003467,"Soap,Water,Chocolate,Apples"
T003468,"Bread,Jelly,Bananas,Ice_Cream,Croissants,Trash_Bags,Crackers,Cheese,Frozen_Pizza"
T003469,"Milk,Nuts"
T003470,"Ice_Cream,Muffins,Frozen_Vegetables,Nuts,Lettuce,Tomatoes"
T003471,"Tomatoes,Trash_Bags,Soda"
T003472,"Donuts,Apples,Cookies,Tea,Cheese,Crackers,Oranges"
T003473,"Ice_Cream,Cheese,Tea,Dish_Soap,Soda,Trash_Bags,Bananas"
T003474,"Bread,Soap,Bagels,Deodorant,Milk,Tea,Tomatoes"
T003475,"Toothpaste,Water,Fish,Tea"
T003476,"Paper_Towels,Shampoo,Bananas,Frozen_Dinners,Bagels,Detergent,Ice_Cream"
T003477,"Chocolate,Butter,Juice,Yogurt,Pork,Shampoo,Fish"
T003478,"Paper_Towels,Soda"
T003479,"Deodorant,Butter,Nuts,Soap,Chicken"
T003480,"Juice,Coffee,Bananas"
T003481,"Milk,Bread,Cheese,Cookies"
T003482,"Turkey,Cheese,Milk"
T003483,"Tea,Soap,Bread,Bananas,Frozen_Pizza,Butter"
T003484,"Cream,Coffee,Frozen_Pizza,Chocolate"
T003485,"Soap,Bread,Croissants"
T003486,"Dip,Soda,Coffee,Turkey,Bread,Apples,Pork,Frozen_Dinners"
T003487,"Frozen_Dinners,Toothpaste,Turkey,Beef,Tomatoes,Soap,Crackers"
T003488,"Deodorant,Cream,Bagels,Trash_Bags,Frozen_Dinners,Bananas,Ice_Cream"
T003489,"Soda,Deodorant,Shampoo,Crackers"
T003490,"Paper_Towels,Pork,Ice_Cream"
T003491,"Milk,Bananas,Tea,Pork,Paper_Towels,Cookies,Water"
T003492,"Cereal,Bananas,Beef,Frozen_Dinners"
T003493,"Paper_Towels,Soap,Yogurt"
T003494,"Muffins,Crackers,Chicken"
T003495,"Beer,Chips,Donuts,Tomatoes,Shampoo,Coffee"
T003496,"Fish,Soap,Trash_Bags,Nuts,Juice"
T003497,"Dish_Soap,Chicken,Toothpaste,Pork"
T003498,"Water,Frozen_Dinners,Chocolate,Juice,Bagels"
T003499,"Milk,Cereal,Bananas,Chips,Toothpaste,Crackers,Deodorant"
T003500,"Trash_Bags,Toothpaste,Chicken,Tomatoes,Shampoo"
T003501,"Yogurt,Butter,Shampoo,Dish_Soap,Detergent"
T003502,"Chips,Dip,Muffins,Paper_Towels,Detergent,Butter,Dish_Soap,Water"
T003503,"Chips,Salsa,Bread,Ice_Cream,Donuts,Chicken,Toothpaste,Yogurt"
T003504,"Cheese,Pasta,Beef,Butter,Apples,Lettuce,Fish"
T003505,"Yogurt,Croissants,Dish_Soap,Shampoo,Bread,Coffee,Apples"
T003506,"Cheese,Paper_Towels,Water,Frozen_Pizza"
T003507,"Detergent,Croissants,Frozen_Vegetables"
T003508,"Pasta,Tomato_Sauce,Soap,Shampoo"
T003509,"Cheese,Frozen_Vegetables,Frozen_Dinners,Bread,Tomatoes,Chicken,Detergent,Trash_Bags"
T003510,"Butter,Milk,Soda,Deodorant,Coffee,Tea,Bread,Soap"
T003511,"Cheese,Tomato_Sauce,Cookies,Bread,Crackers,Milk"
T003512,"Oranges,Shampoo,Chicken,Cream,Muffins,Bagels,Detergent"
T003513,"Soda,Frozen_Dinners,Yogurt,Oranges,Frozen_Vegetables,Coffee,Paper_Towels"
T003514,"Tea,Muffins,Turkey"
T003515,"Frozen_Vegetables,Chocolate,Muffins,Milk,Frozen_Pizza,Frozen_Dinners"
T003516,"Coffee,Soda,Deodorant,Frozen_Dinners,Dish_Soap,Muffins,Crackers"
T003517,"Croissants,Donuts,Toothpaste"
T003518,"Pasta,Cheese,Beef,Turkey,Detergent,Soap"
T003519,"Chips,Butter,Yogurt,Bananas,Coffee,Paper_Towels,Chicken"
T003520,"Trash_Bags,Croissants,Cookies,Turkey,Soap,Cheese,Tomatoes,Beef"
T003521,"Chicken,Paper_Towels,Donuts,Bananas,Bagels,Deodorant"
T003522,"Turkey,Coffee,Juice,Fish,Bananas,Paper_Towels,Lettuce"
T003523,"Bread,Dish_Soap,Frozen_Dinners,Coffee,Tea,Turkey,Chips"
T003524,"Ice_Cream,Chocolate_Syrup,Crackers,Toothpaste,Soap,Muffins,Cream,Frozen_Dinners,Lettuce"
T003525,"Peanut_Butter,Bread,Frozen_Dinners,Bagels,Tomatoes,Pork,Frozen_Pizza,Lettuce,Juice"
T003526,"Chocolate_Syrup,Ice_Cream,Chicken,Coffee,Chips,Yogurt,Frozen_Dinners"
T003527,"Chips,Turkey,Shampoo"
T003528,"Milk,Bananas,Ice_Cream,Muffins,Cookies"
T003529,"Paper_Towels,Juice,Butter,Frozen_Pizza,Crackers"
T003530,"Croissants,Apples,Crackers"
T003531,"Paper_Towels,Donuts,Yogurt,Muffins"
T003532,"Frozen_Pizza,Cream,Oranges"
T003533,"Lettuce,Turkey,Nuts,Trash_Bags,Chicken"
T003534,"Dish_Soap,Cookies,Pork"
T003535,"Muffins,Detergent"
T003536,"Deodorant,Water,Detergent,Turkey,Toothpaste,Soap"
T003537,"Shampoo,Frozen_Dinners"
T003538,"Ice_Cream,Fish,Soda,Bagels,Oranges,Paper_Towels,Butter"
T003539,"Dish_Soap,Trash_Bags,Frozen_Vegetables"
T003540,"Dish_Soap,Trash_Bags,Turkey,Chicken"
T003541,"Chips,Frozen_Vegetables,Apples,Soda,Deodorant"
T003542,"Beer,Chips,Detergent,Dish_Soap,Ice_Cream"
T003543,"Ice_Cream,Nuts,Bagels,Tea,Donuts,Pork,Frozen_Pizza,Chips"
T003544,"Chicken,Rice,Frozen_Vegetables,Frozen_Pizza,Detergent,Cheese"
T003545,"Beef,Toothpaste,Shampoo,Chips,Tea,Bananas"
T003546,"Donuts,Frozen_Pizza,Water,Cookies,Cream,Bread,Soda"
T003547,"Ice_Cream,Fish,Toothpaste"
T003548,"Butter,Apples"
T003549,"Dip,Chips,Detergent,Deodorant,Tomatoes,Tea,Trash_Bags"
T003550,"Yogurt,Bagels"
T003551,"Salsa,Chips,Chocolate,Apples,Frozen_Pizza,Frozen_Dinners"
T003552,"Cereal,Milk,Dish_Soap,Bagels,Frozen_Pizza,Chips,Frozen_Dinners"
T003553,"Crackers,Juice"
T003554,"Sugar,Cream,Croissants,Cookies,Bread,Trash_Bags,Fish,Deodorant"
T003555,"Water,Croissants,Muffins,Chocolate"
T003556,"Bagels,Turkey,Water,Milk,Trash_Bags,Frozen_Vegetables,Oranges"
T003557,"Fish,Ice_Cream,Juice"
T003558,"Cream,Oranges,Frozen_Pizza,Yogurt,Cheese,Trash_Bags"
T003559,"Cereal,Milk,Shampoo,Cheese,Juice,Croissants,Bananas,Ice_Cream,Chicken"
T003560,"Water,Frozen_Dinners,Chocolate,Crackers,Frozen_Pizza,Croissants"
T003561,"Bread,Milk,Frozen_Vegetables,Toothpaste,Trash_Bags,Cookies,Juice"
T003562,"Tomato_Sauce,Pasta,Tomatoes,Paper_Towels,Cookies,Frozen_Pizza,Detergent,Frozen_Dinners,Juice"
T003563,"Detergent,Trash_Bags,Cookies,Cream,Frozen_Pizza"
T003564,"Frozen_Vegetables,Oranges,Bagels"
T003565,"Cheese,Ice_Cream,Chocolate"
T003566,"Ice_Cream,Soap,Toothpaste,Tomatoes,Shampoo,Frozen_Pizza,Bananas"
T003567,"Tomatoes,Cookies,Bread,Coffee,Butter,Yogurt,Detergent"
T003568,"Turkey,Cream,Oranges,Yogurt,Chicken,Nuts,Dish_Soap"
T003569,"Dish_Soap,Muffins,Ice_Cream"
T003570,"Milk,Bread,Frozen_Dinners,Bananas,Lettuce,Chocolate"
T003571,"Apples,Oranges,Trash_Bags,Coffee,Chips"
T003572,"Tea,Apples,Crackers,Cheese"
T003573,"Ice_Cream,Whipped_Cream,Cheese,Tomatoes,Donuts,Toothpaste"
T003574,"Cream,Frozen_Vegetables,Apples,Soda,Paper_Towels,Trash_Bags,Pork,Turkey"
T003575,"Salsa,Chips,Frozen_Pizza,Chocolate,Lettuce,Bread"
T003576,"Chicken,Rice,Donuts,Trash_Bags,Toothpaste,Ice_Cream,Chips,Dish_Soap,Soda"
T003577,"Fish,Chocolate,Frozen_Pizza,Ice_Cream"
T003578,"Tea,Frozen_Dinners,Croissants"
T003579,"Bananas,Yogurt,Chicken,Bagels,Dish_Soap"
T003580,"Beef,Pork,Coffee,Paper_Towels,Dish_Soap"
T003581,"Jelly,Bread,Cheese,Deodorant"
T003582,"Frozen_Pizza,Fish,Bagels,Cheese"
T003583,"Chocolate,Cheese"
T003584,"Soda,Tomatoes,Shampoo,Dish_Soap,Soap,Frozen_Dinners"
T003585,"Milk,Bananas,Frozen_Pizza,Yogurt,Nuts,Frozen_Dinners"
T003586,"Frozen_Vegetables,Chocolate,Milk,Frozen_Dinners"
T003587,"Bread,Beef,Apples,Croissants,Chicken"
T003588,"Oranges,Paper_Towels,Beef,Apples"
T003589,"Toothpaste,Paper_Towels,Turkey,Ice_Cream,Soap"
T003590,"Cheese,Chocolate,Frozen_Vegetables,Pork,Beef,Butter,Bread"
T003591,"Oranges,Cheese,Bagels,Bananas,Pork"
T003592,"Toothpaste,Cream,Detergent"
T003593,"Crackers,Detergent,Paper_Towels,Muffins,Chicken,Bread,Juice"
T003594,"Bananas,Frozen_Vegetables,Nuts,Turkey,Frozen_Dinners,Tomatoes,Fish"
T003595,"Tea,Dish_Soap"
T003596,"Cream,Coffee,Milk,Trash_Bags,Soap"
T003597,"Trash_Bags,Chips,Water,Cookies"
T003598,"Chips,Beer,Detergent,Bagels,Lettuce,Toothpaste,Dish_Soap"
T003599,"Cheese,Chips,Butter"
T003600,"Cookies,Crackers"
T003601,"Pork,Soap,Soda"
T003602,"Tomatoes,Deodorant,Milk,Crackers,Detergent,Ice_Cream,Frozen_Dinners"
T003603,"Cream,Chocolate"
T003604,"Tomatoes,Beef,Hamburger_Buns,Oranges,Crackers,Frozen_Pizza,Muffins"
T003605,"Bananas,Nuts,Soap"
T003606,"Chocolate,Frozen_Dinners"
T003607,"Cereal,Bananas,Toothpaste,Coffee"
T003608,"Chicken,Chips,Paper_Towels"
T003609,"Milk,Cereal,Cheese,Water,Ice_Cream"
T003610,"Salsa,Chips,Chocolate,Deodorant,Soap,Trash_Bags,Yogurt"
T003611,"Oranges,Yogurt,Cream"
T003612,"Bread,Toothpaste,Bananas"
T003613,"Juice,Toothpaste,Donuts,Fish,Paper_Towels,Frozen_Pizza"
T003614,"Chocolate,Soda,Frozen_Pizza,Muffins,Frozen_Dinners,Shampoo,Beef"
T003615,"Detergent,Lettuce,Tomatoes,Frozen_Dinners,Nuts,Chocolate"
T003616,"Paper_Towels,Deodorant,Butter,Shampoo"
T003617,"Ice_Cream,Beef,Water,Muffins,Frozen_Pizza,Chocolate,Detergent,Deodorant"
T003618,"Lettuce,Tomatoes,Beef,Bananas,Trash_Bags,Frozen_Dinners,Cheese,Coffee"
T003619,"Trash_Bags,Deodorant,Juice,Dish_Soap,Turkey"
T003620,"Bagels,Tomatoes,Shampoo,Cheese"
T003621,"Soap,Toothpaste,Frozen_Vegetables,Oranges,Juice,Water,Ice_Cream"
T003622,"Coffee,Sugar,Shampoo,Trash_Bags,Bagels,Frozen_Vegetables"
T003623,"Bread,Peanut_Butter,Pork,Chocolate,Crackers,Trash_Bags,Nuts,Dish_Soap,Cream"
T003624,"Frozen_Dinners,Bread,Tomatoes"
T003625,"Cream,Chicken,Chips,Oranges,Frozen_Vegetables,Shampoo,Dish_Soap"
T003626,"Tomato_Sauce,Pasta,Turkey,Shampoo,Milk,Donuts,Frozen_Dinners,Toothpaste"
T003627,"Beef,Lettuce,Dish_Soap,Tea"
T003628,"Detergent,Deodorant,Crackers,Chicken"
T003629,"Cereal,Milk,Fish,Butter,Water,Soap,Soda"
T003630,"Chocolate,Beef,Turkey,Frozen_Dinners"
T003631,"Lettuce,Beef,Tomatoes,Frozen_Pizza,Donuts"
T003632,"Trash_Bags,Pork,Ice_Cream,Water,Bananas,Fish,Lettuce"
T003633,"Dish_Soap,Frozen_Vegetables,Nuts,Crackers"
T003634,"Water,Juice,Butter,Shampoo,Apples,Coffee"
T003635,"Lettuce,Hamburger_Buns,Tomatoes,Chocolate,Frozen_Dinners,Soap"
T003636,"Whipped_Cream,Ice_Cream,Donuts,Cheese,Shampoo,Tea,Soda,Yogurt,Soap"
T003637,"Detergent,Dish_Soap,Chicken"
T003638,"Frozen_Pizza,Milk,Beef,Lettuce"
T003639,"Soda,Butter,Chocolate,Paper_Towels,Oranges,Crackers,Frozen_Dinners"
T003640,"Bananas,Apples"
T003641,"Rice,Vegetables,Nuts,Frozen_Dinners,Bananas,Butter"
T003642,"Trash_Bags,Donuts,Dish_Soap,Deodorant"
T003643,"Butter,Croissants,Chocolate,Cookies"
T003644,"Deodorant,Ice_Cream,Milk"
T003645,"Deodorant,Nuts,Toothpaste,Frozen_Vegetables,Paper_Towels,Crackers"
T003646,"Tea,Frozen_Vegetables,Croissants"
T003647,"Ice_Cream,Chocolate_Syrup,Water,Pork"
T003648,"Bananas,Dish_Soap,Toothpaste,Fish,Turkey,Lettuce,Ice_Cream"
T003649,"Soda,Bananas,Oranges"
T003650,"Tomatoes,Muffins,Frozen_Vegetables,Cookies,Apples,Bananas"
T003651,"Crackers,Muffins,Cream,Tomatoes"
T003652,"Soda,Chips,Lettuce,Cookies,Bagels,Chicken,Detergent,Paper_Towels,Turkey,Ice_Cream"
T003653,"Frozen_Dinners,Frozen_Pizza,Yogurt,Beef,Apples"
T003654,"Shampoo,Chips,Bagels,Trash_Bags,Cream,Paper_Towels"
T003655,"Chips,Beef,Cheese,Soap,Donuts,Ice_Cream,Toothpaste,Juice"
T003656,"Soap,Juice,Dish_Soap,Shampoo,Frozen_Pizza,Toothpaste,Butter"
T003657,"Water,Turkey"
T003658,"Coffee,Frozen_Vegetables"
T003659,"Juice,Apples,Paper_Towels,Croissants"
T003660,"Shampoo,Cheese"
T003661,"Milk,Cereal,Shampoo,Apples,Donuts,Deodorant,Crackers"
T003662,"Bagels,Trash_Bags,Paper_Towels,Chocolate,Oranges,Frozen_Pizza,Soda,Crackers"
T003663,"Cookies,Pork,Dish_Soap,Juice,Nuts"
T003664,"Yogurt,Frozen_Dinners,Paper_Towels,Oranges"
T003665,"Bagels,Cream,Ice_Cream,Croissants,Bananas,Apples"
T003666,"Paper_Towels,Cheese"
T003667,"Oranges,Tomatoes"
T003668,"Pork,Toothpaste,Ice_Cream,Coffee,Trash_Bags,Bagels,Frozen_Vegetables"
T003669,"Beer,Salsa,Lettuce,Shampoo,Butter,Oranges"
T003670,"Pasta,Cheese,Fish,Bananas,Chicken,Trash_Bags,Frozen_Dinners,Tomatoes"
T003671,"Soda,Tea,Chicken,Fish,Bagels"
T003672,"Deodorant,Oranges,Detergent,Apples,Dish_Soap"
T003673,"Shampoo,Bananas,Soap,Water,Soda"
T003674,"Fish,Soap"
T003675,"Nuts,Bananas,Bagels,Crackers,Frozen_Pizza"
T003676,"Oranges,Turkey,Trash_Bags,Ice_Cream,Fish,Tomatoes,Yogurt"
T003677,"Pork,Ice_Cream,Bread,Oranges,Bananas"
T003678,"Milk,Butter,Deodorant,Crackers,Oranges"
T003679,"Detergent,Apples,Crackers,Yogurt"
T003680,"Bagels,Pork,Frozen_Pizza,Tea"
T003681,"Deodorant,Chips,Yogurt,Water,Chocolate,Tomatoes,Paper_Towels"
T003682,"Soda,Chips,Cheese,Frozen_Dinners,Lettuce"
T003683,"Ice_Cream,Crackers"
T003684,"Chicken,Rice,Paper_Towels,Chips,Cream,Donuts"
T003685,"Milk,Shampoo,Frozen_Pizza,Trash_Bags,Bananas,Cream"
T003686,"Chicken,Vegetables,Frozen_Dinners,Juice,Donuts"
T003687,"Lettuce,Hamburger_Buns,Tomatoes,Dish_Soap,Muffins"
T003688,"Chicken,Tomatoes,Tea,Chips,Soda"
T003689,"Paper_Towels,Milk,Frozen_Dinners,Detergent,Chicken,Yogurt"
T003690,"Soda,Deodorant,Yogurt"
T003691,"Shampoo,Donuts,Juice,Ice_Cream,Toothpaste,Paper_Towels"
T003692,"Toothpaste,Chicken,Lettuce,Chocolate,Nuts,Ice_Cream,Donuts,Chips"
T003693,"Chips,Beer,Nuts,Cookies,Tea,Lettuce,Coffee,Deodorant,Soda"
T003694,"Chocolate_Syrup,Ice_Cream,Water,Dish_Soap,Shampoo,Fish"
T003695,"Cheese,Tomatoes,Lettuce,Nuts,Soap,Turkey"
T003696,"Cream,Turkey,Dish_Soap,Croissants"
T003697,"Donuts,Cookies,Soap,Shampoo,Frozen_Dinners"
T003698,"Fish,Muffins,Tomatoes,Bananas,Oranges,Soda"
T003699,"Croissants,Paper_Towels,Bread,Oranges"
T003700,"Nuts,Yogurt"
T003701,"Jelly,Peanut_Butter,Yogurt,Cookies,Shampoo"
T003702,"Butter,Bread,Cheese,Nuts"
T003703,"Bananas,Milk,Tea,Croissants,Yogurt,Muffins"
T003704,"Cheese,Apples,Soap,Water,Trash_Bags"
T003705,"Cereal,Bananas,Bread,Apples"
T003706,"Oranges,Crackers,Pork,Fish,Tomatoes"
T003707,"Water,Paper_Towels"
T003708,"Bananas,Soda,Turkey,Donuts,Fish,Oranges"
T003709,"Cream,Sugar,Cookies,Cheese,Lettuce,Tomatoes,Yogurt,Paper_Towels,Frozen_Pizza,Detergent"
T003710,"Frozen_Vegetables,Trash_Bags,Turkey"
T003711,"Fish,Trash_Bags,Frozen_Vegetables,Oranges"
T003712,"Milk,Bread,Oranges,Shampoo,Coffee,Frozen_Dinners,Frozen_Vegetables,Butter"
T003713,"Rice,Chicken,Deodorant,Cookies,Paper_Towels,Donuts,Soap"
T003714,"Soap,Cream,Deodorant,Milk,Shampoo,Frozen_Pizza,Pork"
T003715,"Soda,Chips,Tea,Frozen_Vegetables,Juice,Tomatoes,Lettuce,Croissants"
T003716,"Lettuce,Frozen_Vegetables,Chicken,Oranges,Soap,Deodorant"
T003717,"Cookies,Paper_Towels,Pork,Tea,Trash_Bags"
T003718,"Pork,Cookies,Paper_Towels,Oranges,Coffee"
T003719,"Whipped_Cream,Ice_Cream,Soap,Paper_Towels"
T003720,"Apples,Paper_Towels"
T003721,"Tomatoes,Bread,Soda,Trash_Bags"
T003722,"Ice_Cream,Detergent,Paper_Towels,Bananas,Chicken,Croissants,Coffee,Chips"
T003723,"Chicken,Frozen_Vegetables,Frozen_Pizza,Chips,Paper_Towels,Soap,Croissants"
T003724,"Ice_Cream,Whipped_Cream,Water,Yogurt,Trash_Bags,Dish_Soap,Detergent"
T003725,"Donuts,Chicken"
T003726,"Beef,Hamburger_Buns,Tomatoes,Butter,Ice_Cream,Cream,Paper_Towels,Yogurt,Soap,Muffins"
T003727,"Deodorant,Oranges,Tomatoes,Donuts"
T003728,"Bread,Jelly,Soap,Beef,Croissants"
T003729,"Soda,Milk,Toothpaste,Bread,Oranges"
T003730,"Crackers,Milk,Juice,Soda,Toothpaste,Chocolate,Muffins,Frozen_Vegetables"
T003731,"Apples,Chips,Turkey,Bread"
T003732,"Toothpaste,Chicken,Cream,Muffins,Cookies,Tomatoes,Shampoo"
T003733,"Milk,Coffee,Soap"
T003734,"Bananas,Ice_Cream,Chicken,Milk,Pork,Detergent"
T003735,"Butter,Bread,Tomatoes,Nuts,Water,Chicken,Chips,Soap"
T003736,"Crackers,Detergent,Pork,Tea,Yogurt,Turkey,Tomatoes"
T003737,"Pasta,Cheese,Crackers,Deodorant,Chicken,Tea,Pork,Soap,Paper_Towels"
T003738,"Pork,Frozen_Pizza,Frozen_Vegetables,Soda,Shampoo"
T003739,"Soap,Crackers,Croissants,Chicken,Deodorant,Dish_Soap,Donuts"
T003740,"Frozen_Vegetables,Turkey,Soda,Croissants,Paper_Towels,Trash_Bags,Tea"
T003741,"Chocolate,Yogurt,Pork,Bananas,Croissants,Bagels,Oranges"
T003742,"Bread,Jelly,Milk,Ice_Cream,Toothpaste,Paper_Towels,Tomatoes,Coffee,Frozen_Dinners"
T003743,"Turkey,Dish_Soap,Cookies"
T003744,"Lettuce,Pork,Turkey,Frozen_Vegetables,Frozen_Pizza,Deodorant"
T003745,"Chicken,Vegetables,Frozen_Pizza,Croissants"
T003746,"Frozen_Pizza,Deodorant"
T003747,"Lettuce,Tomatoes,Cheese,Muffins,Detergent,Butter,Ice_Cream,Shampoo,Donuts,Juice"
T003748,"Apples,Croissants,Frozen_Vegetables,Yogurt,Frozen_Pizza"
T003749,"Detergent,Deodorant"
T003750,"Lettuce,Muffins,Frozen_Vegetables,Bagels,Juice,Shampoo,Cream"
T003751,"Water,Trash_Bags,Cookies,Lettuce,Bananas,Chips,Coffee"
T003752,"Frozen_Dinners,Apples"
T003753,"Chicken,Vegetables,Soda,Bananas,Cheese,Croissants"
T003754,"Apples,Nuts"
T003755,"Frozen_Vegetables,Dish_Soap,Oranges"
T003756,"Juice,Paper_Towels,Lettuce,Apples,Soda"
T003757,"Toothpaste,Lettuce"
T003758,"Trash_Bags,Juice,Frozen_Pizza,Tomatoes"
T003759,"Jelly,Bread,Soda,Frozen_Dinners,Croissants,Chocolate,Donuts,Fish"
T003760,"Beef,Tomatoes,Hamburger_Buns,Cream,Trash_Bags,Deodorant,Milk,Soap"
T003761,"Apples,Toothpaste,Cheese,Frozen_Dinners,Muffins,Frozen_Pizza"
T003762,"Chicken,Tomatoes,Toothpaste,Pork,Bananas,Frozen_Dinners"
T003763,"Crackers,Chips,Yogurt,Apples,Milk,Ice_Cream,Pork"
T003764,"Tomatoes,Beef,Hamburger_Buns,Bread,Chicken,Turkey,Dish_Soap"
T003765,"Pork,Bread,Deodorant"
T003766,"Crackers,Frozen_Pizza,Coffee,Yogurt,Soap"
T003767,"Lettuce,Donuts,Beef,Shampoo,Detergent,Cheese"
T003768,"Toothpaste,Lettuce,Chicken"
T003769,"Croissants,Cheese,Oranges,Yogurt,Ice_Cream,Crackers"
T003770,"Chocolate,Soap,Oranges,Beef,Cream,Ice_Cream,Coffee"
T003771,"Frozen_Pizza,Bananas,Paper_Towels,Muffins,Dish_Soap,Croissants"
T003772,"Beef,Ice_Cream"
T003773,"Turkey,Oranges"
T003774,"Detergent,Ice_Cream,Coffee,Apples,Juice,Oranges"
T003775,"Crackers,Frozen_Pizza,Nuts,Toothpaste,Bagels"
T003776,"Trash_Bags,Deodorant,Water,Nuts,Cheese,Yogurt"
T003777,"Cream,Shampoo"
T003778,"Ice_Cream,Bagels,Bread,Turkey,Coffee"
T003779,"Hamburger_Buns,Lettuce,Tomatoes,Turkey,Dish_Soap,Detergent,Beef"
T003780,"Chips,Pork,Cheese,Shampoo,Yogurt"
T003781,"Milk,Bread,Juice,Dish_Soap,Croissants"
T003782,"Cream,Pork,Yogurt"
T003783,"Chips,Soda,Bananas,Detergent,Chicken,Donuts,Trash_Bags"
T003784,"Tomatoes,Paper_Towels,Chips,Frozen_Pizza,Bagels,Pork,Soap"
T003785,"Deodorant,Tomatoes,Water,Chicken"
T003786,"Beef,Bananas,Toothpaste,Bread,Tea"
T003787,"Ice_Cream,Whipped_Cream,Coffee,Chicken,Frozen_Pizza,Paper_Towels,Frozen_Dinners,Deodorant"
T003788,"Tea,Coffee,Frozen_Dinners,Tomatoes,Chicken,Toothpaste"
T003789,"Frozen_Pizza,Donuts,Deodorant,Fish,Frozen_Vegetables,Pork,Soap"
T003790,"Juice,Water"
T003791,"Detergent,Lettuce"
T003792,"Paper_Towels,Butter,Chicken,Milk,Tea,Deodorant"
T003793,"Milk,Chicken,Soda"
T003794,"Chicken,Frozen_Dinners,Water,Detergent,Soap,Toothpaste,Milk"
T003795,"Tomatoes,Apples,Frozen_Pizza,Butter,Deodorant,Frozen_Vegetables"
T003796,"Lettuce,Cookies,Beef,Ice_Cream"
T003797,"Frozen_Dinners,Chicken,Yogurt,Cheese,Cream,Milk,Chocolate"
T003798,"Detergent,Pork,Frozen_Dinners,Apples,Shampoo,Chocolate"
T003799,"Ice_Cream,Shampoo,Juice,Bagels,Trash_Bags,Donuts,Frozen_Dinners,Cheese"
T003800,"Lettuce,Tomatoes,Beef,Paper_Towels,Water,Chips"
T003801,"Whipped_Cream,Ice_Cream,Frozen_Vegetables,Tea,Chicken,Frozen_Dinners"
T003802,"Butter,Bread,Detergent,Milk,Toothpaste,Paper_Towels,Frozen_Vegetables"
T003803,"Muffins,Cookies,Fish"
T003804,"Coffee,Pork,Oranges,Shampoo"
T003805,"Frozen_Vegetables,Oranges,Chocolate"
T003806,"Soda,Cheese,Milk,Shampoo,Croissants,Oranges"
T003807,"Oranges,Chicken,Paper_Towels,Bananas"
T003808,"Tea,Cheese,Oranges,Chocolate,Toothpaste,Croissants"
T003809,"Soap,Donuts,Soda,Fish,Cream"
T003810,"Lettuce,Soda,Frozen_Pizza,Dish_Soap,Nuts"
T003811,"Frozen_Dinners,Apples,Pork,Coffee,Tea,Milk,Frozen_Pizza"
T003812,"Cream,Sugar,Chips,Bagels,Crackers,Paper_Towels"
T003813,"Turkey,Bananas,Soap"
T003814,"Ice_Cream,Toothpaste,Juice,Cookies,Frozen_Vegetables,Fish"
T003815,"Bananas,Milk,Cookies,Cream,Frozen_Pizza,Tea,Lettuce,Detergent"
T003816,"Cereal,Bananas,Turkey,Chips,Yogurt,Frozen_Pizza,Lettuce"
T003817,"Cereal,Bananas,Pork,Trash_Bags,Toothpaste,Frozen_Vegetables,Coffee,Apples,Shampoo"
T003818,"Croissants,Lettuce,Chips"
T003819,"Nuts,Butter,Trash_Bags,Tomatoes,Tea,Shampoo"
T003820,"Jelly,Bread,Coffee,Lettuce,Cream,Trash_Bags,Yogurt,Oranges,Cheese"
T003821,"Peanut_Butter,Bread,Turkey,Cheese,Shampoo,Fish,Trash_Bags"
T003822,"Toothpaste,Cream,Frozen_Dinners,Crackers,Deodorant,Bread,Chocolate,Soap"
T003823,"Dish_Soap,Coffee,Apples,Pork"
T003824,"Cereal,Bananas,Butter,Bagels,Juice,Bread,Chocolate,Soda,Cheese"
T003825,"Juice,Chocolate,Shampoo,Frozen_Pizza,Turkey"
T003826,"Chicken,Milk,Oranges,Tea,Bread,Shampoo,Coffee,Beef"
T003827,"Chips,Soda,Beef,Shampoo,Fish,Deodorant,Oranges,Toothpaste"
T003828,"Tea,Donuts,Fish,Apples"
T003829,"Crackers,Shampoo,Milk"
T003830,"Cereal,Bananas,Frozen_Pizza,Milk,Soda,Nuts"
T003831,"Beer,Chips,Cheese,Croissants,Coffee,Nuts,Tomatoes,Chocolate,Donuts"
T003832,"Soap,Tomatoes,Water,Apples,Bread,Cookies"
T003833,"Croissants,Donuts,Frozen_Dinners,Apples,Water,Deodorant,Turkey"
T003834,"Coffee,Sugar,Ice_Cream,Cookies,Toothpaste"
T003835,"Croissants,Tea,Frozen_Dinners"
T003836,"Cheese,Juice,Frozen_Dinners,Frozen_Vegetables,Cookies"
T003837,"Salsa,Chips,Water,Tomatoes,Tea,Deodorant,Soap,Lettuce,Chicken"
T003838,"Cream,Toothpaste,Cheese,Donuts,Beef,Fish,Tomatoes"
T003839,"Butter,Crackers,Cream,Soap,Toothpaste,Soda,Coffee,Tea"
T003840,"Milk,Toothpaste"
T003841,"Bananas,Milk,Soap,Apples,Ice_Cream"
T003842,"Milk,Bananas,Tea,Nuts,Crackers,Ice_Cream,Cheese,Frozen_Vegetables"
T003843,"Soda,Chips,Butter,Shampoo,Frozen_Dinners,Croissants,Toothpaste"
T003844,"Bread,Butter,Frozen_Vegetables,Tomatoes,Muffins,Fish,Coffee,Pork"
T003845,"Paper_Towels,Detergent,Chicken,Cheese"
T003846,"Cookies,Deodorant,Croissants,Lettuce"
T003847,"Water,Beef,Chips,Croissants,Butter,Ice_Cream,Cookies"
T003848,"Beef,Hamburger_Buns,Lettuce,Shampoo,Ice_Cream,Yogurt,Trash_Bags,Tomatoes"
T003849,"Chips,Soda,Yogurt,Fish,Water,Shampoo,Paper_Towels,Nuts"
T003850,"Bread,Butter"
T003851,"Bagels,Beef,Detergent,Ice_Cream,Nuts"
T003852,"Nuts,Soap,Milk,Yogurt,Muffins,Coffee,Frozen_Dinners"
T003853,"Bananas,Soap,Pork"
T003854,"Deodorant,Chicken,Soap,Bananas,Crackers,Toothpaste"
T003855,"Apples,Water,Yogurt"
T003856,"Chocolate,Juice,Chips,Soap"
T003857,"Chocolate,Pork,Beef,Apples,Ice_Cream,Yogurt"
T003858,"Donuts,Chips,Cheese,Turkey,Paper_Towels,Lettuce"
T003859,"Peanut_Butter,Jelly,Cream,Dish_Soap,Detergent,Cheese,Trash_Bags"
T003860,"Cheese,Chips,Tomatoes,Shampoo,Trash_Bags"
T003861,"Croissants,Cream,Cookies,Cheese,Oranges,Yogurt"
T003862,"Juice,Pork,Donuts,Paper_Towels,Bananas,Soap,Milk"
T003863,"Milk,Bananas,Pork,Oranges"
T003864,"Bread,Jelly,Pork,Chocolate,Apples,Tea,Soap"
T003865,"Cookies,Frozen_Dinners,Bagels,Paper_Towels"
T003866,"Rice,Vegetables,Croissants,Shampoo,Pork"
T003867,"Paper_Towels,Turkey,Ice_Cream,Muffins"
T003868,"Butter,Dish_Soap,Beef,Toothpaste,Cream"
T003869,"Frozen_Dinners,Apples,Cream,Pork,Deodorant,Cheese,Chicken"
T003870,"Soap,Oranges"
T003871,"Cream,Toothpaste,Beef,Yogurt,Nuts,Lettuce,Frozen_Dinners"
T003872,"Juice,Chicken,Croissants,Cream,Trash_Bags,Lettuce"
T003873,"Toothpaste,Muffins,Bananas,Ice_Cream"
T003874,"Soda,Dip,Oranges,Bread,Tea,Lettuce"
T003875,"Chocolate_Syrup,Ice_Cream,Chicken,Apples"
T003876,"Muffins,Bananas,Juice,Soap,Water"
T003877,"Bread,Jelly,Frozen_Vegetables,Crackers,Detergent,Ice_Cream,Milk,Yogurt"
T003878,"Chicken,Bread,Fish,Nuts,Muffins,Crackers"
T003879,"Deodorant,Apples,Donuts,Toothpaste,Milk,Juice,Frozen_Vegetables"
T003880,Water
T003881,"Paper_Towels,Detergent,Oranges,Soda,Chocolate"
T003882,"Pork,Soap,Oranges,Cream"
T003883,"Frozen_Vegetables,Lettuce,Frozen_Pizza,Paper_Towels,Deodorant,Cheese"
T003884,"Peanut_Butter,Bread,Tea,Butter,Detergent,Paper_Towels"
T003885,"Chips,Dip,Fish,Apples,Oranges"
T003886,"Peanut_Butter,Jelly,Bread,Fish,Trash_Bags,Shampoo,Juice,Pork"
T003887,"Soda,Dip,Coffee,Muffins,Milk,Cheese,Chips"
T003888,"Beer,Salsa,Apples,Paper_Towels,Bagels,Turkey,Frozen_Pizza,Detergent"
T003889,"Ice_Cream,Bagels,Frozen_Pizza,Lettuce,Frozen_Dinners,Chicken"
T003890,"Water,Nuts,Frozen_Dinners,Dish_Soap,Yogurt,Chips,Deodorant"
T003891,"Trash_Bags,Frozen_Dinners,Chicken,Juice,Deodorant"
T003892,"Turkey,Lettuce,Coffee"
T003893,"Pasta,Tomato_Sauce,Crackers,Cream,Croissants"
T003894,"Jelly,Peanut_Butter,Soap,Muffins"
T003895,"Vegetables,Rice,Muffins,Lettuce"
T003896,"Ice_Cream,Whipped_Cream,Croissants,Soda"
T003897,"Deodorant,Tea,Bagels,Turkey,Lettuce,Toothpaste,Soda"
T003898,"Whipped_Cream,Ice_Cream,Tomatoes,Frozen_Dinners,Coffee,Frozen_Vegetables,Beef,Soap"
T003899,"Tomato_Sauce,Pasta,Trash_Bags,Cream,Chocolate,Paper_Towels"
T003900,"Turkey,Chocolate,Chips,Coffee,Apples"
T003901,"Toothpaste,Lettuce,Frozen_Vegetables,Yogurt,Water,Chocolate,Frozen_Dinners"
T003902,"Trash_Bags,Water"
T003903,"Cream,Dish_Soap,Trash_Bags,Cheese,Frozen_Dinners"
T003904,"Salsa,Beer,Donuts,Butter,Bread,Beef,Toothpaste,Cheese,Soap"
T003905,"Turkey,Apples,Juice,Butter,Fish,Coffee,Crackers"
T003906,"Turkey,Beef,Toothpaste,Bread"
T003907,"Bread,Butter,Ice_Cream,Cream"
T003908,"Butter,Shampoo,Oranges"
T003909,"Nuts,Chips,Dish_Soap,Chicken,Cheese,Crackers,Soap"
T003910,"Soap,Coffee,Bananas,Cheese"
T003911,"Beef,Turkey,Chips,Toothpaste,Soda"
T003912,"Crackers,Ice_Cream,Croissants,Chips,Yogurt"
T003913,"Muffins,Paper_Towels,Fish,Soap,Cookies"
T003914,"Tea,Donuts,Detergent,Turkey"
T003915,"Jelly,Peanut_Butter,Soda,Tomatoes,Water,Oranges,Detergent"
T003916,"Donuts,Water,Butter,Frozen_Dinners,Detergent,Cream"
T003917,"Cookies,Frozen_Pizza,Bagels"
T003918,"Peanut_Butter,Bread,Shampoo,Turkey,Chocolate,Pork"
T003919,"Frozen_Pizza,Paper_Towels,Nuts,Frozen_Dinners,Soda,Donuts,Trash_Bags"
T003920,"Pork,Chocolate,Chips,Soda,Tomatoes,Dish_Soap"
T003921,"Chocolate,Tea,Milk,Tomatoes,Water"
T003922,"Donuts,Pork,Frozen_Dinners,Tea,Coffee,Trash_Bags"
T003923,"Cookies,Juice,Chocolate,Chicken,Yogurt"
T003924,"Muffins,Lettuce,Frozen_Dinners,Tomatoes,Donuts"
T003925,"Milk,Cereal,Frozen_Pizza,Chocolate,Lettuce,Yogurt,Shampoo,Soap,Paper_Towels"
T003926,"Chicken,Rice,Shampoo,Cookies,Crackers"
T003927,"Trash_Bags,Juice,Lettuce,Dish_Soap,Chocolate,Soda"
T003928,"Juice,Water,Crackers,Tomatoes,Detergent,Frozen_Pizza,Milk"
T003929,"Muffins,Cream,Beef,Fish"
T003930,"Trash_Bags,Butter,Nuts,Detergent"
T003931,"Frozen_Vegetables,Shampoo,Frozen_Pizza,Bread,Croissants"
T003932,"Oranges,Muffins,Nuts,Yogurt"
T003933,"Croissants,Tomatoes,Soda,Chicken,Chips,Apples,Cookies"
T003934,"Chocolate,Toothpaste,Oranges,Cheese,Frozen_Dinners"
T003935,"Bagels,Soda,Muffins,Bananas,Oranges,Ice_Cream"
T003936,"Frozen_Pizza,Muffins,Paper_Towels,Cheese,Bagels,Frozen_Vegetables,Trash_Bags,Lettuce"
T003937,"Bananas,Dish_Soap,Tea,Muffins"
T003938,"Soda,Shampoo,Deodorant,Bananas"
T003939,"Dish_Soap,Cookies,Deodorant,Bananas,Juice,Shampoo,Butter,Chips"
T003940,"Croissants,Oranges,Shampoo"
T003941,"Yogurt,Dish_Soap,Frozen_Pizza"
T003942,"Soda,Juice,Pork,Water,Frozen_Pizza"
T003943,"Detergent,Croissants,Butter"
T003944,"Sugar,Cream,Frozen_Vegetables,Oranges,Donuts,Nuts,Bagels,Bananas"
T003945,"Cookies,Crackers,Fish,Tomatoes,Frozen_Dinners,Bananas"
T003946,"Donuts,Tea,Bananas,Yogurt,Ice_Cream,Lettuce"
T003947,"Yogurt,Muffins,Butter"
T003948,"Bagels,Crackers,Toothpaste,Apples,Chips,Frozen_Pizza,Cookies"
T003949,"Chocolate,Water,Donuts"
T003950,"Tomato_Sauce,Cheese,Trash_Bags,Deodorant,Fish,Chicken,Toothpaste"
T003951,"Pork,Trash_Bags,Coffee,Dish_Soap"
T003952,"Whipped_Cream,Ice_Cream,Bread,Apples,Turkey,Butter,Croissants,Frozen_Vegetables"
T003953,"Jelly,Bread,Bananas,Deodorant,Butter,Water,Crackers"
T003954,"Tomato_Sauce,Cheese,Shampoo,Beef"
T003955,"Butter,Crackers,Turkey,Oranges,Croissants,Muffins"
T003956,"Soap,Yogurt,Cheese,Frozen_Dinners,Ice_Cream"
T003957,"Coffee,Nuts"
T003958,"Tea,Paper_Towels,Deodorant,Frozen_Pizza,Bagels"
T003959,"Deodorant,Beef,Paper_Towels,Chips"
T003960,"Detergent,Yogurt,Fish"
T003961,"Crackers,Oranges,Cream,Tea,Turkey,Frozen_Vegetables"
T003962,"Dip,Soda,Coffee,Shampoo"
T003963,"Paper_Towels,Oranges,Frozen_Vegetables,Soda,Detergent"
T003964,"Milk,Butter,Cream,Tomatoes,Pork"
T003965,"Frozen_Vegetables,Trash_Bags,Bagels,Pork,Soda,Dish_Soap"
T003966,"Frozen_Pizza,Apples,Soap,Tomatoes,Shampoo,Ice_Cream,Chips,Trash_Bags"
T003967,"Chicken,Detergent,Donuts,Tea"
T003968,"Fish,Detergent,Coffee,Paper_Towels"
T003969,"Cheese,Shampoo,Donuts,Bananas"
T003970,"Crackers,Muffins"
T003971,"Deodorant,Chips"
T003972,"Vegetables,Chicken,Yogurt,Milk,Fish,Juice"
T003973,"Salsa,Chips,Milk,Ice_Cream,Trash_Bags,Bagels,Tomatoes,Fish,Toothpaste"
T003974,"Dish_Soap,Nuts"
T003975,"Frozen_Dinners,Tea,Toothpaste,Water,Cheese"
T003976,"Juice,Deodorant,Yogurt,Tea,Dish_Soap,Beef"
T003977,"Chicken,Oranges,Nuts,Chocolate,Lettuce,Bananas"
T003978,"Shampoo,Ice_Cream,Trash_Bags,Oranges,Frozen_Vegetables,Coffee,Donuts"
T003979,"Deodorant,Water"
T003980,"Salsa,Beer,Deodorant,Turkey,Dish_Soap"
T003981,"Cream,Sugar,Deodorant,Detergent,Donuts,Butter,Muffins"
T003982,"Water,Ice_Cream,Bread,Oranges,Dish_Soap,Milk,Soap"
T003983,"Water,Nuts,Crackers,Frozen_Pizza,Croissants,Detergent"
T003984,"Chicken,Bananas,Lettuce,Fish,Soap,Donuts"
T003985,"Chocolate,Detergent"
T003986,"Croissants,Frozen_Dinners,Frozen_Pizza"
T003987,"Toothpaste,Chicken,Cheese,Lettuce,Detergent,Tomatoes,Bread"
T003988,"Frozen_Dinners,Juice,Frozen_Pizza,Fish,Ice_Cream,Nuts"
T003989,"Tomatoes,Hamburger_Buns,Beef,Soap,Cookies"
T003990,"Fish,Bagels,Muffins,Tea"
T003991,"Milk,Butter,Detergent,Muffins,Tea,Bread,Beef"
T003992,"Chicken,Soap,Yogurt,Cream,Ice_Cream,Tea"
T003993,"Cereal,Milk,Croissants,Pork,Soda,Cream"
T003994,"Yogurt,Dish_Soap,Cream,Tea,Coffee"
T003995,"Milk,Turkey,Frozen_Vegetables,Apples,Muffins,Fish,Cheese"
T003996,"Vegetables,Rice,Beef,Oranges,Tea"
T003997,"Donuts,Croissants"
T003998,"Cereal,Milk,Croissants,Ice_Cream,Pork,Juice,Deodorant"
T003999,"Ice_Cream,Butter,Nuts,Bananas,Cheese,Paper_Towels,Yogurt,Trash_Bags"
T004000,"Soap,Water"
T004001,"Yogurt,Cookies,Oranges,Turkey,Crackers"
T004002,"Cheese,Coffee,Frozen_Dinners,Chicken,Chips"
T004003,"Sugar,Coffee,Soda,Soap,Paper_Towels,Detergent"
T004004,"Dip,Soda,Butter,Bread,Milk,Crackers"
T004005,"Jelly,Peanut_Butter,Dish_Soap,Turkey,Trash_Bags"
T004006,"Chips,Trash_Bags,Oranges,Toothpaste,Apples,Turkey"
T004007,"Bagels,Water"
T004008,"Butter,Yogurt,Ice_Cream,Tomatoes,Frozen_Dinners,Cream,Soap,Apples"
T004009,"Ice_Cream,Coffee"
T004010,"Milk,Bread,Yogurt,Croissants,Frozen_Dinners,Nuts,Water,Dish_Soap"
T004011,"Frozen_Dinners,Beef,Frozen_Pizza,Soda,Lettuce,Dish_Soap,Paper_Towels"
T004012,"Peanut_Butter,Jelly,Nuts,Cheese,Frozen_Vegetables"
T004013,"Tomato_Sauce,Cheese,Trash_Bags,Donuts,Tomatoes,Juice,Paper_Towels,Nuts"
T004014,"Water,Detergent,Lettuce"
T004015,"Toothpaste,Croissants,Water"
T004016,"Chocolate,Soap,Frozen_Vegetables"
T004017,"Whipped_Cream,Chocolate_Syrup,Soap,Cookies,Detergent"
T004018,"Ice_Cream,Whipped_Cream,Detergent,Paper_Towels,Frozen_Dinners,Apples,Chips,Tomatoes,Croissants"
T004019,"Milk,Bananas,Juice,Ice_Cream,Tomatoes,Deodorant,Water"
T004020,"Pork,Chocolate,Detergent,Soda,Water,Beef,Deodorant"
T004021,"Milk,Butter,Donuts,Beef,Coffee,Toothpaste"
T004022,"Chicken,Vegetables,Pork,Tomatoes,Fish,Ice_Cream"
T004023,"Milk,Bread,Cream,Soda"
T004024,"Salsa,Beer,Oranges,Frozen_Dinners,Cheese,Turkey,Frozen_Pizza"
T004025,"Deodorant,Water,Donuts"
T004026,"Chicken,Coffee,Detergent,Crackers,Soap,Frozen_Pizza,Dish_Soap,Apples"
T004027,"Lettuce,Bagels,Turkey,Frozen_Vegetables,Cream,Croissants,Chips"
T004028,"Crackers,Paper_Towels"
T004029,"Chips,Beer,Cheese,Bread,Paper_Towels,Apples,Oranges"
T004030,"Soap,Lettuce,Bread"
T004031,"Rice,Vegetables,Muffins,Turkey,Tomatoes,Trash_Bags,Milk,Butter"
T004032,"Butter,Nuts,Coffee,Soap"
T004033,"Chocolate,Apples,Butter,Bananas,Toothpaste,Lettuce"
T004034,"Frozen_Pizza,Bananas,Deodorant,Toothpaste"
T004035,"Tomatoes,Juice,Shampoo,Milk"
T004036,"Donuts,Frozen_Dinners,Butter,Apples,Juice,Crackers,Pork"
T004037,"Donuts,Shampoo,Crackers"
T004038,"Soap,Paper_Towels,Water,Detergent,Tea"
T004039,"Milk,Donuts,Butter,Cheese,Bananas"
T004040,"Frozen_Vegetables,Water,Chocolate,Shampoo,Juice,Fish,Toothpaste"
T004041,"Frozen_Vegetables,Dish_Soap"
T004042,"Nuts,Bread,Yogurt,Detergent,Beef,Cream"
T004043,"Beer,Chips,Butter,Frozen_Dinners,Pork,Croissants,Frozen_Vegetables,Fish,Juice"
T004044,"Chips,Juice,Frozen_Pizza,Yogurt,Ice_Cream"
T004045,"Coffee,Cream,Soap,Muffins,Tomatoes,Paper_Towels,Frozen_Vegetables"
T004046,"Paper_Towels,Cookies,Milk,Lettuce,Muffins,Beef,Bananas"
T004047,"Crackers,Chocolate,Shampoo,Tea,Cookies,Oranges,Paper_Towels,Croissants"
T004048,"Dip,Chips,Cream,Frozen_Dinners,Fish,Bread,Frozen_Vegetables"
T004049,"Hamburger_Buns,Tomatoes,Ice_Cream,Frozen_Dinners,Frozen_Vegetables,Cheese,Deodorant"
T004050,"Apples,Detergent"
T004051,"Frozen_Pizza,Chicken,Butter,Oranges,Tomatoes,Paper_Towels"
T004052,"Chocolate,Cheese,Chips,Coffee,Butter,Bagels"
T004053,"Chips,Beer,Chicken,Deodorant,Lettuce,Pork,Cream,Donuts,Tomatoes,Nuts"
T004054,"Toothpaste,Ice_Cream,Turkey,Frozen_Pizza,Detergent"
T004055,"Oranges,Bread,Crackers"
T004056,"Peanut_Butter,Jelly,Bread,Frozen_Vegetables,Pork,Soap,Croissants"
T004057,"Fish,Pork,Donuts"
T004058,"Oranges,Detergent,Bananas,Dish_Soap,Cream"
T004059,"Ice_Cream,Lettuce,Oranges"
T004060,"Ice_Cream,Whipped_Cream,Cream,Chocolate,Donuts,Trash_Bags,Coffee"
T004061,"Apples,Deodorant,Bananas"
T004062,"Bread,Butter,Tomatoes,Chocolate"
T004063,"Turkey,Toothpaste"
T004064,"Shampoo,Detergent,Tomatoes,Croissants"
T004065,"Bananas,Cereal,Crackers,Frozen_Vegetables"
T004066,"Tomatoes,Soap,Cookies"
T004067,"Jelly,Peanut_Butter,Cream,Croissants,Frozen_Dinners,Fish,Pork,Tomatoes,Toothpaste"
T004068,"Soap,Turkey,Oranges,Tea,Tomatoes,Chips,Crackers,Ice_Cream"
T004069,"Milk,Butter,Soda,Oranges,Chocolate,Paper_Towels"
T004070,"Coffee,Frozen_Vegetables,Soap"
T004071,"Juice,Frozen_Dinners,Beef,Cookies,Tomatoes,Water,Oranges,Chocolate"
T004072,"Soda,Butter,Fish,Yogurt,Coffee,Ice_Cream,Oranges"
T004073,"Crackers,Beef,Detergent,Cream,Fish"
T004074,"Frozen_Pizza,Dish_Soap,Ice_Cream,Tea,Frozen_Vegetables,Tomatoes,Lettuce"
T004075,"Turkey,Paper_Towels,Trash_Bags,Beef"
T004076,"Ice_Cream,Whipped_Cream,Pork,Water,Deodorant,Soda"
T004077,"Frozen_Vegetables,Croissants,Turkey"
T004078,"Bananas,Tea,Donuts,Milk"
T004079,"Yogurt,Ice_Cream,Beef,Bagels,Crackers,Shampoo,Apples"
T004080,"Detergent,Trash_Bags,Nuts,Oranges,Croissants"
T004081,"Cereal,Milk,Tea,Beef,Frozen_Dinners,Croissants"
T004082,"Beer,Salsa,Nuts,Toothpaste,Apples,Yogurt,Dish_Soap,Tea"
T004083,"Oranges,Toothpaste,Turkey,Trash_Bags,Donuts,Bread,Muffins"
T004084,"Tea,Soap,Butter,Chips,Fish,Bread,Deodorant,Croissants"
T004085,"Dip,Chips,Bananas,Beef,Tomatoes,Lettuce,Water,Detergent,Butter,Cream"
T004086,"Muffins,Frozen_Pizza,Soda,Bananas,Toothpaste,Bread"
T004087,"Juice,Turkey,Frozen_Dinners,Oranges,Frozen_Pizza,Tea"
T004088,"Tomato_Sauce,Pasta,Trash_Bags,Deodorant,Oranges,Chocolate"
T004089,"Pasta,Tomato_Sauce,Apples,Frozen_Pizza,Coffee,Chocolate,Turkey,Juice,Crackers"
T004090,"Soap,Frozen_Dinners,Bread,Ice_Cream,Detergent"
T004091,"Dish_Soap,Lettuce,Nuts,Toothpaste,Bagels,Cheese"
T004092,"Toothpaste,Yogurt,Cream,Apples"
T004093,"Chocolate,Deodorant,Ice_Cream"
T004094,"Oranges,Pork,Crackers,Water,Chocolate,Soda"
T004095,"Soap,Muffins"
T004096,"Dish_Soap,Fish,Soap,Water,Tomatoes,Milk,Apples,Ice_Cream"
T004097,"Cheese,Ice_Cream,Tea,Beef,Tomatoes"
T004098,"Soda,Pork,Trash_Bags"
T004099,"Tomato_Sauce,Pasta,Trash_Bags,Tomatoes"
T004100,"Vegetables,Chicken,Soda,Cheese,Juice,Turkey,Tomatoes,Shampoo,Chips"
T004101,"Cream,Coffee,Bread,Trash_Bags,Bananas,Milk,Lettuce,Muffins"
T004102,"Juice,Soap,Bananas"
T004103,"Whipped_Cream,Chocolate_Syrup,Nuts,Soda,Juice,Frozen_Vegetables,Frozen_Dinners"
T004104,"Chocolate_Syrup,Whipped_Cream,Coffee,Soda"
T004105,"Water,Coffee,Frozen_Vegetables,Chips"
T004106,"Soda,Dip,Cookies,Deodorant,Crackers,Soap,Juice"
T004107,"Chocolate,Cheese,Bananas,Toothpaste,Apples,Cookies,Bagels,Soda"
T004108,"Shampoo,Chocolate,Lettuce,Bananas,Detergent,Soda,Water"
T004109,"Chicken,Shampoo,Soap"
T004110,"Chicken,Rice,Crackers,Tomatoes,Donuts"
T004111,"Paper_Towels,Bananas,Detergent,Ice_Cream"
T004112,"Pork,Shampoo,Juice,Bread,Frozen_Vegetables,Bananas"
T004113,"Ice_Cream,Chocolate_Syrup,Water,Tomatoes,Cheese,Frozen_Vegetables,Juice,Muffins"
T004114,"Frozen_Dinners,Bananas,Chips,Muffins,Tea,Deodorant"
T004115,"Jelly,Peanut_Butter,Chips,Nuts,Deodorant,Bagels"
T004116,"Cheese,Tomato_Sauce,Croissants,Paper_Towels,Muffins,Toothpaste,Water,Chicken,Pork,Turkey"
T004117,"Apples,Nuts,Chips,Fish,Toothpaste"
T004118,"Deodorant,Apples,Muffins,Dish_Soap,Bread,Trash_Bags"
T004119,"Beer,Salsa,Chocolate,Yogurt,Frozen_Pizza,Bread,Paper_Towels,Butter"
T004120,"Shampoo,Toothpaste,Paper_Towels,Fish"
T004121,"Cheese,Soap,Juice,Frozen_Vegetables,Tomatoes,Cookies,Toothpaste"
T004122,"Coffee,Tea,Cookies"
T004123,"Butter,Milk,Ice_Cream,Yogurt,Chicken,Muffins,Cookies,Bread,Crackers,Detergent"
T004124,"Sugar,Coffee,Chips,Donuts,Frozen_Dinners,Chocolate,Bagels,Milk,Juice,Yogurt"
T004125,"Chocolate,Toothpaste,Dish_Soap,Frozen_Pizza"
T004126,"Butter,Lettuce,Chicken,Crackers"
T004127,"Butter,Bread,Oranges,Deodorant,Donuts,Shampoo"
T004128,"Toothpaste,Shampoo,Bagels,Chocolate,Trash_Bags,Nuts,Fish"
T004129,"Lettuce,Detergent,Turkey"
T004130,"Tomatoes,Hamburger_Buns,Beef,Bread,Frozen_Vegetables,Cookies,Ice_Cream,Deodorant,Frozen_Dinners,Fish"
T004131,"Croissants,Cream,Yogurt,Trash_Bags,Juice,Frozen_Dinners"
T004132,"Soap,Ice_Cream,Juice"
T004133,"Bananas,Milk,Nuts,Muffins,Croissants,Chips,Deodorant,Yogurt,Donuts,Dish_Soap"
T004134,"Frozen_Dinners,Toothpaste,Cheese,Soda,Crackers,Milk"
T004135,"Jelly,Bread,Tomatoes,Trash_Bags,Butter,Yogurt,Dish_Soap,Crackers"
T004136,"Peanut_Butter,Jelly,Lettuce,Coffee,Yogurt,Ice_Cream,Butter,Beef,Frozen_Vegetables"
T004137,"Cereal,Milk,Yogurt,Muffins,Butter,Pork,Beef,Coffee,Cream"
T004138,"Pork,Cookies,Paper_Towels"
T004139,"Milk,Bananas,Turkey,Ice_Cream,Frozen_Dinners,Lettuce"
T004140,"Trash_Bags,Deodorant"
T004141,"Bagels,Fish,Muffins,Croissants,Ice_Cream,Frozen_Dinners"
T004142,"Chicken,Cream,Bagels,Tomatoes"
T004143,"Trash_Bags,Pork,Oranges,Fish,Soap,Paper_Towels,Soda"
T004144,"Dish_Soap,Beef,Pork,Nuts"
T004145,"Chicken,Soap,Juice"
T004146,"Tomatoes,Bagels,Chicken,Bread,Turkey,Butter,Lettuce"
T004147,"Chicken,Vegetables,Deodorant,Cream,Ice_Cream,Toothpaste"
T004148,"Frozen_Vegetables,Butter"
T004149,"Lettuce,Hamburger_Buns,Tomatoes,Chicken,Apples,Deodorant"
T004150,"Cookies,Frozen_Vegetables"
T004151,"Donuts,Muffins"
T004152,"Chocolate_Syrup,Whipped_Cream,Soda,Ice_Cream,Juice,Bananas"
T004153,"Chocolate_Syrup,Ice_Cream,Trash_Bags,Frozen_Vegetables,Shampoo,Chocolate,Coffee"
T004154,"Bread,Peanut_Butter,Pork,Bananas,Frozen_Pizza,Lettuce,Chips,Cream,Milk,Water"
T004155,"Frozen_Vegetables,Ice_Cream,Chips,Nuts,Juice,Apples,Frozen_Dinners"
T004156,"Yogurt,Soap,Turkey,Coffee,Tea"
T004157,"Cheese,Frozen_Dinners,Bananas,Nuts"
T004158,"Crackers,Frozen_Pizza,Chicken,Deodorant,Toothpaste"
T004159,"Milk,Frozen_Vegetables,Toothpaste,Oranges,Nuts"
T004160,"Bagels,Shampoo,Milk,Frozen_Dinners"
T004161,"Bananas,Deodorant"
T004162,"Soap,Yogurt,Bread,Ice_Cream,Cream,Crackers"
T004163,"Soap,Crackers,Soda,Nuts,Dish_Soap"
T004164,"Yogurt,Beef,Shampoo,Chocolate,Donuts,Tomatoes"
T004165,"Bagels,Trash_Bags"
T004166,"Chicken,Apples,Tomatoes,Shampoo"
T004167,"Ice_Cream,Tomatoes,Bagels"
T004168,"Milk,Cereal,Deodorant,Cheese"
T004169,"Milk,Butter,Cream"
T004170,"Trash_Bags,Frozen_Vegetables,Detergent,Muffins,Deodorant,Nuts"
T004171,"Chocolate_Syrup,Ice_Cream,Soda,Trash_Bags,Fish,Water"
T004172,"Bananas,Butter,Frozen_Vegetables,Milk,Cream"
T004173,"Soda,Chips,Frozen_Pizza,Donuts,Juice,Milk"
T004174,"Juice,Paper_Towels,Apples,Cream,Milk,Turkey,Nuts"
T004175,"Cream,Coffee,Juice,Soda,Bananas,Bread"
T004176,"Chips,Beer,Crackers,Ice_Cream,Deodorant,Shampoo,Dish_Soap"
T004177,"Detergent,Paper_Towels,Yogurt,Milk"
T004178,"Bread,Peanut_Butter,Trash_Bags,Water,Ice_Cream,Soap,Beef,Butter,Cheese"
T004179,"Ice_Cream,Bananas"
T004180,"Chocolate_Syrup,Ice_Cream,Butter,Milk,Water,Yogurt"
T004181,"Chicken,Nuts,Juice,Beef,Shampoo,Detergent"
T004182,"Milk,Butter,Ice_Cream,Shampoo,Frozen_Pizza,Crackers,Toothpaste,Paper_Towels,Deodorant,Nuts"
T004183,"Milk,Water,Apples,Deodorant,Ice_Cream,Trash_Bags,Chocolate"
T004184,"Turkey,Cream,Oranges,Milk"
T004185,"Frozen_Dinners,Milk"
T004186,"Cheese,Tomato_Sauce,Toothpaste,Muffins,Paper_Towels,Tea,Crackers,Apples"
T004187,"Bread,Milk,Paper_Towels,Bananas,Crackers"
T004188,"Bread,Butter,Toothpaste,Frozen_Pizza,Deodorant,Nuts"
T004189,"Deodorant,Muffins,Oranges,Paper_Towels,Butter,Cookies,Frozen_Dinners,Chips"
T004190,"Muffins,Frozen_Dinners,Bagels,Pork,Chips"
T004191,"Dish_Soap,Frozen_Dinners,Frozen_Pizza,Yogurt,Tomatoes,Deodorant,Soda"
T004192,"Frozen_Dinners,Croissants,Water,Turkey,Tea,Coffee,Paper_Towels,Apples"
T004193,"Detergent,Paper_Towels,Bananas,Trash_Bags,Water"
T004194,"Bananas,Milk,Toothpaste,Soda,Croissants,Soap"
T004195,"Toothpaste,Trash_Bags"
T004196,"Fish,Yogurt"
T004197,"Bread,Ice_Cream,Coffee,Juice,Frozen_Dinners"
T004198,"Bread,Jelly,Chips,Dish_Soap,Cheese,Beef,Chocolate,Chicken,Pork,Tomatoes"
T004199,"Coffee,Croissants,Apples,Chocolate,Cheese,Oranges,Bread,Frozen_Vegetables"
T004200,"Nuts,Fish,Frozen_Pizza"
T004201,"Trash_Bags,Nuts"
T004202,"Lettuce,Dish_Soap,Trash_Bags,Tea,Chocolate"
T004203,"Shampoo,Bread,Beef,Muffins,Cookies,Ice_Cream"
T004204,"Pork,Fish,Milk,Bananas,Juice"
T004205,"Cheese,Bagels,Trash_Bags,Ice_Cream,Pork"
T004206,"Bagels,Bread,Donuts,Deodorant,Tea,Pork,Trash_Bags"
T004207,"Apples,Deodorant,Lettuce,Tea,Pork,Cream"
T004208,"Lettuce,Deodorant,Paper_Towels,Muffins"
T004209,"Ice_Cream,Whipped_Cream,Coffee,Cookies,Crackers,Pork,Milk,Croissants,Apples,Chocolate"
T004210,"Tomatoes,Crackers,Chicken,Bananas,Dish_Soap"
T004211,"Ice_Cream,Bagels,Shampoo,Chicken,Soda"
T004212,"Soap,Turkey,Frozen_Vegetables,Detergent"
T004213,"Tea,Frozen_Pizza,Frozen_Dinners,Nuts"
T004214,"Whipped_Cream,Ice_Cream,Bananas,Oranges,Fish,Paper_Towels"
T004215,"Juice,Pork,Bagels,Cream,Crackers,Chicken"
T004216,"Muffins,Cookies,Chocolate,Chicken,Deodorant,Donuts,Toothpaste,Frozen_Vegetables"
T004217,"Soda,Dip,Bread,Water,Muffins,Frozen_Vegetables,Cream,Frozen_Pizza,Tea"
T004218,"Coffee,Beef,Frozen_Dinners,Muffins"
T004219,"Salsa,Chips,Soda,Water,Nuts"
T004220,"Soap,Juice,Shampoo,Muffins,Toothpaste,Crackers,Donuts"
T004221,"Lettuce,Donuts,Croissants,Milk"
T004222,"Pork,Cream"
T004223,"Water,Shampoo"
T004224,"Chips,Salsa,Chicken,Dish_Soap,Butter,Juice"
T004225,"Butter,Bread,Oranges,Ice_Cream"
T004226,"Chocolate,Turkey,Croissants,Frozen_Pizza,Chicken,Water"
T004227,"Tea,Water,Juice,Donuts,Bread,Cookies"
T004228,"Detergent,Chicken,Cheese,Dish_Soap"
T004229,"Pasta,Tomato_Sauce,Lettuce,Cookies,Cheese"
T004230,"Whipped_Cream,Chocolate_Syrup,Chocolate,Donuts,Cream,Chicken,Frozen_Dinners"
T004231,"Juice,Crackers"
T004232,"Soda,Dip,Fish,Croissants,Chips"
T004233,"Oranges,Tomatoes"
T004234,"Fish,Bananas,Cream,Muffins,Water"
T004235,"Tomatoes,Cookies,Apples,Nuts,Water,Dish_Soap,Ice_Cream"
T004236,"Tea,Bread,Frozen_Vegetables,Frozen_Dinners"
T004237,"Milk,Cream,Chicken,Water,Frozen_Vegetables,Detergent,Apples,Turkey"
T004238,"Chicken,Vegetables,Cream,Dish_Soap,Bagels,Tea,Turkey"
T004239,"Croissants,Chips,Turkey,Trash_Bags,Dish_Soap,Chicken,Donuts"
T004240,"Nuts,Juice,Water"
T004241,"Beef,Coffee,Fish,Chocolate,Trash_Bags"
T004242,"Dish_Soap,Milk,Tomatoes"
T004243,"Nuts,Dish_Soap,Cream,Cheese,Chips"
T004244,"Crackers,Soap,Toothpaste,Tea,Bagels,Tomatoes"
T004245,"Deodorant,Frozen_Vegetables,Paper_Towels"
T004246,"Soda,Dip,Butter,Milk"
T004247,"Soap,Toothpaste,Soda,Detergent,Trash_Bags"
T004248,"Toothpaste,Croissants,Beef"
T004249,"Tomato_Sauce,Cheese,Fish,Croissants,Chocolate,Cookies,Frozen_Dinners,Butter"
T004250,"Detergent,Bread,Shampoo,Donuts"
T004251,"Dish_Soap,Croissants,Ice_Cream,Frozen_Dinners,Tomatoes,Beef,Shampoo"
T004252,"Coffee,Soda,Soap,Paper_Towels"
T004253,"Chips,Tea,Soap,Chicken,Deodorant,Donuts"
T004254,"Ice_Cream,Bagels"
T004255,"Yogurt,Shampoo,Detergent,Paper_Towels"
T004256,"Tomatoes,Yogurt,Apples"
T004257,"Tomato_Sauce,Cheese,Chips,Soda,Paper_Towels,Frozen_Dinners"
T004258,"Trash_Bags,Butter,Toothpaste"
T004259,"Turkey,Tomatoes,Cookies,Trash_Bags,Frozen_Pizza,Paper_Towels,Bagels,Juice"
T004260,"Lettuce,Muffins"
T004261,"Fish,Ice_Cream"
T004262,"Salsa,Beer,Donuts,Bananas,Frozen_Pizza"
T004263,"Peanut_Butter,Jelly,Cream,Butter,Chips,Frozen_Dinners,Beef,Frozen_Pizza,Juice"
T004264,"Detergent,Water,Paper_Towels,Ice_Cream,Toothpaste,Tea"
T004265,"Chocolate,Soap"
T004266,"Salsa,Chips,Juice,Milk,Donuts,Chicken,Oranges,Chocolate,Tea"
T004267,"Water,Bagels,Milk,Frozen_Vegetables"
T004268,"Chips,Salsa,Muffins"
T004269,"Dip,Soda,Butter,Chocolate,Dish_Soap,Deodorant,Bread,Bagels"
T004270,"Water,Tea,Toothpaste,Yogurt,Croissants,Trash_Bags,Bananas,Fish"
T004271,"Bananas,Milk,Paper_Towels,Detergent"
T004272,"Pork,Soda,Frozen_Pizza,Deodorant,Bananas"
T004273,"Whipped_Cream,Chocolate_Syrup,Yogurt,Ice_Cream,Apples,Tomatoes,Bread,Pork,Croissants"
T004274,"Chocolate_Syrup,Ice_Cream,Paper_Towels,Detergent,Toothpaste,Yogurt,Cheese,Juice"
T004275,"Toothpaste,Dish_Soap"
T004276,"Lettuce,Pork,Butter,Tea,Yogurt,Oranges,Paper_Towels,Chips"
T004277,"Muffins,Butter,Soap"
T004278,"Rice,Vegetables,Tomatoes,Crackers,Toothpaste,Beef,Bagels"
T004279,"Apples,Muffins,Frozen_Pizza"
T004280,"Paper_Towels,Fish,Pork,Donuts,Shampoo,Soap"
T004281,"Trash_Bags,Pork,Cream,Nuts"
T004282,"Frozen_Pizza,Paper_Towels"
T004283,"Crackers,Cookies,Yogurt,Tea,Water,Tomatoes"
T004284,"Cheese,Bread,Apples,Beef"
T004285,"Soda,Oranges,Frozen_Pizza,Deodorant,Frozen_Vegetables"
T004286,"Frozen_Vegetables,Pork"
T004287,"Water,Bagels,Frozen_Dinners,Ice_Cream,Tea"
T004288,"Chips,Trash_Bags,Paper_Towels"
T004289,"Chocolate_Syrup,Ice_Cream,Fish,Juice,Muffins,Soda,Frozen_Vegetables"
T004290,"Crackers,Tomatoes,Donuts,Soda,Coffee"
T004291,"Water,Nuts,Donuts"
T004292,"Chocolate,Nuts,Croissants,Frozen_Dinners,Trash_Bags,Shampoo,Milk"
T004293,"Lettuce,Tomatoes,Beef,Fish,Cream,Dish_Soap,Shampoo,Frozen_Dinners,Paper_Towels,Tea"
T004294,"Pasta,Tomato_Sauce,Frozen_Dinners,Bananas,Crackers,Tomatoes,Bread,Lettuce"
T004295,"Bananas,Cereal,Detergent,Coffee,Toothpaste,Frozen_Dinners"
T004296,"Apples,Cheese,Soap"
T004297,"Coffee,Water,Chips,Nuts,Frozen_Pizza,Chicken"
T004298,"Apples,Toothpaste"
T004299,"Cream,Coffee,Deodorant,Paper_Towels,Beef,Detergent,Crackers"
T004300,"Paper_Towels,Apples"
T004301,"Ice_Cream,Chocolate_Syrup,Bagels,Shampoo,Crackers"
T004302,"Chips,Bananas,Apples,Paper_Towels,Turkey,Toothpaste,Soda"
T004303,"Hamburger_Buns,Lettuce,Croissants,Shampoo,Beef"
T004304,"Whipped_Cream,Ice_Cream,Apples,Juice,Pork,Cream,Chips"
T004305,"Frozen_Dinners,Bread,Trash_Bags,Coffee,Muffins"
T004306,"Dish_Soap,Donuts,Bagels,Soda,Coffee,Shampoo,Apples,Trash_Bags"
T004307,"Paper_Towels,Nuts,Yogurt"
T004308,"Milk,Bread,Detergent,Soda,Deodorant"
T004309,"Bagels,Chocolate,Donuts,Ice_Cream,Turkey,Chips"
T004310,"Tea,Frozen_Dinners,Chocolate"
T004311,"Chips,Donuts,Cream,Frozen_Dinners,Muffins,Nuts,Yogurt"
T004312,"Chips,Dip,Chicken,Butter"
T004313,"Lettuce,Turkey,Butter,Muffins,Deodorant,Chips"
T004314,"Butter,Bread,Cream,Soap,Apples,Pork,Croissants,Tea"
T004315,"Water,Bagels,Butter,Soda,Frozen_Vegetables,Deodorant,Muffins,Nuts"
T004316,"Chips,Milk,Muffins,Deodorant,Dish_Soap,Apples"
T004317,"Frozen_Pizza,Milk,Soda,Chicken,Bagels,Ice_Cream"
T004318,"Chocolate_Syrup,Ice_Cream,Donuts,Muffins,Bananas,Deodorant,Pork"
T004319,"Milk,Bread,Frozen_Dinners,Oranges,Lettuce,Deodorant,Tomatoes,Beef"
T004320,"Salsa,Beer,Cookies,Nuts,Butter"
T004321,"Milk,Chicken,Detergent,Donuts,Bread,Nuts"
T004322,"Jelly,Bread,Beef,Milk"
T004323,"Bagels,Deodorant,Water"
T004324,"Milk,Apples,Frozen_Pizza,Soda"
T004325,"Beer,Salsa,Nuts,Coffee,Cheese,Lettuce,Tea,Bread,Water"
T004326,"Soda,Crackers,Trash_Bags,Chicken,Pork,Beef,Toothpaste"
T004327,"Frozen_Dinners,Oranges,Frozen_Pizza,Cheese,Coffee,Toothpaste,Yogurt"
T004328,"Beef,Lettuce"
T004329,"Peanut_Butter,Bread,Butter,Tea,Apples,Frozen_Dinners"
T004330,"Tea,Turkey"
T004331,"Bananas,Shampoo,Coffee,Croissants,Toothpaste"
T004332,"Donuts,Yogurt,Ice_Cream,Tomatoes,Cookies,Croissants,Frozen_Pizza"
T004333,"Nuts,Tomatoes,Tea,Detergent"
T004334,"Lettuce,Beef,Tomatoes,Chocolate,Trash_Bags,Fish,Shampoo"
T004335,"Soap,Detergent"
T004336,"Bananas,Cream"
T004337,"Donuts,Turkey,Ice_Cream,Shampoo,Frozen_Dinners,Lettuce,Bananas"
T004338,"Croissants,Trash_Bags,Crackers,Chocolate,Apples,Beef"
T004339,"Soap,Deodorant,Oranges,Yogurt,Chicken"
T004340,"Cereal,Bananas,Ice_Cream,Coffee,Toothpaste,Juice,Chocolate,Fish"
T004341,"Beef,Cookies,Tomatoes,Detergent,Water,Bagels,Tea"
T004342,"Crackers,Frozen_Vegetables,Tea,Croissants,Soap,Ice_Cream,Bread"
T004343,"Water,Frozen_Dinners"
T004344,"Chocolate,Apples,Soda,Detergent,Water,Trash_Bags"
T004345,"Frozen_Dinners,Cookies,Apples"
T004346,"Frozen_Vegetables,Apples,Nuts,Frozen_Pizza,Frozen_Dinners,Ice_Cream"
T004347,"Detergent,Cookies,Ice_Cream,Chicken,Muffins,Beef,Crackers,Dish_Soap"
T004348,"Jelly,Peanut_Butter,Pork,Water,Trash_Bags,Detergent,Apples,Yogurt"
T004349,"Apples,Butter,Bagels,Lettuce"
T004350,"Lettuce,Fish"
T004351,"Tomatoes,Milk,Cream"
T004352,"Apples,Tea,Soap,Bagels"
T004353,"Bread,Frozen_Vegetables,Muffins,Beef,Cream,Crackers,Croissants,Ice_Cream"
T004354,"Peanut_Butter,Jelly,Fish,Paper_Towels,Chocolate"
T004355,"Tea,Shampoo,Chicken,Soap,Detergent,Tomatoes"
T004356,"Lettuce,Donuts,Croissants,Soda,Pork,Nuts"
T004357,"Toothpaste,Tomatoes,Chicken"
T004358,"Trash_Bags,Turkey"
T004359,"Salsa,Chips,Shampoo,Yogurt,Coffee,Toothpaste,Chicken,Nuts"
T004360,"Pasta,Tomato_Sauce,Beef,Deodorant,Butter"
T004361,"Frozen_Pizza,Trash_Bags,Cream,Frozen_Vegetables"
T004362,"Toothpaste,Apples,Fish,Detergent,Ice_Cream,Water,Juice"
T004363,"Cheese,Pork,Nuts,Trash_Bags,Donuts,Water,Chicken,Yogurt"
T004364,"Shampoo,Butter"
T004365,"Tomatoes,Butter,Beef,Muffins,Apples,Bagels,Chocolate,Coffee"
T004366,"Frozen_Vegetables,Beef,Yogurt,Frozen_Dinners"
T004367,"Bananas,Croissants,Pork,Toothpaste,Fish,Trash_Bags,Soap,Detergent"
T004368,"Chips,Dip,Deodorant,Paper_Towels,Soda,Chocolate,Frozen_Dinners,Detergent"
T004369,"Apples,Turkey"
T004370,"Cream,Fish,Croissants"
T004371,"Pasta,Tomato_Sauce,Chicken,Cream,Detergent,Dish_Soap,Apples,Beef,Pork,Toothpaste"
T004372,"Chips,Soda,Deodorant,Milk,Frozen_Vegetables,Turkey,Chicken,Shampoo,Tomatoes"
T004373,"Beef,Yogurt,Tea,Shampoo,Frozen_Vegetables,Chocolate,Deodorant,Fish"
T004374,"Shampoo,Crackers,Cookies,Paper_Towels,Nuts,Butter,Chicken"
T004375,"Croissants,Soap"
T004376,"Deodorant,Bagels"
T004377,"Frozen_Dinners,Trash_Bags,Turkey,Frozen_Vegetables,Toothpaste,Crackers,Oranges"
T004378,"Peanut_Butter,Bread,Coffee,Frozen_Vegetables,Chicken,Beef"
T004379,"Soap,Frozen_Dinners,Lettuce,Frozen_Pizza,Bananas"
T004380,"Butter,Bread,Oranges,Water"
T004381,"Detergent,Deodorant,Coffee"
T004382,"Tomatoes,Soap,Butter,Frozen_Pizza,Milk,Frozen_Vegetables"
T004383,"Tea,Coffee"
T004384,"Butter,Bread,Fish,Soda,Frozen_Dinners,Dish_Soap"
T004385,"Dish_Soap,Chocolate,Chicken,Bagels,Paper_Towels,Apples,Shampoo"
T004386,"Nuts,Frozen_Dinners,Yogurt"
T004387,"Juice,Soap,Turkey"
T004388,"Coffee,Frozen_Dinners,Lettuce"
T004389,"Apples,Coffee,Trash_Bags,Frozen_Dinners,Bananas"
T004390,"Juice,Tomatoes,Nuts,Paper_Towels,Cookies,Trash_Bags,Oranges"
T004391,"Whipped_Cream,Chocolate_Syrup,Water,Tomatoes,Pork,Paper_Towels,Fish,Cream,Frozen_Vegetables"
T004392,"Cheese,Chocolate,Detergent,Bread,Frozen_Dinners,Dish_Soap"
T004393,"Chocolate,Croissants,Donuts,Cream,Water,Pork,Chicken"
T004394,"Soap,Frozen_Dinners,Pork,Donuts,Detergent,Croissants,Toothpaste"
T004395,"Milk,Bread,Paper_Towels,Cream,Muffins,Chocolate,Croissants"
T004396,"Frozen_Dinners,Bread,Yogurt,Detergent,Butter,Frozen_Vegetables,Fish,Water"
T004397,"Milk,Butter,Juice,Muffins,Chicken,Soap,Frozen_Dinners,Nuts,Dish_Soap"
T004398,"Tea,Soap,Detergent,Deodorant,Nuts"
T004399,"Pasta,Tomato_Sauce,Bagels,Pork,Frozen_Dinners,Coffee"
T004400,"Milk,Beef,Pork,Cream,Deodorant,Frozen_Dinners"
T004401,"Soda,Dip,Toothpaste,Ice_Cream"
T004402,"Oranges,Soap"
T004403,"Milk,Bread,Frozen_Pizza,Juice,Oranges,Tea,Pork,Cookies"
T004404,"Frozen_Vegetables,Toothpaste,Donuts,Soda,Crackers,Chips"
T004405,"Sugar,Coffee,Chocolate,Tea,Trash_Bags"
T004406,"Ice_Cream,Cookies,Chicken"
T004407,"Shampoo,Butter,Croissants,Beef,Fish"
T004408,"Chips,Salsa,Frozen_Vegetables,Toothpaste,Beef,Cream"
T004409,"Bagels,Apples,Toothpaste,Chocolate,Tomatoes,Yogurt"
T004410,"Frozen_Dinners,Muffins,Trash_Bags,Coffee,Detergent,Nuts,Soap,Ice_Cream"
T004411,"Rice,Vegetables,Oranges,Yogurt,Deodorant,Pork"
T004412,"Coffee,Cream,Milk,Pork"
T004413,"Lettuce,Coffee,Muffins,Paper_Towels,Milk"
T004414,"Bread,Peanut_Butter,Apples,Toothpaste,Tomatoes"
T004415,"Bread,Bananas,Soda,Crackers,Milk,Apples"
T004416,"Nuts,Croissants,Bagels"
T004417,"Bread,Peanut_Butter,Cookies,Lettuce,Trash_Bags,Frozen_Vegetables"
T004418,"Pork,Cream,Juice,Dish_Soap,Crackers"
T004419,"Butter,Coffee,Ice_Cream"
T004420,"Oranges,Milk,Soda,Detergent,Bagels,Tomatoes,Deodorant"
T004421,"Vegetables,Rice,Trash_Bags,Muffins,Beef,Cream"
T004422,"Milk,Cereal,Nuts,Butter,Bread,Tea,Beef,Bananas"
T004423,"Croissants,Nuts,Toothpaste,Crackers,Ice_Cream,Frozen_Pizza"
T004424,"Bread,Fish,Cheese"
T004425,"Shampoo,Cookies,Oranges,Coffee,Muffins,Butter,Apples"
T004426,"Shampoo,Chicken,Ice_Cream,Frozen_Dinners"
T004427,"Beef,Hamburger_Buns,Muffins,Oranges,Trash_Bags"
T004428,"Sugar,Cream,Water,Juice,Frozen_Pizza,Detergent,Soda,Donuts"
T004429,"Milk,Bananas,Oranges,Frozen_Vegetables"
T004430,"Juice,Frozen_Dinners,Soda,Frozen_Vegetables,Apples,Cream,Soap"
T004431,"Paper_Towels,Nuts,Tomatoes"
T004432,"Bananas,Cereal,Cookies,Cheese,Shampoo,Fish"
T004433,"Coffee,Sugar,Croissants,Juice,Frozen_Vegetables"
T004434,"Turkey,Paper_Towels"
T004435,"Bananas,Milk,Coffee,Ice_Cream,Juice,Chips,Chocolate"
T004436,"Butter,Milk,Tea,Croissants,Bread,Oranges,Juice,Fish"
T004437,"Chocolate_Syrup,Ice_Cream,Milk,Dish_Soap"
T004438,"Whipped_Cream,Chocolate_Syrup,Lettuce,Bananas,Juice,Beef,Butter"
T004439,"Shampoo,Frozen_Pizza,Beef,Croissants,Yogurt,Bananas"
T004440,"Tomatoes,Pork,Paper_Towels,Dish_Soap,Apples,Nuts,Fish,Shampoo"
T004441,"Frozen_Pizza,Frozen_Vegetables,Coffee,Bread,Chocolate,Fish"
T004442,"Detergent,Juice,Donuts,Frozen_Dinners,Chocolate,Yogurt,Muffins"
T004443,"Ice_Cream,Soap,Shampoo,Chips,Chicken,Pork"
T004444,"Dip,Soda,Cookies,Pork,Butter,Crackers,Nuts,Yogurt,Water,Bananas"
T004445,"Toothpaste,Detergent,Deodorant,Butter,Cream"
T004446,"Crackers,Turkey,Cream,Dish_Soap,Cheese,Chips"
T004447,"Cookies,Pork,Beef,Lettuce,Shampoo"
T004448,"Toothpaste,Chips,Dish_Soap,Paper_Towels,Soap,Nuts,Coffee"
T004449,"Croissants,Dish_Soap,Fish,Donuts"
T004450,"Tomato_Sauce,Pasta,Water,Pork,Cheese,Chips"
T004451,"Paper_Towels,Detergent,Frozen_Dinners,Trash_Bags,Pork,Bread"
T004452,"Tomato_Sauce,Cheese,Shampoo,Muffins,Frozen_Vegetables,Frozen_Dinners,Detergent,Paper_Towels,Soda"
T004453,"Jelly,Bread,Chocolate,Chips,Cream,Nuts,Apples,Tomatoes"
T004454,"Chocolate,Chips,Detergent,Soda,Tea,Fish,Oranges"
T004455,"Donuts,Coffee"
T004456,"Trash_Bags,Croissants,Detergent,Dish_Soap,Apples,Soap"
T004457,"Pasta,Cheese,Coffee,Nuts,Beef,Ice_Cream,Crackers,Chips,Cream"
T004458,"Rice,Vegetables,Cheese,Turkey,Nuts,Milk"
T004459,"Jelly,Peanut_Butter,Cookies,Dish_Soap"
T004460,"Chips,Soap,Apples"
T004461,"Chocolate_Syrup,Whipped_Cream,Deodorant,Tomatoes"
T004462,"Trash_Bags,Bread,Tomatoes,Milk,Bagels,Yogurt"
T004463,"Trash_Bags,Coffee,Cookies,Fish,Tea,Apples,Juice,Deodorant"
T004464,"Cheese,Butter,Croissants,Lettuce,Chocolate,Shampoo"
T004465,"Turkey,Chips,Bagels,Cheese,Dish_Soap"
T004466,"Apples,Ice_Cream,Chicken"
T004467,"Beer,Salsa,Milk,Tea"
T004468,"Beef,Frozen_Pizza,Turkey,Croissants"
T004469,"Toothpaste,Donuts"
T004470,"Cream,Sugar,Beef,Trash_Bags,Oranges"
T004471,"Butter,Apples,Tomatoes"
T004472,"Chocolate,Soap"
T004473,"Toothpaste,Bananas,Soap,Tea"
T004474,"Coffee,Turkey,Pork,Soda,Muffins"
T004475,"Milk,Nuts,Chocolate"
T004476,"Croissants,Donuts"
T004477,"Vegetables,Rice,Frozen_Dinners,Detergent,Tomatoes"
T004478,"Detergent,Fish"
T004479,"Tomatoes,Donuts"
T004480,"Trash_Bags,Tea,Juice,Chips,Muffins,Tomatoes"
T004481,"Frozen_Vegetables,Ice_Cream"
T004482,"Crackers,Deodorant"
T004483,"Ice_Cream,Cookies,Frozen_Pizza,Tomatoes"
T004484,"Bananas,Crackers,Detergent,Chicken,Ice_Cream,Tomatoes"
T004485,"Paper_Towels,Cookies,Shampoo,Oranges"
T004486,"Apples,Frozen_Pizza,Chocolate,Cream,Soap,Bananas"
T004487,"Soda,Chips,Soap,Oranges,Frozen_Pizza"
T004488,"Beer,Salsa,Chips,Toothpaste,Frozen_Dinners,Soap,Frozen_Vegetables,Butter"
T004489,"Frozen_Vegetables,Soap,Croissants"
T004490,"Vegetables,Rice,Trash_Bags,Tea,Oranges,Lettuce,Shampoo,Cookies,Crackers"
T004491,"Cheese,Tomato_Sauce,Paper_Towels,Ice_Cream,Deodorant,Bagels,Bread,Tomatoes,Pork"
T004492,"Paper_Towels,Butter,Pork,Trash_Bags,Frozen_Vegetables"
T004493,"Coffee,Sugar,Ice_Cream,Paper_Towels"
T004494,"Soap,Dish_Soap,Cheese,Lettuce,Shampoo,Bread"
T004495,"Detergent,Shampoo"
T004496,"Frozen_Vegetables,Croissants,Beef"
T004497,"Vegetables,Rice,Soda,Detergent,Deodorant,Coffee"
T004498,"Frozen_Vegetables,Ice_Cream,Juice,Shampoo,Tomatoes,Milk,Nuts"
T004499,"Dip,Soda,Trash_Bags,Lettuce,Paper_Towels,Tea"
T004500,"Chicken,Tea"
T004501,"Deodorant,Frozen_Pizza,Pork"
T004502,"Cookies,Shampoo,Tea,Butter,Croissants,Fish"
T004503,"Fish,Frozen_Pizza,Yogurt"
T004504,"Chocolate,Toothpaste"
T004505,"Chocolate,Dish_Soap,Trash_Bags,Oranges"
T004506,"Whipped_Cream,Chocolate_Syrup,Ice_Cream,Cheese,Pork"
T004507,"Lettuce,Toothpaste,Shampoo,Cheese,Detergent"
T004508,"Rice,Vegetables,Toothpaste,Muffins"
T004509,"Donuts,Toothpaste"
T004510,"Beef,Ice_Cream,Pork"
T004511,"Sugar,Coffee,Frozen_Pizza,Detergent,Milk,Deodorant,Shampoo,Croissants,Crackers"
T004512,"Soap,Beef"
T004513,"Yogurt,Deodorant,Lettuce,Muffins,Beef,Tomatoes"
T004514,"Chocolate,Dish_Soap"
T004515,"Coffee,Cream,Juice,Toothpaste,Chocolate,Milk"
T004516,"Bread,Chips,Chicken,Oranges,Cheese,Turkey,Trash_Bags"
T004517,"Ice_Cream,Detergent,Lettuce,Trash_Bags,Frozen_Pizza,Fish"
T004518,"Bread,Peanut_Butter,Trash_Bags,Water,Coffee,Nuts,Milk,Bagels,Dish_Soap"
T004519,"Detergent,Nuts,Water,Butter,Beef,Cheese,Deodorant"
T004520,"Bread,Butter,Trash_Bags,Cream"
T004521,"Donuts,Frozen_Dinners,Beef,Cream"
T004522,"Soap,Bagels,Milk,Soda,Water,Donuts"
T004523,"Dip,Soda,Bananas,Dish_Soap,Shampoo,Deodorant,Cookies"
T004524,"Pasta,Cheese,Deodorant,Croissants,Soap"
T004525,"Turkey,Frozen_Pizza,Ice_Cream,Bread,Oranges,Paper_Towels,Dish_Soap"
T004526,"Dish_Soap,Coffee"
T004527,"Soda,Nuts,Ice_Cream,Bananas"
T004528,"Bread,Detergent,Yogurt"
T004529,"Chocolate,Toothpaste"
T004530,"Coffee,Frozen_Pizza,Beef,Bread"
T004531,"Donuts,Nuts,Bagels,Yogurt,Oranges"
T004532,"Yogurt,Beef,Oranges,Bananas,Coffee"
T004533,"Bread,Chocolate,Croissants,Paper_Towels,Bananas,Bagels,Oranges"
T004534,"Bread,Jelly,Juice,Frozen_Dinners,Muffins,Bananas,Pork,Detergent"
T004535,"Soda,Cheese,Juice,Chicken,Dish_Soap,Frozen_Dinners,Beef"
T004536,"Muffins,Oranges"
T004537,"Tea,Apples,Ice_Cream,Dish_Soap,Deodorant,Coffee,Croissants"
T004538,"Chocolate,Croissants,Juice"
T004539,"Whipped_Cream,Ice_Cream,Trash_Bags,Soap,Frozen_Vegetables,Chocolate,Frozen_Pizza"
T004540,"Tomatoes,Chicken,Oranges,Paper_Towels"
T004541,"Soap,Frozen_Vegetables,Lettuce,Dish_Soap,Beef,Juice,Ice_Cream"
T004542,"Hamburger_Buns,Lettuce,Crackers,Yogurt,Oranges,Tomatoes,Bananas"
T004543,"Trash_Bags,Chicken,Frozen_Vegetables,Apples,Croissants,Water"
T004544,"Turkey,Apples,Water,Chips,Paper_Towels,Dish_Soap,Milk,Lettuce"
T004545,"Fish,Soap,Pork,Frozen_Vegetables"
T004546,"Ice_Cream,Bagels"
T004547,"Muffins,Bananas,Croissants,Cream"
T004548,"Butter,Bread,Dish_Soap"
T004549,"Frozen_Vegetables,Milk,Shampoo,Fish"
T004550,"Croissants,Milk"
T004551,"Apples,Beef"
T004552,"Coffee,Chicken,Cookies,Soda,Bananas"
T004553,"Whipped_Cream,Chocolate_Syrup,Croissants,Tea,Deodorant,Toothpaste,Yogurt,Fish,Turkey"
T004554,"Toothpaste,Butter,Juice,Ice_Cream,Cookies,Muffins,Detergent,Frozen_Pizza"
T004555,"Coffee,Turkey,Soap,Frozen_Vegetables"
T004556,"Oranges,Dish_Soap,Muffins,Fish,Detergent,Shampoo"
T004557,"Shampoo,Cookies,Toothpaste,Butter,Frozen_Dinners,Cheese"
T004558,"Bread,Jelly,Tea,Muffins,Soda"
T004559,"Trash_Bags,Apples,Cheese,Deodorant,Cookies,Chicken"
T004560,"Bread,Butter,Yogurt,Cream,Soap"
T004561,"Bread,Croissants,Cookies,Crackers,Turkey,Yogurt,Frozen_Vegetables,Frozen_Pizza"
T004562,"Chicken,Vegetables,Cream,Bananas,Water,Toothpaste,Milk,Chips"
T004563,"Chicken,Tea,Dish_Soap"
T004564,"Paper_Towels,Yogurt"
T004565,"Salsa,Chips,Soda,Yogurt,Trash_Bags"
T004566,"Chips,Dip,Bananas,Oranges,Yogurt,Tea,Frozen_Vegetables,Crackers,Bagels"
T004567,"Dish_Soap,Tomatoes,Apples,Crackers,Oranges,Coffee"
T004568,"Bananas,Dish_Soap"
T004569,"Salsa,Beer,Frozen_Pizza,Soda"
T004570,"Crackers,Frozen_Pizza,Frozen_Vegetables,Deodorant,Toothpaste"
T004571,"Turkey,Donuts,Trash_Bags"
T004572,"Turkey,Ice_Cream,Deodorant,Shampoo,Pork"
T004573,"Dish_Soap,Pork,Ice_Cream,Chicken"
T004574,"Shampoo,Water,Dish_Soap,Lettuce,Butter"
T004575,"Whipped_Cream,Chocolate_Syrup,Chicken,Milk"
T004576,"Frozen_Pizza,Muffins,Frozen_Dinners,Coffee"
T004577,"Ice_Cream,Nuts,Frozen_Pizza,Bananas"
T004578,"Chips,Paper_Towels,Shampoo,Tomatoes,Turkey"
T004579,"Lettuce,Tomatoes,Pork"
T004580,"Ice_Cream,Deodorant,Butter,Frozen_Pizza,Bread,Lettuce,Fish"
T004581,"Coffee,Cream,Muffins,Crackers,Chips,Bread,Toothpaste"
T004582,"Oranges,Bagels,Muffins"
T004583,"Ice_Cream,Chocolate_Syrup,Trash_Bags,Milk,Bagels,Cheese,Juice,Toothpaste,Cream"
T004584,"Deodorant,Cream,Lettuce"
T004585,"Frozen_Dinners,Detergent,Cream,Pork,Muffins"
T004586,"Soda,Croissants"
T004587,"Frozen_Vegetables,Ice_Cream,Croissants"
T004588,"Ice_Cream,Crackers,Beef,Milk,Yogurt,Turkey"
T004589,"Cookies,Coffee,Paper_Towels"
T004590,"Turkey,Cream,Toothpaste,Bread,Nuts,Butter,Milk,Deodorant"
T004591,"Paper_Towels,Detergent"
T004592,"Cereal,Bananas,Bread,Toothpaste,Muffins"
T004593,"Ice_Cream,Whipped_Cream,Cheese,Soda,Coffee,Frozen_Vegetables,Muffins,Cookies"
T004594,"Bananas,Cereal,Deodorant,Chocolate,Juice"
T004595,"Frozen_Dinners,Bagels,Bread,Fish,Toothpaste"
T004596,"Tomatoes,Chocolate,Paper_Towels"
T004597,"Cheese,Apples,Muffins,Tea,Beef,Bagels,Cookies"
T004598,"Chips,Dip,Oranges,Bagels,Pork,Cream,Bananas,Frozen_Dinners,Beef"
T004599,"Beef,Turkey,Frozen_Dinners,Toothpaste,Cookies,Trash_Bags,Chicken,Shampoo"
T004600,"Tomatoes,Lettuce,Cookies,Bread,Croissants"
T004601,"Chicken,Coffee,Butter"
T004602,"Lettuce,Hamburger_Buns,Beef,Dish_Soap,Chicken"
T004603,"Turkey,Nuts,Pork,Frozen_Dinners"
T004604,"Tomato_Sauce,Pasta,Nuts,Chicken,Oranges,Chips,Lettuce,Tomatoes,Bread"
T004605,"Beef,Lettuce,Paper_Towels,Chips,Water,Oranges,Tomatoes,Bread"
T004606,"Yogurt,Water,Tomatoes,Ice_Cream,Tea,Deodorant,Crackers"
T004607,"Chips,Butter,Bagels,Apples,Frozen_Dinners,Juice,Fish"
T004608,"Dish_Soap,Tomatoes,Soap,Muffins,Ice_Cream,Yogurt"
T004609,"Bananas,Paper_Towels"
T004610,"Frozen_Dinners,Chips,Toothpaste,Donuts,Croissants,Soap"
T004611,"Cream,Sugar,Cookies,Shampoo,Cheese,Nuts,Chocolate,Paper_Towels"
T004612,"Soap,Tea,Paper_Towels"
T004613,"Cream,Coffee,Shampoo,Cheese,Crackers,Frozen_Pizza"
T004614,"Coffee,Cream,Cookies,Beef,Shampoo,Oranges"
T004615,"Ice_Cream,Cream,Chips,Croissants,Yogurt"
T004616,"Bananas,Water,Soda,Bagels"
T004617,"Coffee,Chips,Croissants,Toothpaste,Fish,Juice,Frozen_Pizza,Beef"
T004618,"Trash_Bags,Toothpaste,Beef,Apples,Frozen_Vegetables,Donuts,Water"
T004619,"Milk,Bread,Cream,Fish,Croissants,Pork,Turkey,Deodorant,Ice_Cream"
T004620,"Peanut_Butter,Bread,Cookies,Cream,Ice_Cream,Juice,Detergent"
T004621,"Frozen_Vegetables,Soda,Detergent"
T004622,"Cookies,Frozen_Dinners,Soda,Donuts,Detergent"
T004623,"Donuts,Frozen_Pizza"
T004624,"Nuts,Dish_Soap,Bread,Milk"
T004625,"Soap,Trash_Bags,Deodorant"
T004626,"Cream,Pork,Frozen_Vegetables"
T004627,"Oranges,Frozen_Dinners"
T004628,"Croissants,Turkey"
T004629,"Bagels,Muffins,Toothpaste,Frozen_Pizza,Oranges"
T004630,"Soap,Bananas,Bread,Frozen_Dinners,Beef,Trash_Bags"
T004631,"Muffins,Deodorant,Soap,Trash_Bags,Chips"
T004632,"Turkey,Cream"
T004633,"Muffins,Frozen_Vegetables,Trash_Bags,Paper_Towels"
T004634,"Pork,Frozen_Pizza,Frozen_Vegetables,Deodorant,Cheese,Shampoo,Frozen_Dinners,Bagels"
T004635,"Chocolate,Cookies"
T004636,"Chips,Pork,Ice_Cream,Paper_Towels,Crackers"
T004637,"Cookies,Bananas,Chocolate,Soda"
T004638,"Cheese,Pasta,Chicken,Trash_Bags,Soap,Coffee,Apples"
T004639,"Chicken,Vegetables,Soap,Toothpaste,Donuts,Cheese"
T004640,"Croissants,Cream,Bagels,Chips,Yogurt"
T004641,"Chocolate,Butter,Fish"
T004642,"Ice_Cream,Oranges"
T004643,"Soda,Chips,Chicken,Cookies,Paper_Towels,Yogurt"
T004644,"Cereal,Bananas,Fish,Frozen_Vegetables,Frozen_Pizza,Soap,Trash_Bags,Chips"
T004645,"Cheese,Shampoo,Oranges,Milk,Ice_Cream"
T004646,"Oranges,Soap,Muffins,Nuts,Bread"
T004647,"Chicken,Soap"
T004648,"Lettuce,Tomatoes,Bananas,Milk,Detergent,Chips"
T004649,"Cookies,Chocolate,Cheese,Turkey,Lettuce"
T004650,"Pork,Dish_Soap,Cheese,Ice_Cream,Crackers,Shampoo"
T004651,"Frozen_Pizza,Crackers,Muffins,Detergent,Cookies,Soda,Ice_Cream"
T004652,"Soap,Soda,Fish,Frozen_Pizza,Apples"
T004653,"Lettuce,Beef,Cookies,Chips,Toothpaste,Ice_Cream,Soda"
T004654,"Chicken,Nuts,Bread,Chocolate"
T004655,"Coffee,Lettuce,Nuts,Dish_Soap,Water,Croissants,Shampoo"
T004656,"Trash_Bags,Chips,Tomatoes,Frozen_Vegetables,Bread,Turkey,Bananas"
T004657,"Beer,Chips,Paper_Towels,Crackers"
T004658,"Cream,Sugar,Oranges,Juice,Frozen_Pizza,Turkey,Crackers,Butter,Frozen_Vegetables"
T004659,"Croissants,Chips,Tomatoes,Butter,Yogurt,Beef,Bananas,Soap"
T004660,"Deodorant,Toothpaste,Lettuce,Turkey,Frozen_Dinners"
T004661,"Whipped_Cream,Chocolate_Syrup,Crackers,Milk,Coffee,Bread,Nuts,Yogurt,Ice_Cream"
T004662,"Soda,Toothpaste,Pork,Turkey,Cheese,Oranges,Muffins,Croissants"
T004663,"Tea,Butter,Ice_Cream"
T004664,"Chocolate,Yogurt,Lettuce,Donuts,Frozen_Pizza,Butter"
T004665,"Cream,Oranges,Chocolate,Water,Beef,Lettuce,Coffee,Soap"
T004666,"Butter,Turkey,Bagels,Beef,Crackers,Frozen_Vegetables,Muffins,Bananas"
T004667,"Bread,Peanut_Butter,Turkey,Paper_Towels,Chips,Fish"
T004668,"Apples,Muffins,Toothpaste,Oranges,Croissants,Shampoo,Frozen_Vegetables"
T004669,"Toothpaste,Chicken,Trash_Bags,Cream,Butter,Cheese,Tomatoes"
T004670,"Soda,Bagels,Frozen_Pizza,Apples,Milk"
T004671,"Chicken,Vegetables,Oranges,Frozen_Dinners,Cookies,Paper_Towels,Tea,Pork"
T004672,"Toothpaste,Donuts"
T004673,"Sugar,Cream,Toothpaste,Frozen_Dinners,Oranges,Beef,Pork,Trash_Bags"
T004674,"Beef,Lettuce,Tomatoes,Paper_Towels,Deodorant,Fish,Soap,Apples,Donuts,Dish_Soap"
T004675,"Jelly,Bread,Nuts,Turkey"
T004676,"Dish_Soap,Chips,Cream,Soda,Muffins,Nuts,Milk"
T004677,"Apples,Milk"
T004678,"Dip,Chips,Toothpaste,Soap,Beef"
T004679,"Soda,Water,Beef,Bread,Coffee"
T004680,"Pasta,Tomato_Sauce,Soap,Pork,Butter,Donuts,Frozen_Dinners,Paper_Towels,Bread,Soda"
T004681,"Cheese,Cookies,Frozen_Dinners"
T004682,"Frozen_Pizza,Croissants,Cookies,Toothpaste,Soda,Chocolate,Apples"
T004683,"Apples,Frozen_Dinners,Tea,Shampoo,Bread"
T004684,"Cereal,Milk,Chocolate,Fish,Beef,Apples,Trash_Bags,Muffins,Shampoo"
T004685,"Lettuce,Donuts,Pork,Dish_Soap,Cream,Crackers,Coffee"
T004686,"Bread,Milk,Paper_Towels,Deodorant,Apples,Juice,Fish,Frozen_Pizza"
T004687,"Yogurt,Chocolate,Shampoo,Oranges,Toothpaste"
T004688,"Shampoo,Pork,Chips"
T004689,"Dip,Soda,Cream,Trash_Bags"
T004690,"Pork,Chicken,Juice,Cookies,Bagels,Paper_Towels"
T004691,"Dish_Soap,Chips,Frozen_Vegetables,Tea,Bread,Soap"
T004692,"Chicken,Vegetables,Frozen_Vegetables,Muffins,Paper_Towels,Tea,Yogurt"
T004693,"Frozen_Vegetables,Milk"
T004694,"Butter,Apples"
T004695,"Lettuce,Hamburger_Buns,Dish_Soap,Chicken,Muffins,Turkey,Milk,Ice_Cream,Soda"
T004696,"Soda,Toothpaste,Trash_Bags,Oranges,Cookies,Deodorant,Juice,Ice_Cream"
T004697,"Muffins,Soda,Fish,Oranges,Dish_Soap,Detergent,Crackers"
T004698,"Chips,Coffee,Cookies,Apples,Deodorant,Frozen_Vegetables"
T004699,"Beef,Water,Cookies,Toothpaste,Bread"
T004700,"Croissants,Shampoo,Crackers,Frozen_Pizza"
T004701,"Jelly,Peanut_Butter,Frozen_Dinners,Chips,Chicken,Apples,Deodorant"
T004702,"Pork,Toothpaste"
T004703,"Cheese,Pasta,Croissants,Muffins,Tea,Juice"
T004704,"Shampoo,Muffins,Ice_Cream,Soap,Yogurt,Bananas,Butter,Pork"
T004705,"Turkey,Nuts,Frozen_Pizza,Muffins"
T004706,"Hamburger_Buns,Beef,Lettuce,Crackers,Donuts,Dish_Soap,Coffee,Soap,Oranges,Ice_Cream,Bread"
T004707,"Soda,Frozen_Vegetables,Muffins,Coffee,Frozen_Pizza,Beef"
T004708,"Donuts,Bananas,Bagels"
T004709,"Milk,Cookies,Pork,Ice_Cream,Tea,Turkey,Fish"
T004710,"Deodorant,Muffins,Bagels,Apples"
T004711,"Muffins,Chips"
T004712,"Whipped_Cream,Chocolate_Syrup,Paper_Towels,Dish_Soap,Trash_Bags,Ice_Cream"
T004713,"Bananas,Coffee,Cheese,Toothpaste"
T004714,"Bread,Jelly,Lettuce,Dish_Soap"
T004715,"Butter,Muffins,Tomatoes,Donuts,Crackers,Chips,Deodorant"
T004716,"Muffins,Donuts"
T004717,"Soda,Chips,Turkey,Croissants,Detergent,Apples,Oranges,Soap,Dish_Soap,Lettuce"
T004718,"Beef,Lettuce,Tomatoes,Frozen_Vegetables,Frozen_Pizza,Soda,Croissants,Juice,Chips"
T004719,"Bananas,Cereal,Butter,Oranges,Soap,Water,Tea,Toothpaste"
T004720,"Trash_Bags,Cheese,Fish,Deodorant,Lettuce"
T004721,"Toothpaste,Beef,Dish_Soap,Oranges,Cheese"
T004722,"Milk,Lettuce,Crackers,Ice_Cream"
T004723,"Muffins,Paper_Towels,Deodorant,Bananas,Apples,Crackers,Trash_Bags"
T004724,"Jelly,Peanut_Butter,Oranges,Coffee,Chips,Butter"
T004725,"Beef,Lettuce,Hamburger_Buns,Soda,Muffins,Bread,Nuts,Frozen_Dinners,Cream,Croissants"
T004726,"Bananas,Chips,Juice,Lettuce,Pork,Soda,Turkey"
T004727,"Milk,Bread,Detergent"
T004728,"Turkey,Chicken,Dish_Soap"
T004729,"Turkey,Muffins,Toothpaste,Pork"
T004730,"Pork,Butter"
T004731,"Croissants,Detergent,Milk,Bananas,Soda,Turkey,Tea"
T004732,"Oranges,Pork"
T004733,"Cookies,Bananas,Chicken,Paper_Towels,Butter"
T004734,"Chicken,Fish,Shampoo,Bananas,Frozen_Pizza,Soap,Chips"
T004735,"Frozen_Dinners,Croissants,Tomatoes,Soda,Milk,Paper_Towels,Frozen_Vegetables,Fish"
T004736,"Tomato_Sauce,Cheese,Cookies,Deodorant,Soap,Oranges,Frozen_Dinners,Butter"
T004737,"Croissants,Cookies,Soda,Beef,Ice_Cream,Frozen_Vegetables"
T004738,"Oranges,Lettuce"
T004739,"Juice,Tea,Pork,Ice_Cream,Bagels,Chicken"
T004740,"Muffins,Deodorant,Frozen_Pizza,Chips,Nuts,Toothpaste,Cream"
T004741,"Lettuce,Tomatoes,Beef,Soap,Bananas,Frozen_Dinners,Oranges,Yogurt"
T004742,"Milk,Cereal,Croissants,Chocolate,Toothpaste"
T004743,"Chips,Beef,Bagels,Soda,Coffee,Bananas,Oranges"
T004744,"Vegetables,Rice,Crackers,Oranges,Bananas,Frozen_Dinners,Cheese,Tea"
T004745,"Fish,Muffins,Dish_Soap,Detergent,Frozen_Vegetables,Oranges"
T004746,"Crackers,Bananas,Frozen_Pizza,Lettuce,Detergent"
T004747,"Tea,Paper_Towels,Detergent,Cookies,Bananas,Muffins,Dish_Soap,Bread"
T004748,"Deodorant,Frozen_Pizza"
T004749,"Soap,Frozen_Vegetables"
T004750,"Apples,Dish_Soap"
T004751,"Vegetables,Chicken,Chocolate,Cookies,Toothpaste,Bananas,Nuts,Soap,Milk,Detergent"
T004752,"Bread,Frozen_Vegetables,Muffins,Frozen_Pizza,Tomatoes,Deodorant"
T004753,"Cream,Sugar,Paper_Towels"
T004754,"Coffee,Cream,Frozen_Dinners,Shampoo,Toothpaste,Donuts,Crackers"
T004755,"Paper_Towels,Oranges"
T004756,"Frozen_Vegetables,Shampoo,Chips,Trash_Bags,Crackers,Paper_Towels,Milk,Deodorant"
T004757,"Frozen_Dinners,Donuts,Nuts,Cheese,Ice_Cream,Crackers"
T004758,"Cookies,Toothpaste,Beef,Detergent,Muffins,Lettuce,Frozen_Dinners"
T004759,"Beer,Chips,Lettuce,Soda,Shampoo,Fish,Butter"
T004760,"Hamburger_Buns,Lettuce,Tomatoes,Coffee,Soap,Bread,Chicken,Turkey,Butter"
T004761,"Cereal,Milk,Donuts,Bagels,Soap"
T004762,"Lettuce,Hamburger_Buns,Tomatoes,Bread,Cheese,Frozen_Vegetables,Muffins,Frozen_Pizza,Chips,Soap,Croissants"
T004763,"Cream,Coffee,Tomatoes,Ice_Cream,Bread,Detergent,Shampoo"
T004764,"Fish,Donuts,Butter,Soda,Lettuce"
T004765,"Tomato_Sauce,Cheese,Croissants,Soda,Cookies,Yogurt,Turkey,Muffins"
T004766,"Bananas,Fish,Frozen_Vegetables,Muffins"
T004767,"Pork,Soda,Fish,Water,Crackers,Toothpaste"
T004768,"Oranges,Shampoo,Tea,Butter,Apples,Coffee,Pork,Cookies"
T004769,"Dip,Soda,Soap,Fish,Coffee"
T004770,"Lettuce,Hamburger_Buns,Deodorant,Yogurt,Bananas,Butter,Soap,Nuts"
T004771,"Apples,Yogurt,Nuts,Bagels,Juice,Cookies,Shampoo"
T004772,"Chips,Dip,Oranges,Muffins,Bagels,Frozen_Dinners,Tomatoes,Detergent"
T004773,"Whipped_Cream,Ice_Cream,Chocolate,Frozen_Vegetables,Turkey"
T004774,"Croissants,Beef,Cheese"
T004775,"Beef,Yogurt"
T004776,"Toothpaste,Chocolate"
T004777,"Trash_Bags,Donuts,Bread,Pork,Frozen_Pizza"
T004778,"Cream,Sugar,Croissants,Tomatoes,Water,Butter"
T004779,"Bread,Peanut_Butter,Water,Pork,Juice,Milk,Coffee,Donuts"
T004780,"Cream,Sugar,Chips,Chicken,Shampoo,Tea,Water,Crackers,Soda,Nuts"
T004781,"Fish,Nuts,Ice_Cream,Soda"
T004782,"Bread,Jelly,Trash_Bags,Shampoo,Cookies"
T004783,"Butter,Tea,Toothpaste,Shampoo,Detergent,Cheese"
T004784,"Deodorant,Muffins,Cheese"
T004785,"Juice,Water,Toothpaste,Cheese,Coffee,Trash_Bags,Bread"
T004786,"Cookies,Turkey,Paper_Towels,Frozen_Vegetables"
T004787,"Detergent,Chips,Water"
T004788,"Milk,Cereal,Juice,Yogurt,Trash_Bags,Cream"
T004789,"Chips,Turkey,Donuts,Soap,Oranges,Chocolate"
T004790,"Ice_Cream,Frozen_Pizza,Tea,Shampoo,Frozen_Vegetables,Butter,Cream,Crackers"
T004791,"Shampoo,Bagels,Trash_Bags"
T004792,"Ice_Cream,Chocolate"
T004793,"Chips,Yogurt,Trash_Bags"
T004794,"Cereal,Milk,Coffee,Bananas,Muffins,Ice_Cream,Chicken,Tomatoes,Juice"
T004795,"Cookies,Deodorant,Shampoo,Detergent,Cheese,Trash_Bags"
T004796,"Oranges,Ice_Cream,Crackers,Milk,Turkey,Muffins,Pork"
T004797,"Water,Oranges,Donuts"
T004798,"Frozen_Vegetables,Frozen_Dinners,Tea,Tomatoes"
T004799,"Pasta,Cheese,Crackers,Frozen_Pizza,Toothpaste,Trash_Bags"
T004800,"Lettuce,Tomatoes"
T004801,"Cheese,Pasta,Tomatoes,Cream,Water,Tea,Juice"
T004802,Juice
T004803,"Shampoo,Detergent,Juice,Pork,Trash_Bags"
T004804,"Coffee,Beef,Bagels,Bananas"
T004805,"Chicken,Chips,Coffee,Tomatoes"
T004806,"Whipped_Cream,Chocolate_Syrup,Coffee,Ice_Cream,Cookies,Frozen_Vegetables,Water,Cheese"
T004807,"Turkey,Yogurt,Dish_Soap"
T004808,"Lettuce,Chicken,Nuts,Croissants,Crackers,Tomatoes"
T004809,"Tomatoes,Soap,Crackers,Toothpaste,Paper_Towels,Oranges"
T004810,"Lettuce,Yogurt"
T004811,"Pasta,Cheese,Nuts,Turkey,Trash_Bags,Apples,Dish_Soap,Toothpaste,Bananas"
T004812,"Soda,Soap,Butter,Shampoo,Oranges"
T004813,"Juice,Soap,Dish_Soap,Donuts,Pork"
T004814,"Deodorant,Detergent"
T004815,"Frozen_Dinners,Milk,Bread,Bagels,Cookies"
T004816,"Dip,Soda,Cream,Detergent,Bagels"
T004817,"Rice,Vegetables,Croissants,Tea,Muffins,Cookies,Cheese,Frozen_Pizza,Milk"
T004818,"Frozen_Pizza,Nuts,Ice_Cream,Chocolate,Cheese"
T004819,"Bananas,Trash_Bags,Bread"
T004820,"Milk,Butter,Dish_Soap"
T004821,"Crackers,Pork"
T004822,"Soap,Bananas,Muffins,Shampoo"
T004823,"Juice,Bagels"
T004824,"Tea,Chicken,Pork,Chips"
T004825,"Beef,Cream,Dish_Soap,Chicken,Milk,Yogurt"
T004826,"Coffee,Crackers"
T004827,"Salsa,Beer,Juice,Detergent"
T004828,"Deodorant,Lettuce,Shampoo,Yogurt,Beef"
T004829,"Cheese,Cream"
T004830,"Soda,Chips,Apples,Beef"
T004831,"Fish,Turkey,Detergent,Tomatoes"
T004832,"Frozen_Vegetables,Pork"
T004833,"Coffee,Juice,Toothpaste,Butter"
T004834,"Juice,Cookies,Toothpaste"
T004835,"Salsa,Beer,Dish_Soap,Chocolate,Bananas,Turkey"
T004836,"Deodorant,Fish,Tea,Shampoo,Soda"
T004837,"Soap,Ice_Cream,Deodorant,Yogurt,Bananas"
T004838,"Lettuce,Tomatoes,Deodorant,Coffee,Croissants,Bagels,Turkey,Soda"
T004839,"Chicken,Pork,Bagels,Turkey,Oranges,Bread,Ice_Cream"
T004840,"Ice_Cream,Chocolate_Syrup,Soap,Chips,Croissants,Muffins,Water"
T004841,"Water,Chocolate,Oranges,Cream,Donuts,Bread,Butter"
T004842,"Vegetables,Rice,Bread,Water,Chicken,Cream,Beef"
T004843,"Juice,Chicken,Frozen_Pizza"
T004844,"Hamburger_Buns,Beef,Butter,Yogurt,Oranges,Deodorant,Lettuce,Frozen_Dinners,Water"
T004845,"Frozen_Pizza,Frozen_Dinners,Detergent,Pork,Soap"
T004846,"Butter,Apples,Chicken,Beef"
T004847,"Tomato_Sauce,Cheese,Chocolate,Croissants,Oranges,Nuts,Apples"
T004848,"Paper_Towels,Cookies,Muffins,Crackers,Water,Fish,Frozen_Dinners"
T004849,"Toothpaste,Bananas,Soap,Beef,Soda,Bagels,Cheese"
T004850,"Frozen_Dinners,Milk,Chips,Toothpaste,Dish_Soap,Apples"
T004851,"Muffins,Dish_Soap,Paper_Towels,Detergent,Oranges,Tea,Lettuce,Bananas"
T004852,"Fish,Water,Bagels,Crackers,Beef,Donuts,Deodorant"
T004853,"Beef,Tomatoes,Lettuce,Chips,Fish,Deodorant"
T004854,"Butter,Bread,Trash_Bags,Cookies,Chips,Frozen_Vegetables,Crackers,Milk,Fish"
T004855,"Cereal,Bananas,Soap,Turkey,Cream,Trash_Bags"
T004856,"Salsa,Chips,Shampoo,Toothpaste,Tomatoes"
T004857,"Toothpaste,Crackers,Beef"
T004858,"Frozen_Dinners,Water,Cream,Donuts,Detergent,Chips,Deodorant"
T004859,"Shampoo,Turkey,Cream,Water,Detergent,Trash_Bags,Pork"
T004860,"Rice,Vegetables,Nuts,Cheese,Toothpaste,Water,Milk,Apples"
T004861,"Chocolate,Coffee,Toothpaste,Tomatoes,Cookies,Frozen_Pizza,Cheese"
T004862,"Dish_Soap,Chocolate,Shampoo"
T004863,"Detergent,Soap,Toothpaste,Ice_Cream,Tomatoes,Turkey,Chicken"
T004864,"Tomatoes,Hamburger_Buns,Croissants,Soap,Lettuce,Cheese"
T004865,"Jelly,Peanut_Butter,Tea,Toothpaste,Soap,Coffee,Frozen_Vegetables"
T004866,"Chocolate_Syrup,Whipped_Cream,Bread,Bananas,Trash_Bags"
T004867,"Coffee,Soap,Apples"
T004868,"Deodorant,Soda,Turkey,Cookies,Water,Oranges,Butter"
T004869,"Vegetables,Chicken,Frozen_Pizza,Muffins,Frozen_Dinners,Soap"
T004870,"Lettuce,Trash_Bags,Dish_Soap,Chicken,Chips"
T004871,"Soda,Butter,Chocolate,Oranges,Chicken,Apples,Coffee"
T004872,"Paper_Towels,Deodorant,Chips,Ice_Cream,Beef,Juice,Yogurt,Muffins"
T004873,"Coffee,Soda"
T004874,"Water,Toothpaste,Detergent"
T004875,"Turkey,Chips,Cookies,Muffins,Frozen_Pizza"
T004876,"Dish_Soap,Soda"
T004877,"Bread,Chicken,Crackers,Tea"
T004878,"Soap,Water,Tea,Apples,Frozen_Dinners,Detergent"
T004879,"Chicken,Rice,Tea,Soda,Dish_Soap,Water"
T004880,"Peanut_Butter,Bread,Bagels,Trash_Bags,Tomatoes"
T004881,"Tea,Soap,Frozen_Dinners,Dish_Soap,Apples,Tomatoes,Cookies,Ice_Cream"
T004882,"Chips,Lettuce,Turkey,Ice_Cream"
T004883,"Toothpaste,Shampoo,Frozen_Vegetables"
T004884,"Rice,Chicken,Chips,Cookies,Donuts,Muffins,Turkey,Tomatoes"
T004885,"Bananas,Cereal,Shampoo,Juice,Oranges,Dish_Soap,Pork"
T004886,"Coffee,Bagels,Turkey,Tomatoes,Trash_Bags,Muffins"
T004887,"Crackers,Butter"
T004888,"Frozen_Pizza,Oranges,Chicken,Tomatoes"
T004889,"Tea,Lettuce,Toothpaste,Paper_Towels,Chocolate"
T004890,"Salsa,Chips,Cheese,Milk,Beef"
T004891,"Soda,Deodorant,Muffins,Beef,Yogurt"
T004892,"Chicken,Rice,Tea,Nuts,Water,Shampoo,Toothpaste,Chocolate,Cream,Paper_Towels"
T004893,"Frozen_Pizza,Bananas,Soap"
T004894,"Frozen_Pizza,Water,Cookies"
T004895,"Bananas,Frozen_Vegetables,Detergent"
T004896,"Whipped_Cream,Chocolate_Syrup,Deodorant,Toothpaste,Fish,Trash_Bags,Chocolate,Soda"
T004897,"Coffee,Cream,Nuts,Shampoo,Bagels,Ice_Cream,Butter"
T004898,"Beef,Ice_Cream,Crackers,Pork,Trash_Bags,Frozen_Vegetables"
T004899,"Trash_Bags,Water"
T004900,"Beef,Tomatoes,Hamburger_Buns,Frozen_Vegetables,Nuts,Donuts,Detergent,Lettuce,Fish,Trash_Bags"
T004901,"Frozen_Vegetables,Oranges,Frozen_Pizza,Tea,Cream,Paper_Towels"
T004902,"Fish,Juice,Detergent,Soap,Turkey,Apples"
T004903,"Croissants,Muffins,Milk,Nuts"
T004904,"Milk,Butter,Soap,Oranges,Soda,Bananas"
T004905,"Apples,Oranges,Juice,Bananas,Trash_Bags,Crackers"
T004906,"Chips,Donuts,Trash_Bags,Frozen_Vegetables"
T004907,"Water,Nuts,Chicken,Deodorant"
T004908,"Apples,Cheese,Paper_Towels"
T004909,"Fish,Cheese,Trash_Bags,Soap"
T004910,"Toothpaste,Frozen_Vegetables,Soda,Frozen_Pizza,Beef"
T004911,"Fish,Frozen_Pizza,Coffee,Croissants,Cookies"
T004912,"Ice_Cream,Whipped_Cream,Trash_Bags,Paper_Towels,Chicken,Milk,Tomatoes"
T004913,"Jelly,Bread,Soap,Pork"
T004914,"Bananas,Cereal,Chicken,Frozen_Dinners,Fish,Lettuce,Bagels,Beef"
T004915,"Bread,Milk,Trash_Bags,Bagels,Yogurt,Pork,Donuts,Soap"
T004916,"Shampoo,Frozen_Dinners,Fish,Yogurt"
T004917,"Juice,Soda,Pork,Frozen_Dinners,Tea,Muffins,Donuts"
T004918,"Crackers,Nuts,Turkey,Lettuce,Pork"
T004919,"Tomatoes,Crackers,Paper_Towels"
T004920,"Bread,Chicken,Cheese,Apples"
T004921,"Milk,Bread,Frozen_Dinners,Toothpaste,Turkey,Soda,Shampoo,Coffee"
T004922,"Milk,Butter,Shampoo,Dish_Soap,Chocolate,Cheese,Paper_Towels"
T004923,"Fish,Deodorant,Butter,Pork"
T004924,"Frozen_Dinners,Tea,Milk"
T004925,"Cheese,Tomato_Sauce,Beef,Nuts,Crackers,Yogurt,Frozen_Pizza"
T004926,"Trash_Bags,Frozen_Pizza,Muffins,Shampoo,Apples"
T004927,"Butter,Cream,Fish,Oranges"
T004928,"Tomatoes,Toothpaste,Crackers,Pork,Frozen_Vegetables,Dish_Soap"
T004929,"Toothpaste,Yogurt,Beef,Frozen_Pizza,Trash_Bags,Croissants,Ice_Cream,Pork"
T004930,"Tomatoes,Bagels,Bread,Yogurt,Bananas"
T004931,"Toothpaste,Nuts,Detergent,Turkey,Ice_Cream,Butter,Shampoo"
T004932,"Crackers,Bread"
T004933,"Muffins,Frozen_Pizza,Toothpaste,Bread"
T004934,"Tomato_Sauce,Cheese,Soap,Ice_Cream"
T004935,"Paper_Towels,Frozen_Pizza,Tomatoes,Tea,Fish"
T004936,"Tomato_Sauce,Pasta,Frozen_Pizza,Paper_Towels,Muffins"
T004937,"Beef,Cheese,Chocolate,Turkey,Lettuce,Frozen_Pizza,Ice_Cream"
T004938,"Tomato_Sauce,Pasta,Frozen_Pizza,Bread,Trash_Bags,Cheese"
T004939,"Nuts,Apples,Fish"
T004940,"Ice_Cream,Cookies"
T004941,"Milk,Cereal,Water,Detergent,Shampoo"
T004942,"Pasta,Tomato_Sauce,Bagels,Chocolate,Soda"
T004943,"Dish_Soap,Cookies,Frozen_Pizza,Bread"
T004944,"Soap,Chocolate,Tomatoes,Paper_Towels"
T004945,"Cheese,Chicken,Frozen_Pizza,Beef,Soap,Paper_Towels,Donuts"
T004946,"Crackers,Yogurt,Fish"
T004947,"Butter,Muffins,Donuts"
T004948,"Beer,Salsa,Beef,Yogurt,Cookies,Crackers,Chocolate"
T004949,"Vegetables,Rice,Muffins,Crackers,Frozen_Dinners,Chips,Chicken,Trash_Bags"
T004950,"Toothpaste,Frozen_Dinners,Turkey"
T004951,"Deodorant,Donuts,Frozen_Vegetables,Pork"
T004952,"Frozen_Pizza,Chips,Toothpaste,Beef,Tomatoes"
T004953,"Water,Cookies,Oranges,Crackers,Tomatoes"
T004954,"Frozen_Dinners,Bananas,Detergent,Donuts,Soda,Chicken"
T004955,"Beef,Cheese,Coffee,Toothpaste"
T004956,"Soap,Lettuce,Yogurt,Croissants,Ice_Cream,Water,Frozen_Dinners"
T004957,"Tomato_Sauce,Cheese,Frozen_Dinners,Juice,Chips,Bread,Bananas,Tea,Coffee"
T004958,"Bread,Peanut_Butter,Paper_Towels,Trash_Bags,Frozen_Dinners,Oranges,Tomatoes"
T004959,"Bread,Butter,Cookies,Pork"
T004960,"Dip,Soda,Soap,Cookies,Dish_Soap"
T004961,"Yogurt,Bananas,Cheese,Ice_Cream,Donuts"
T004962,"Apples,Cookies"
T004963,"Bananas,Milk,Bread,Detergent"
T004964,"Tea,Soap"
T004965,"Dish_Soap,Water,Chips,Yogurt,Beef,Tea,Nuts"
T004966,"Tomato_Sauce,Pasta,Croissants,Trash_Bags,Apples,Cookies,Muffins,Frozen_Vegetables"
T004967,"Fish,Coffee,Chips,Chocolate,Water"
T004968,"Chocolate,Oranges"
T004969,"Ice_Cream,Deodorant"
T004970,"Lettuce,Chocolate,Soda"
T004971,"Butter,Shampoo,Turkey,Chicken,Pork"
T004972,"Water,Ice_Cream,Milk,Bread,Yogurt,Cream"
T004973,"Paper_Towels,Water,Soda,Butter"
T004974,"Yogurt,Pork"
T004975,"Lettuce,Beef,Tomatoes,Croissants,Cookies,Fish,Frozen_Dinners,Yogurt"
T004976,"Dish_Soap,Pork,Apples,Croissants,Frozen_Pizza,Nuts"
T004977,"Bread,Peanut_Butter,Nuts,Oranges,Beef"
T004978,"Beef,Lettuce"
T004979,"Oranges,Bananas,Frozen_Dinners,Donuts,Frozen_Pizza,Tea,Dish_Soap,Bread"
T004980,"Beer,Chips,Chicken,Cookies,Soda,Dish_Soap,Bread,Soap,Deodorant,Ice_Cream"
T004981,"Ice_Cream,Whipped_Cream,Chocolate,Cookies"
T004982,"Juice,Fish,Tomatoes"
T004983,"Bagels,Tea,Frozen_Dinners,Lettuce,Beef,Detergent,Crackers"
T004984,"Hamburger_Buns,Tomatoes,Beef,Cream,Bagels,Fish,Frozen_Dinners"
T004985,"Croissants,Frozen_Vegetables,Butter,Pork"
T004986,"Shampoo,Crackers,Water,Tea,Cream,Detergent,Deodorant"
T004987,"Crackers,Frozen_Pizza,Tea"
T004988,"Apples,Cookies,Soap,Yogurt,Juice,Bagels"
T004989,"Dish_Soap,Detergent,Deodorant,Bananas,Frozen_Dinners"
T004990,"Milk,Beef,Yogurt,Muffins"
T004991,"Muffins,Tomatoes,Milk"
T004992,"Tomato_Sauce,Pasta,Coffee,Frozen_Pizza,Frozen_Dinners,Dish_Soap,Deodorant,Paper_Towels,Detergent"
T004993,"Deodorant,Dish_Soap,Paper_Towels,Butter"
T004994,"Juice,Turkey"
T004995,"Vegetables,Chicken,Water,Soda,Pork,Coffee,Cream,Soap"
T004996,"Fish,Chocolate,Bagels,Dish_Soap,Frozen_Dinners,Juice,Muffins,Toothpaste"
T004997,"Toothpaste,Deodorant,Tomatoes,Frozen_Pizza,Frozen_Vegetables"
T004998,"Beef,Hamburger_Buns,Tomatoes,Chips,Dish_Soap,Cream"
T004999,"Cream,Bagels,Butter"
T005000,"Crackers,Shampoo"
